Geisinger Bloomsburg Hospital: MEDICATIONS,
"Published: January 1, 2019",
,
MEDICATION, CHARGE 
ABATACEPT 250 MG IV SOLR,"$7,457.62 "
ACARBOSE 50 MG PO TABS,$9.12 
ACEBUTOLOL HCL 200 MG PO CAPS,$7.92 
ACETAMINOPHEN 120 MG PR SUPP,$6.70 
ACETAMINOPHEN 325 MG PO TABS,$6.70 
ACETAMINOPHEN 325 MG PO TABS,$6.70 
ACETAMINOPHEN 325 MG PR SUPP,$6.70 
ACETAMINOPHEN 650 MG PR SUPP,$6.70 
ACETAMINOPHEN 80 MG PO CHEW,$6.70 
ACETAMINOPHEN 80 MG PR SUPP,$6.71 
ACETATE ION INJ FOR TPN,$10.00 
ACETAZOLAMIDE 125 MG PO TABS,$14.88 
ACETAZOLAMIDE 250 MG PO TABS,$26.78 
ACETAZOLAMIDE 62.5 MG (1/2 X 125 MG) PO TABS,$8.41 
ACETAZOLAMIDE ER 500 MG PO CP12,$27.38 
ACETYLCHOLINE CHLORIDE 20 MG IO SOLR,$672.22 
ACYCLOVIR 200 MG PO CAPS,$11.02 
ACYCLOVIR 400 MG PO TABS,$13.13 
ACYCLOVIR 800 MG PO TABS,$23.70 
ADALIMUMAB 40 MG/0.8ML SUBQ PSKT,"$17,347.20 "
ADO-TRASTUZUMAB EMTANSINE 100 MG IV SOLR,"$30,035.10 "
ADO-TRASTUZUMAB EMTANSINE 160 MG IV SOLR,"$48,041.48 "
ALBENDAZOLE 200 MG PO TABS,"$1,573.22 "
ALBUMIN (URINE) TEST VI STRP,$6.70 
ALBUTEROL SULFATE 2 MG PO TABS,$36.79 
ALDESLEUKIN 22000000 UNITS IV SOLR,"$39,235.49 "
ALENDRONATE SODIUM 70 MG PO TABS,$229.38 
ALLOPURINOL 100 MG PO TABS,$6.70 
ALLOPURINOL 150 MG (1/2 X 300 MG) PO TABS,$6.70 
ALLOPURINOL 25 MG (1/4 X 100 MG) PO TABS,$6.70 
ALLOPURINOL 300 MG PO TABS,$6.70 
ALLOPURINOL 50 MG (1/2 X 100 MG) PO TABS,$6.70 
ALLOPURINOL 75 MG (1/4 X 300 MG) PO TABS,$6.70 
ALPRAZOLAM 0.125 MG (1/2 X 0.25 MG) PO TABS,$6.70 
ALPRAZOLAM 0.25 MG PO TABS,$6.70 
ALPRAZOLAM 0.5 MG PO TABS,$6.70 
ALPRAZOLAM 1 MG PO TABS,$7.28 
ALTEPLASE 100 MG IV SOLR,"$62,635.85 "
ALTEPLASE 2 MG IJ SOLR,"$1,101.66 "
ALTEPLASE 2 MG INJ SOLUTION,"$1,101.66 "
ALTEPLASE 50 MG IV SOLR,"$31,324.21 "
ALTEPLASE FOR PE WITHOUT CARDIAC ARREST,"$62,635.85 "
ALTEPLASE INJ BOLUS FOR CARDIAC ARREST WITH PE,"$31,324.21 "
ALTEPLASE INJ BOLUS FOR ISCHEMIC STROKE,"$62,635.85 "
ALTEPLASE IV SOLN FOR ISCHEMIC STROKE,"$62,635.85 "
ALUM SULFATE-CA ACETATE EX PACK,$8.67 
ALVIMOPAN 12 MG PO CAPS,"$1,121.79 "
AMANTADINE HCL 100 MG PO CAPS,$17.66 
AMIFOSTINE 500 MG IV SOLR,"$7,576.12 "
AMILORIDE HCL 2.5 MG (1/2 X 5 MG) PO TABS,$6.70 
AMILORIDE HCL 5 MG PO TABS,$9.60 
AMINOCAPROIC ACID 125 MG (1/4 X 500 MG) PO TABS,$6.90 
AMINOCAPROIC ACID 250 MG (1/2 X 500 MG) PO TABS,$11.84 
AMINOCAPROIC ACID 500 MG PO TABS,$21.73 
AMIODARONE 150 MG IN D5W 100 ML IVPB,$32.01 
AMIODARONE HCL 100 MG PO TABS,$46.01 
AMIODARONE HCL 200 MG PO TABS,$6.70 
AMIODARONE HCL 25 MG (1/4 X 100) PO TABS,$12.97 
AMIODARONE HCL 50 MG (1/2 X 100 MG) PO TABS,$23.98 
AMITRIPTYLINE HCL 10 MG PO TABS,$6.70 
AMITRIPTYLINE HCL 12.5 MG (1/2 X 25 MG) PO TABS,$6.70 
AMITRIPTYLINE HCL 2.5 MG (1/4 X 10 MG) PO TABS,$6.70 
AMITRIPTYLINE HCL 25 MG PO TABS,$6.70 
AMITRIPTYLINE HCL 5 MG (1/2 X 10 MG) PO TABS,$6.70 
AMITRIPTYLINE HCL 50 MG PO TABS,$8.86 
AMLODIPINE BESY-BENAZEPRIL HCL 2.5-10 MG PO CAPS,$51.64 
AMLODIPINE BESY-BENAZEPRIL HCL 5-10 MG PO CAPS,$18.00 
AMLODIPINE BESYLATE 1.25 MG (1/2 X 2.5 MG) PO TABS,$7.08 
AMLODIPINE BESYLATE 2.5 MG PO TABS,$12.20 
AMLODIPINE BESYLATE 5 MG PO TABS,$11.69 
AMMONIA AROMATIC IN INHA,$6.70 
AMOBARBITAL SODIUM 500 MG IJ SOLR,"$5,218.33 "
AMOXICILLIN 250 MG PO CAPS,$6.70 
AMOXICILLIN 500 MG PO CAPS,$6.70 
AMOXICILLIN-POT CLAVULANATE 250-125 MG PO TABS,$37.04 
AMOXICILLIN-POT CLAVULANATE 500-125 MG PO TABS,$24.40 
AMOXICILLIN-POT CLAVULANATE 875-125 MG PO TABS,$31.91 
AMPHETAMINE-DEXTROAMPHET ER 10 MG PO CP24,$38.31 
AMPHETAMINE-DEXTROAMPHET ER 20 MG PO CP24,$38.31 
AMPHETAMINE-DEXTROAMPHETAMINE 10 MG PO TABS,$47.71 
AMPHETAMINE-DEXTROAMPHETAMINE 2.5 MG (1/2 X 5 MG) PO TABS,$8.05 
AMPHETAMINE-DEXTROAMPHETAMINE 20 MG PO TABS,$12.11 
AMPHETAMINE-DEXTROAMPHETAMINE 5 MG PO TABS,$14.15 
AMPHOTERICIN B 50 MG IJ SOLR,$394.17 
AMPHOTERICIN B LIPOSOME 50 MG IV SUSR,"$2,494.79 "
AMPICILLIN SODIUM 1 G IV SOLR,$149.52 
AMPICILLIN SODIUM 2 G IJ SOLR,$152.72 
AMPICILLIN SODIUM 500 MG IJ SOLR,$47.53 
AMPICILLIN-SULBACTAM SODIUM 1.5 (1-0.5) G IJ SOLR,$88.82 
AMPICILLIN-SULBACTAM SODIUM 3 (2-1) G IJ SOLR,$89.94 
ANAGRELIDE HCL 0.5 MG PO CAPS,$68.15 
ANASTROZOLE 1 MG PO TABS,$73.09 
ANTI-THYMOCYTE GLOB (RABBIT) 25 MG IV SOLR,"$5,693.20 "
ANTIVENIN LATRODECTUS MACTANS IJ KIT,$209.67 
APIXABAN 2.5 MG PO TABS,$51.65 
APIXABAN 2.5 MG PO TABS,$51.65 
APIXABAN 5 MG PO TABS,$51.65 
APIXABAN 5 MG PO TABS,$51.65 
APRACLONIDINE HCL 1 % OP SOLN,$199.26 
APREPITANT 125 MG PO CAPS,"$2,434.42 "
APREPITANT 40 MG PO CAPS,$841.94 
AQUACEL EXTRA HYDROFIBER EX PADS,$54.22 
"AQUACEL-AG EXTRA HYDROFIBER 4""X5"" EX PADS",$114.71 
ARIPIPRAZOLE 10 MG PO TABS,$192.04 
ARIPIPRAZOLE 2 MG PO TABS,$192.36 
ARIPIPRAZOLE 2.5 MG (1/2 X 5 MG) PO TABS,$81.32 
ARIPIPRAZOLE 5 MG PO TABS,$192.04 
ARIPIPRAZOLE ER 300 MG IM SRER,"$11,574.64 "
ARIPIPRAZOLE ER 400 MG IM SRER,"$15,428.66 "
ASPARAGINASE ERWINIA CHRYSANTH 10000 UNITS IJ SOLR,"$39,331.14 "
ASPIRIN 162.5 MG (1/2 X 325 MG) PO TABS,$6.70 
ASPIRIN 20 MG (1/4 X 81 MG) PO CHEW,$6.70 
ASPIRIN 300 MG PR SUPP,$10.60 
ASPIRIN 325 MG PO TABS,$6.70 
ASPIRIN 40.5 MG (1/2 X 81 MG) PO CHEW,$6.70 
ASPIRIN 600 MG PR SUPP,$10.89 
ASPIRIN 81 MG PO CHEW,$6.70 
ASPIRIN EC 325 MG PO TBEC,$6.70 
ASPIRIN EC 81 MG PO TBEC,$6.70 
ASPIRIN-DIPYRIDAMOLE ER 25-200 MG PO CP12,$63.87 
ATAZANAVIR SULFATE 150 MG PO CAPS,$175.49 
ATAZANAVIR SULFATE 300 MG PO CAPS,$345.75 
ATENOLOL 12.5 MG ( 1/2 X 25 MG) PO TABS,$6.70 
ATENOLOL 25 MG PO TABS,$6.70 
ATENOLOL 50 MG PO TABS,$6.70 
ATENOLOL 6.25 MG (1/4 X 25 MG) PO TABS,$6.70 
ATORVASTATIN CALCIUM 10 MG PO TABS,$6.70 
ATORVASTATIN CALCIUM 20 MG PO TABS,$6.70 
ATORVASTATIN CALCIUM 40 MG PO TABS,$6.70 
ATORVASTATIN CALCIUM 5 MG (1/2 X 10 MG) PO TABS,$6.70 
ATORVASTATIN CALCIUM 80 MG PO TABS,$13.58 
ATOVAQUONE-PROGUANIL HCL 250-100 MG PO TABS,$49.84 
AZACITIDINE 10 MG/ML INJ,"$4,042.15 "
AZACITIDINE 100 MG IJ SUSR,"$4,042.15 "
AZATHIOPRINE 12.5 MG (1/4 X 50 MG) PO TABS,$6.70 
AZATHIOPRINE 25 MG (1/2 X 50 MG) PO TABS,$6.70 
AZATHIOPRINE 50 MG PO TABS,$9.72 
AZITHROMYCIN 125 MG (1/2 X 250 MG) PO TABS,$23.89 
AZITHROMYCIN 250 MG PO TABS,$19.30 
AZITHROMYCIN 500 MG IV SOLR,$87.13 
AZTREONAM 1 G IJ SOLR,$343.45 
B & B A-3 ATHLETIC SUPPORTER MISC,$32.49 
B & B A-3 ATHLETIC SUPPORTER MISC,$32.49 
B & B A-3 ATHLETIC SUPPORTER MISC,$32.49 
B & B A-3 ATHLETIC SUPPORTER MISC,$33.50 
B & B A-3 ATHLETIC SUPPORTER MISC,$33.50 
B & B S-10 SWIMMER SUPPORTER MISC,$29.70 
BACITRACIN 50000 UNITS IM SOLR,$77.79 
BACITRACIN 50000 UNITS IM SOLR,$123.89 
BACITRACIN-NEOMYCIN-POLYMYXIN 400-5-5000 EX OINT,$6.70 
BACITRACIN-POLYMYXIN B 500-10000 UNIT/GM EX OINT,$6.70 
BACLOFEN 10 MG PO TABS,$16.60 
BACLOFEN 2.5 MG (1/4 X 10 MG) PO TABS,$6.70 
BACLOFEN 5 MG (1/2 X 10 MG) PO TABS,$6.70 
BANZEL 200 MG PO TABS,$84.02 
BASILIXIMAB 20 MG IV SOLR,"$25,518.74 "
BCG LIVE 50 MG IS SUSR,"$1,130.19 "
BCG LIVE 81 MG/VIAL IS SUSR,"$1,738.64 "
B-COMPLEX/VITAMIN C PO TABS,$6.70 
BELATACEPT 250 MG IV SOLR,"$6,745.78 "
BELIMUMAB 120 MG IV SOLR,"$3,645.57 "
BELLADONNA ALKALOIDS-OPIUM 16.2-60 MG PR SUPP,$200.33 
BENAZEPRIL HCL 10 MG PO TABS,$7.60 
BENAZEPRIL HCL 2.5 MG (1/4 X 10 MG) PO TABS,$6.70 
BENAZEPRIL HCL 5 MG (1/2 X 10 MG) PO TABS,$6.70 
BENDAMUSTINE HCL 100 MG IV SOLR,"$29,873.31 "
BENDAMUSTINE HCL 25 MG IV SOLR,"$7,486.74 "
BENZOCAINE 20 % MT SOLN,$77.77 
BENZONATATE 100 MG PO CAPS,$16.79 
BENZTROPINE MESYLATE 0.125 MG (1/4 X 0.5 MG) PO TABS,$6.70 
BENZTROPINE MESYLATE 0.25 MG (1/2 X 0.5 MG) PO TABS,$6.70 
BENZTROPINE MESYLATE 0.5 MG PO TABS,$9.07 
BENZTROPINE MESYLATE 1 MG PO TABS,$6.70 
BETHANECHOL CHLORIDE 12.5 MG (1/2 X 25 MG) PO TABS,$9.87 
BETHANECHOL CHLORIDE 2.5 MG (1/2 X 5 MG) PO TABS,$6.70 
BETHANECHOL CHLORIDE 25 MG PO TABS,$17.78 
BETHANECHOL CHLORIDE 5 MG PO TABS,$7.29 
BICALUTAMIDE 50 MG PO TABS,$112.01 
BISACODYL 10 MG PR SUPP,$6.70 
BISACODYL 5 MG PO TBEC,$6.70 
BISOPROLOL 1.25 MG (1/4 X 5 MG) PO TAB,$6.70 
BISOPROLOL FUMARATE 2.5 MG (1/2 X 5 MG) PO TABS,$6.70 
BISOPROLOL FUMARATE 5 MG PO TABS,$10.27 
BISOPROLOL-HYDROCHLOROTHIAZIDE 10-6.25 MG PO TABS,$8.72 
BISOPROLOL-HYDROCHLOROTHIAZIDE 2.5-6.25 MG PO TABS,$8.72 
BISOPROLOL-HYDROCHLOROTHIAZIDE 5-6.25 MG PO TABS,$43.99 
BIVALIRUDIN TRIFLUOROACETATE 250 MG IV SOLR,"$3,627.43 "
BLEOMYCIN SULFATE 15 UNITS IJ SOLR,$371.07 
BORTEZOMIB IV 1 MG/ML INJ,"$16,125.08 "
BORTEZOMIB SUBCUTANEOUS 2.5 MG/ML INJ,"$16,125.08 "
BOSENTAN 125 MG PO TABS,"$1,292.44 "
BOSENTAN 62.5 MG PO TABS,"$1,292.44 "
BRENTUXIMAB VEDOTIN 50 MG IV SOLR,"$74,099.05 "
BROMOCRIPTINE MESYLATE 0.625 MG (1/4 X 2.5 MG) PO TABS,$7.53 
BROMOCRIPTINE MESYLATE 1.25 MG (1/2 X 2.5 MG) PO TABS,$13.10 
BROMOCRIPTINE MESYLATE 2.5 MG PO TABS,$24.22 
BUDESONIDE 180 MCG/ACT IN AEPB,"$1,635.07 "
BUDESONIDE 3 MG PO CPEP,$113.70 
BUMETANIDE 0.125 MG (1/4 X 0.5 MG) PO TABS,$6.70 
BUMETANIDE 0.25 MG (1/2 X 0.5 MG) PO TABS,$6.70 
BUMETANIDE 0.5 MG PO TABS,$7.86 
BUMETANIDE 1 MG PO TABS,$6.70 
BUPRENORPHINE 10 MCG/HR TD PTWK,$903.87 
BUPRENORPHINE 5 MCG/HR TD PTWK,$604.87 
BUPRENORPHINE HCL 1 MG (1/2 OF 2 MG) SL SUBL,$14.23 
BUPRENORPHINE HCL 2 MG SL SUBL,$26.50 
BUPRENORPHINE HCL 8 MG SL SUBL,$47.85 
BUPROPION HCL 100 MG PO TABS,$13.60 
BUPROPION HCL 25 MG (1/4 X 100 MG) PO TABS,$6.70 
BUPROPION HCL 37.5 MG (1/2 X 75 MG) PO TABS,$6.70 
BUPROPION HCL 50 MG (1/2 X 100 MG) PO TABS,$6.70 
BUPROPION HCL 75 MG PO TABS,$11.12 
BUPROPION HCL ER (SR) 100 MG PO TB12,$11.97 
BUPROPION HCL ER (SR) 150 MG PO TB12,$13.44 
BUPROPION HCL ER (XL) 150 MG PO TB24,$30.25 
BUPROPION HCL ER (XL) 300 MG PO TB24,$30.22 
BUSPIRONE HCL 1.25 (1/4 X 5 MG) PO TABS,$6.70 
BUSPIRONE HCL 10 MG PO TABS,$9.93 
BUSPIRONE HCL 15 MG PO TABS,$13.92 
BUSPIRONE HCL 2.5 MG (1/2 X 5 MG) PO TABS,$6.70 
BUSPIRONE HCL 5 MG PO TABS,$6.70 
BUSPIRONE HCL 7.5 MG PO TABS,$11.32 
BUSULFAN 2 MG PO TABS,$168.63 
BUTALBITAL-APAP-CAFFEINE 50-325-40 MG PO TABS,$11.96 
C1 ESTERASE INHIBITOR (HUMAN) 500 UNITS IV KIT,"$20,044.04 "
CABERGOLINE 0.25 MG (1/2 X 0.5 MG) PO TABS,$110.65 
CABERGOLINE 0.5 MG PO TABS,$207.21 
CAFFEINE 100 MG (1/2 X 200 MG) PO TABS,$6.70 
CAFFEINE 200 MG PO TABS,$6.70 
CALCITRIOL 0.25 MCG PO CAPS,$9.13 
CALCIUM ACETATE (PHOS BINDER) 667 MG PO CAPS,$6.70 
CALCIUM ACETATE 667 MG PO CAPS,$8.04 
CALCIUM CARBONATE 1250 (500 CA) MG PO TABS,$6.70 
CALCIUM CARBONATE ANTACID 187.5 MG (1/4 X 750 MG) PO TABS,$6.70 
CALCIUM CARBONATE ANTACID 375 MG (1/2 X 750 MG) PO CHEW,$6.70 
CALCIUM CARBONATE ANTACID 500 MG PO CHEW,$6.70 
CALCIUM CARBONATE ANTACID 750 MG PO CHEW,$6.70 
CALCIUM CARBONATE-VITAMIN D 500-200 MG-UNIT PO TABS,$6.70 
CALCIUM ION INJ FOR TPN,$10.00 
CALMOL-4 76-10 % PR SUPP,$6.70 
CANAGLIFLOZIN 100 MG PO TABS,$112.15 
CANAGLIFLOZIN 300 MG PO TABS,$112.15 
CANDESARTAN CILEXETIL 16 MG PO TABS,$20.07 
CANDESARTAN CILEXETIL 32 MG PO TABS,$26.66 
CANDESARTAN CILEXETIL 8 MG PO TABS,$20.07 
CAPTOPRIL 12.5 MG PO TABS,$12.13 
CAPTOPRIL 25 MG PO TABS,$13.00 
CAPTOPRIL 3.125 MG (1/4 X 12.5 MG)PO TABS,$6.70 
CAPTOPRIL 50 MG PO TABS,$13.99 
CAPTOPRIL 6.25 MG (1/2 X 12.5 MG) PO TABS,$6.70 
CARBAMAZEPINE 100 MG (1/2 X 200 MG) PO TABS,$6.70 
CARBAMAZEPINE 100 MG PO CHEW,$6.70 
CARBAMAZEPINE 200 MG PO TABS,$8.59 
CARBAMAZEPINE 25 MG (1/4 X 100 MG) PO CHEW,$6.70 
CARBAMAZEPINE 50 MG (1/2 X 100 MG) PO CHEW,$6.70 
CARBAMAZEPINE 50 MG (1/4 X 200 MG) PO TABS,$6.70 
CARBAMAZEPINE ER 100 MG PO CP12,$12.55 
CARBAMAZEPINE ER 200 MG PO CP12,$12.55 
CARBIDOPA-LEVODOPA 10-100 MG PO TABS,$9.14 
CARBIDOPA-LEVODOPA 12.5-125 MG ( 1/2 X 25-250 MG) PO TABS,$6.70 
CARBIDOPA-LEVODOPA 12.5-50 MG (1/2 X 25-100 MG) PO TABS,$6.70 
CARBIDOPA-LEVODOPA 2.5-25 MG (1/4 X 10-100 MG) PO TABS,$6.70 
CARBIDOPA-LEVODOPA 25-100 MG PO TABS,$7.12 
CARBIDOPA-LEVODOPA 25-100 MG PO TABS,$9.46 
CARBIDOPA-LEVODOPA 25-250 MG PO TABS,$7.03 
CARBIDOPA-LEVODOPA 25-250 MG PO TABS,$11.53 
CARBIDOPA-LEVODOPA 5-50 MG (1/2 X 10-100 MG) PO TABS,$6.70 
CARBIDOPA-LEVODOPA 6.25-25 MG (1/4 X 25-100) PO TABS,$6.70 
CARBIDOPA-LEVODOPA 6.25-62.5 MG (1/4 X 25-250 MG) PO TAB,$6.70 
CARBIDOPA-LEVODOPA ER 25-100 MG PO TBCR,$6.90 
CARBOXYMETHYLCELL-GLYCERIN PF 0.5-0.9 % OP SOLN,$6.70 
CARBOXYMETHYLCELL-GLYCERIN PF 0.5-0.9 % OP SOLN,$6.70 
CARFILZOMIB (KYPROLIS) 2MG/ML INJ VIAL,"$22,664.15 "
CARFILZOMIB (KYPROLIS) 2MG/ML INJ VIAL,"$22,664.15 "
CARFILZOMIB 60 MG IV SOLR,"$22,664.15 "
CARISOPRODOL 175 MG (1/2 X 350 MG) PO TABS,$6.70 
CARISOPRODOL 350 MG PO TABS,$6.70 
CARISOPRODOL 87.5 MG (1/4 X 350MG) PO TAB,$6.70 
CARMUSTINE 100 MG IV SOLR,"$38,731.11 "
CARMUSTINE IN POLIFEPROSAN 7.7 MG IL WAFR,"$27,119.45 "
CARVEDILOL 1.5625 (1/2 X 3.125 MG) PO TABS,$8.18 
CARVEDILOL 12.5 MG PO TABS,$14.62 
CARVEDILOL 25 MG PO TABS,$14.62 
CARVEDILOL 3.125 MG PO TABS,$14.41 
CARVEDILOL 6.25 MG PO TABS,$14.62 
CARVEDILOL 6.25 MG PO TABS,$36.09 
CASPOFUNGIN ACETATE 50 MG IV SOLR,"$3,397.33 "
CASPOFUNGIN ACETATE 70 MG IV SOLR,"$3,527.90 "
CEFAZOLIN 1 GM IN NSS IVPB ADS,$70.14 
CEFAZOLIN 3 GM IVPB ADS,$80.99 
CEFAZOLIN SODIUM 1 G IJ SOLR,$23.55 
CEFAZOLIN SODIUM 1 G IJ SOLR,$75.28 
CEFAZOLIN SODIUM 10 G IJ SOLR,$213.38 
CEFAZOLIN SODIUM 500 MG IJ SOLR,$41.80 
CEFAZOLIN SODIUM-DEXTROSE 2-3 GM-%(50ML) IV SOLR,$106.70 
CEFDINIR 300 MG PO CAPS,$32.28 
CEFEPIME HCL 1 G IJ SOLR,$72.76 
CEFEPIME HCL 1 G IJ SOLR,$182.70 
CEFEPIME HCL 2 G IJ SOLR,$112.94 
CEFOTAXIME SODIUM 1 G IJ SOLR,$28.16 
CEFOTETAN DISODIUM 1 G IJ SOLR,$205.65 
CEFOTETAN DISODIUM 2 G IJ SOLR,$398.89 
CEFOXITIN SODIUM 1 G IV SOLR,$44.74 
CEFOXITIN SODIUM 2 G IV SOLR,$140.56 
CEFPROZIL 250 MG PO TABS,$27.92 
CEFTAROLINE FOSAMIL 600 MG IV SOLR,"$1,774.75 "
CEFTAZIDIME 1 G IJ SOLR,$100.08 
CEFTAZIDIME 2 G IJ SOLR,$107.02 
CEFTAZIDIME-AVIBACTAM 2.5 (2-0.5) G IV SOLR,"$3,303.75 "
CEFTRIAXONE SODIUM 1 G IJ SOLR,$36.61 
CEFTRIAXONE SODIUM 1 G IJ SOLR,$397.52 
CEFTRIAXONE SODIUM 1 G IJ SOLR,$397.52 
CEFTRIAXONE SODIUM 2 G IJ SOLR,$41.13 
CEFTRIAXONE SODIUM 250 MG IJ SOLR,$17.84 
CEFTRIAXONE SODIUM 500 MG IJ SOLR,$25.31 
CEFUROXIME AXETIL 250 MG PO TABS,$119.11 
CELECOXIB 100 MG PO CAPS,$27.84 
CELECOXIB 200 MG PO CAPS,$46.86 
CEPHALEXIN 250 MG PO CAPS,$6.70 
CEPHALEXIN 500 MG PO CAPS,$10.11 
CEROVITE JR 60 MG PO CHEW,$6.70 
CERTOLIZUMAB PEGOL 2 X 200 MG SUBQ KIT,"$28,791.86 "
CERTOLIZUMAB PEGOL 2 X 200 MG/ML SUBQ KIT,"$28,791.86 "
CETIRIZINE HCL 10 MG PO TABS,$15.27 
CETIRIZINE HCL 5 MG PO TABS,$16.74 
CHILDRENS CHEWABLE VITAMINS PO CHEW,$6.70 
CHLORAMBUCIL 2 MG PO TABS,$175.06 
CHLORDIAZEPOXIDE HCL 25 MG PO CAPS,$6.70 
CHLORDIAZEPOXIDE HCL 5 MG PO CAPS,$6.70 
CHLOROQUINE PHOSPHATE 500 MG PO TABS,$73.44 
CHLOROTHIAZIDE 125 MG (1/2 X 250) PO TABS,$6.70 
CHLOROTHIAZIDE 250 MG PO TABS,$6.70 
CHLOROTHIAZIDE SODIUM 500 MG IV SOLR,$439.46 
CHLORPHENIRAMINE MALEATE 4 MG PO TABS,$6.70 
CHLORPROMAZINE HCL 10 MG PO TABS,$27.45 
CHLORPROMAZINE HCL 100 MG PO TABS,$90.23 
CHLORPROMAZINE HCL 12.5 MG (1/2 X 25 MG) PO TABS,$6.70 
CHLORPROMAZINE HCL 25 MG PO TABS,$38.38 
CHLORPROMAZINE HCL 5 MG (1/2 X 10 MG) PO TABS,$6.70 
CHLORPROPAMIDE 100 MG PO TABS,$9.08 
CHLORPROPAMIDE 125 MG (1/2 X 250 MG) PO TABS,$9.48 
CHLORPROPAMIDE 250 MG PO TABS,$17.01 
CHLORTHALIDONE 12.5 MG (1/2 X 25 MG) PO TABS,$6.70 
CHLORTHALIDONE 25 MG PO TABS,$9.11 
CHOLESTYRAMINE LIGHT 4 G PO PACK,$32.27 
CHORIONIC GONADOTROPIN 10000 UNITS IM SOLR,$734.72 
CILOSTAZOL 100 MG PO TABS,$12.77 
CILOSTAZOL 25 MG (1/2 X 50 MG) PO TABS,$73.04 
CINACALCET HCL 15 MG (1/2 X 30 MG) PO TABS,$57.21 
CINACALCET HCL 30 MG PO TABS,$193.30 
CINACALCET HCL 7.5 MG (1/4 X 30 MG) PO TABS,$29.58 
CIPROFLOXACIN HCL 125 MG (1/2 X 250 MG) PO TABS,$15.57 
CIPROFLOXACIN HCL 250 MG PO TABS,$29.19 
CIPROFLOXACIN HCL 500 MG PO TABS,$38.58 
CIPROFLOXACIN HCL 62.5 MG (1/4 X 250 MG) PO TABS,$8.76 
CIPROFLOXACIN HCL 750 MG PO TABS,$47.37 
CITALOPRAM HYDROBROMIDE 10 MG PO TABS,$16.34 
CITALOPRAM HYDROBROMIDE 10 MG PO TABS,$16.45 
CITALOPRAM HYDROBROMIDE 20 MG PO TABS,$17.91 
CITALOPRAM HYDROBROMIDE 5 MG (1/2 X 10MG) PO TABS,$9.15 
CLARITHROMYCIN 250 MG PO TABS,$37.62 
CLARITHROMYCIN 500 MG PO TABS,$71.26 
CLINDAMYCIN HCL 150 MG PO CAPS,$6.70 
CLOBAZAM 10 MG PO TABS,$132.21 
CLOBAZAM 5 MG (1/2 X 10MG) ORAL TAB,$39.73 
CLOMIPRAMINE HCL 25 MG PO CAPS,$68.62 
CLONAZEPAM 0.125 MG (1/4 X 0.5 MG) PO TABS,$6.70 
CLONAZEPAM 0.25 MG (1/2 X 0.5 MG) PO TABS,$6.70 
CLONAZEPAM 0.5 MG PO TABS,$6.70 
CLONAZEPAM 1 MG PO TABS,$6.70 
CLONIDINE 0.1 MG/24HR TD PTWK,$198.37 
CLONIDINE 0.2 MG/24HR TD PTWK,$332.64 
CLONIDINE 0.3 MG/24HR TD PTWK,$460.70 
CLONIDINE HCL 0.025 MG (1/4 X 0.1 MG) PO TABS,$6.70 
CLONIDINE HCL 0.05 MG (1/2 X 0.1 MG) PO TABS,$6.70 
CLONIDINE HCL 0.1 MG PO TABS,$6.70 
CLONIDINE HCL 0.2 MG PO TABS,$6.70 
CLOPIDOGREL BISULFATE 18.75 MG (1/4 X 75 MG) PO TABS,$6.70 
CLOPIDOGREL BISULFATE 37.5 MG (1/2 X 75 MG) PO TABS,$6.70 
CLOPIDOGREL BISULFATE 75 MG PO TABS,$6.70 
CLORAZEPATE DIPOTASSIUM 1.875 MG (1/2 X 3.75 MG) PO TABS,$6.70 
CLORAZEPATE DIPOTASSIUM 3.75 MG PO TABS,$9.57 
CLORAZEPATE DIPOTASSIUM 7.5 MG PO TABS,$18.81 
CLOTRIMAZOLE 10 MG MT TROC,$11.49 
CLOZAPINE 100 MG PO TABS,$22.28 
CLOZAPINE 12.5 MG (1/2 X 25 MG) PO TABS,$6.70 
CLOZAPINE 25 MG PO TABS,$9.80 
COENZYME Q-10 100 MG PO CAPS,$6.70 
COLCHICINE 0.3 MG (1/2 X 0.6 MG) PO TABS,$19.38 
COLCHICINE 0.6 MG PO TABS,$41.89 
COLESEVELAM HCL 625 MG PO TABS,$26.64 
COLISTIMETHATE 75 MG/ML ORAL SOLN,$211.75 
COLISTIMETHATE SODIUM (CBA) 150 MG IJ SOLR,$211.69 
COLLAGENASE CLOSTRID HISTOLYT 0.9 MG IJ SOLR,"$29,349.34 "
CONSULT PHARMACY MED BRIEF,$23.05 
CONSULT PHARMACY MED COMPREHENSIVE,$92.20 
CONSULT PHARMACY MED INTERMEDIATE,$46.10 
COPPER GLUCONATE 2 MG PO CAPS,$6.70 
CORTICORELIN OVINE TRIFLUTATE 100 MCG IV SOLR,"$6,308.62 "
CORTISONE ACETATE 12.5 MG (1/2 X 25 MG) PO TABS,$11.22 
CORTISONE ACETATE 25 MG PO TABS,$20.48 
COSYNTROPIN 0.25 MG IJ SOLR,$770.92 
CROTALIDAE POLYVAL IMMUNE FAB IV SOLR,"$22,769.47 "
CULTURELLE PO CAPS,$6.70 
CYCLOBENZAPRINE HCL 10 MG PO TABS,$7.70 
CYCLOBENZAPRINE HCL 2.5 MG (1/2 X 5 MG) PO TABS,$6.82 
CYCLOBENZAPRINE HCL 5 MG PO TABS,$6.70 
CYCLOPHOSPHAMIDE 2 G IJ SOLR,"$13,819.40 "
CYCLOPHOSPHAMIDE 25 MG PO CAPS,$57.47 
CYCLOPHOSPHAMIDE 50 MG PO CAPS,$103.83 
CYCLOSPORINE 0.05 % OP EMUL,$62.35 
CYCLOSPORINE 25 MG PO CAPS,$27.05 
CYCLOSPORINE MODIFIED 100 MG PO CAPS,$34.54 
CYCLOSPORINE MODIFIED 25 MG PO CAPS,$10.10 
CYPROHEPTADINE HCL 1 MG (1/4 X 4 MG) PO TABS,$6.70 
CYPROHEPTADINE HCL 2 MG (1/2 X 4 MG) PO TABS,$6.90 
CYPROHEPTADINE HCL 4 MG PO TABS,$8.28 
DABIGATRAN ETEXILATE MESYLATE 150 MG PO CAPS,$49.46 
DABIGATRAN ETEXILATE MESYLATE 75 MG PO CAPS,$49.46 
DACARBAZINE 100 MG IV SOLR,$119.47 
DACARBAZINE 200 MG IV SOLR,$145.08 
DACTINOMYCIN 0.5 MG IV SOLR,"$6,268.24 "
DANAZOL 100 MG PO CAPS,$34.23 
DANTROLENE 0.33 MG/ML IN STERILE WATER INJ DIL,$643.26 
DANTROLENE SODIUM 20 MG IV SOLR,$510.62 
DANTROLENE SODIUM 25 MG PO CAPS,$9.56 
DANTROLENE SODIUM 250 MG IV SUSR,"$17,031.60 "
DAPSONE 25 MG PO TABS,$18.19 
DAPTOMYCIN 500 MG IV SOLR,"$4,487.02 "
DAPTOMYCIN 500 MG IV SOLR (PIGGYBACK COMPONENT),"$4,487.02 "
DARUNAVIR ETHANOLATE 600 MG PO TABS,$189.42 
DARUNAVIR ETHANOLATE 800 MG PO TABS,$376.88 
DECITABINE 50 MG IV SOLR,"$9,566.35 "
DEFEROXAMINE MESYLATE (213 MG/ML) IM DILUTION,$79.47 
DEFEROXAMINE MESYLATE 500 MG IJ SOLR,$79.47 
DEGARELIX ACETATE 80 MG SUBQ SOLR,"$3,488.31 "
DEKAS PLUS PO CHEW,$6.70 
DEMECLOCYCLINE HCL 150 MG PO TABS,$65.00 
DESMOPRESSIN ACETATE 0.025 MG (1/4 X 0.1 MG) PO TABS,$6.70 
DESMOPRESSIN ACETATE 0.05 MG (1/2 X 0.1 MG) PO TABS,$10.91 
DESMOPRESSIN ACETATE 0.1 MG PO TABS,$33.30 
DESMOPRESSIN ACETATE 0.2 MG PO TABS,$47.11 
DESVENLAFAXINE SUCCINATE ER 50 MG PO TB24,$92.50 
DEXAMETHASONE 0.125 MG (1/4 X .5 MG) PO TAB,$6.70 
DEXAMETHASONE 0.25 MG (1/2 X 0.5 MG) PO TABS,$6.70 
DEXAMETHASONE 0.375 MG (1/2 X 0.75 MG) PO TABS,$6.70 
DEXAMETHASONE 0.5 MG PO TABS,$6.70 
DEXAMETHASONE 0.75 MG PO TABS,$6.70 
DEXAMETHASONE 1.5 MG PO TABS,$6.70 
DEXAMETHASONE 2 MG PO TABS,$6.70 
DEXAMETHASONE 4 MG PO TABS,$9.00 
DEXMETHYLPHENIDATE HCL 2.5 MG (1/2 X 5 MG) PO TABS,$6.70 
DEXMETHYLPHENIDATE HCL 5 MG PO TABS,$8.37 
DEXRAZOXANE 250 MG IV SOLR,"$1,964.12 "
DEXRAZOXANE 500 MG IV SOLR,"$3,915.69 "
DEXTROAMPHETAMINE SULFATE 5 MG PO TABS,$19.15 
DIAZEPAM 0.5 MG (1/4 X 2 MG) PO TABS,$6.70 
DIAZEPAM 1 MG (1/2 X 2 MG) PO TABS,$6.70 
DIAZEPAM 2 MG PO TABS,$6.70 
DIAZEPAM 2.5 MG (1/2 X 5 MG) PO TABS,$6.70 
DIAZEPAM 5 MG PO TABS,$6.70 
DICLOFENAC SODIUM 25 MG PO TBEC,$10.38 
DICLOFENAC SODIUM 50 MG PO TBEC,$7.56 
DICLOFENAC SODIUM 75 MG PO TBEC,$12.47 
DICLOXACILLIN SODIUM 250 MG PO CAPS,$6.70 
DICYCLOMINE HCL 10 MG PO CAPS,$6.70 
DIGOXIN 0.0625 MG (1/2 X 0.125 MG) PO TABS,$6.70 
DIGOXIN 125 MCG PO TABS,$10.38 
DIGOXIN IMMUNE FAB 40 MG IV SOLR,"$25,274.30 "
DILTIAZEM DRIP KIT,$126.18 
DILTIAZEM HCL 15 MG (1/2 X 30 MG) PO TABS,$6.70 
DILTIAZEM HCL 30 MG PO TABS,$6.70 
DILTIAZEM HCL 7.5 MG (1/4 X 30 MG) PO TABS,$6.70 
DILTIAZEM HCL ER COATED BEADS 120 MG PO CP24,$7.46 
DILTIAZEM HCL ER COATED BEADS 180 MG PO CP24,$12.67 
DILTIAZEM HCL ER COATED BEADS 240 MG PO CP24,$6.70 
DIMENHYDRINATE 25 MG (1/2 X 50 MG) PO TAB,$6.70 
DIMENHYDRINATE 50 MG PO TABS,$6.70 
DINOPROSTONE 10 MG VA INST,"$2,670.21 "
DINOPROSTONE 20 MG VA SUPP,"$15,715.29 "
DIPHENHYDRAMINE HCL 25 MG PO CAPS,$6.70 
DIPHENHYDRAMINE HCL 25 MG PO TABS,$6.70 
DIPHENOXYLATE-ATROPINE 1.25-0.0125 (1/2 X 2.5-0.025) MG PO TABS,$6.70 
DIPHENOXYLATE-ATROPINE 2.5-0.025 MG PO TABS,$7.14 
DIPYRIDAMOLE 25 MG PO TABS,$11.08 
DIPYRIDAMOLE 75 MG PO TABS,$6.82 
DIVALPROEX SODIUM 125 MG PO CSDR,$14.74 
DIVALPROEX SODIUM 125 MG PO TBEC,$7.21 
DIVALPROEX SODIUM 250 MG PO TBEC,$12.40 
DIVALPROEX SODIUM 500 MG PO TBEC,$23.30 
DIVALPROEX SODIUM 62.5 MG (1/2 X 125MG) PO PACKET,$6.70 
DIVALPROEX SODIUM ER 250 MG PO TB24,$16.51 
DIVALPROEX SODIUM ER 500 MG PO TB24,$41.66 
DOCUSATE SODIUM 100 MG PO CAPS,$6.70 
DOFETILIDE 125 MCG PO CAPS,$75.91 
DOFETILIDE 250 MCG PO CAPS,$75.91 
DONEPEZIL HCL 10 MG PO TABS,$39.72 
DONEPEZIL HCL 5 MG PO TABS,$48.10 
DOXAZOSIN MESYLATE 0.5 MG (1/2 X 1 MG) PO TABS,$6.70 
DOXAZOSIN MESYLATE 1 MG PO TABS,$24.28 
DOXAZOSIN MESYLATE 2 MG PO TABS,$7.43 
DOXAZOSIN MESYLATE 4 MG PO TABS,$36.73 
DOXEPIN HCL 25 MG PO CAPS,$6.95 
DOXORUBICIN HCL 50 MG IV SOLR,$376.09 
DOXORUBICIN HCL 50 MG IV SOLR,"$2,473.45 "
DOXYCYCLINE HYCLATE 100 MG IV SOLR,$184.42 
DOXYCYCLINE HYCLATE 100 MG PO TABS,$34.75 
DOXYCYCLINE HYCLATE 50 MG (1/2 X 100 MG) PO TABS,$18.35 
DOXYLAMINE SUCCINATE (SLEEP) 12.5 MG (1/2 X 25 MG) PO TABS,$6.70 
DOXYLAMINE SUCCINATE (SLEEP) 25 MG PO TABS,$6.70 
DRONABINOL 2.5 MG PO CAPS,$79.64 
DRONABINOL 5 MG PO CAPS,$74.68 
DRONEDARONE HCL 200 MG (1/2 X 400 MG) PO TABS,$52.68 
DRONEDARONE HCL 400 MG PO TABS,$76.75 
DRONEDARONE HCL 400 MG PO TABS,$76.75 
DTAP-IPV-HIB VACCINE IM SUSR,$666.88 
DULOXETINE HCL 20 MG PO CPEP,$12.62 
DULOXETINE HCL 30 MG PO CPEP,$37.09 
DULOXETINE HCL 60 MG PO CPEP,$37.09 
DUODERM CGF DRESSING EX MISC,$67.62 
DUTASTERIDE 0.5 MG PO CAPS,$37.83 
EFAVIRENZ 200 MG PO CAPS,$79.48 
EFAVIRENZ 600 MG PO TABS,$234.55 
EFAVIRENZ-EMTRICITAB-TENOFOVIR 600-200-300 MG PO TABS,$648.10 
EMPAGLIFLOZIN 10 MG PO TABS,$112.24 
EMPAGLIFLOZIN 25 MG PO TABS,$112.24 
EMTRICITABINE 200 MG PO CAPS,$156.71 
EMTRICITABINE-TENOFOVIR DF 200-300 MG PO TABS,$394.69 
ENALAPRIL MALEATE 1.25 MG (1/2 X 2.5 MG) PO TABS,$6.70 
ENALAPRIL MALEATE 10 MG PO TABS,$13.48 
ENALAPRIL MALEATE 2.5 MG PO TABS,$10.59 
ENALAPRIL MALEATE 5 MG PO TABS,$9.29 
ENTACAPONE 100 MG (1/2 X 200 MG) PO TABS,$15.41 
ENTACAPONE 200 MG PO TABS,$28.87 
EPIPEN 2-PAK 0.3 MG/0.3ML IJ SOAJ,"$2,177.93 "
EPIPEN JR 2-PAK 0.15 MG/0.3ML IJ SOAJ,"$2,167.38 "
EPIRUBICIN HCL 50 MG IV SOLR,$411.66 
EPLERENONE 25 MG PO TABS,$83.08 
EPLERENONE 50 MG PO TABS,$26.65 
EPOPROSTENOL SODIUM 1.5 MG IV SOLR,$345.83 
ERTAPENEM SODIUM 1 G IJ SOLR,"$1,188.35 "
ERTAPENEM SODIUM 1 G IJ SOLR,"$1,304.76 "
ERTAPENEM SODIUM 1 G IV SOLR,"$1,369.24 "
ERYTHROMYCIN LACTOBIONATE 500 MG IV SOLR,$759.81 
ERYTHROMYCIN STEARATE 250 MG PO TABS,$79.79 
ESCITALOPRAM OXALATE 10 MG PO TABS,$27.57 
ESCITALOPRAM OXALATE 2.5 MG (1/2 X 5 MG) PO TAB,$14.22 
ESCITALOPRAM OXALATE 20 MG PO TABS,$32.67 
ESCITALOPRAM OXALATE 5 MG PO TABS,$26.49 
ESOMEPRAZOLE SODIUM 40 MG IV SOLR,$260.85 
ESTRADIOL 0.05 MG/24HR TD PTWK,$225.27 
ESTRADIOL 0.1 MG/24HR TD PTWK,$225.27 
ESTRADIOL 0.25 MG (1/4 X 1 MG) PO TABS,$6.70 
ESTRADIOL 0.5 MG (1/2 X 1 MG) PO TABS,$6.70 
ESTRADIOL 1 MG PO TABS,$6.70 
ESTROGENS CONJUGATED 0.15 MG (1/2 X 0.3 MG) PO TABS,$12.72 
ESTROGENS CONJUGATED 0.3 MG PO TABS,$40.06 
ESTROGENS CONJUGATED 0.45 MG PO TABS,$40.06 
ESTROGENS CONJUGATED 0.625 MG PO TABS,$40.06 
ESTROGENS CONJUGATED 0.9 MG PO TABS,$40.06 
ESTROGENS CONJUGATED 1.25 MG PO TABS,$40.06 
ESTROGENS CONJUGATED 25 MG IJ SOLR,"$2,124.53 "
ESZOPICLONE 3 MG PO TABS,$113.53 
ETHACRYNATE SODIUM 50 MG IV SOLR,"$27,053.30 "
ETHACRYNIC ACID 25 MG PO TABS,$175.89 
ETHAMBUTOL HCL 400 MG PO TABS,$7.50 
ETHOSUXIMIDE 250 MG PO CAPS,$15.18 
ETIDRONATE DISODIUM 100 MG (1/2 X 200 MG) PO TABS,$14.79 
ETIDRONATE DISODIUM 200 MG PO TABS,$27.57 
ETIDRONATE DISODIUM 400 MG PO TABS,$53.19 
ETODOLAC 200 MG PO CAPS,$10.47 
ETOPOSIDE 50 MG PO CAPS,$597.55 
ETOPOSIDE PHOSPHATE 100 MG IV SOLR,"$1,440.17 "
ETRAVIRINE 100 MG PO TABS,$77.21 
EVEROLIMUS 0.25 MG PO TABS,$62.09 
EVEROLIMUS 0.5 MG PO TABS,$122.23 
EVEROLIMUS 0.75 MG PO TABS,$182.38 
EZETIMIBE 10 MG PO TABS,$83.78 
EZETIMIBE 5 MG (1/2 X 10 MG) PO TABS,$32.79 
FAMCICLOVIR 250 MG (1/2 X 500 MG) PO TABS,$39.59 
FAMCICLOVIR 500 MG PO TABS,$77.22 
FAMOTIDINE 10 MG PO TABS,$6.70 
FAMOTIDINE 20 MG PO TABS,$12.27 
FAMOTIDINE 5 MG (1/4 X 20 MG) PO TABS,$6.70 
FEBUXOSTAT 40 MG PO TABS,$77.95 
FEBUXOSTAT 80 MG PO TABS,$77.95 
FELBAMATE 200 MG (1/2 X 400 MG) PO TABS,$17.58 
FELBAMATE 400 MG PO TABS,$32.90 
FELBAMATE 600 MG PO TABS,$37.43 
FELODIPINE ER 2.5 MG PO TB24,$10.91 
FELODIPINE ER 5 MG PO TB24,$10.91 
FENOFIBRATE 160 MG PO TABS,$44.23 
FENOFIBRATE 54 MG PO TABS,$6.70 
FENOFIBRATE 80 MG (1/2 X 160 MG) PO TABS,$23.09 
FENTANYL 100 MCG/HR TD PT72,$318.70 
FENTANYL 12 (12.5) MCG/HR TD PT72,$122.34 
FENTANYL 25 MCG/HR TD PT72,$128.06 
FENTANYL 50 MCG/HR TD PT72,$158.41 
FENTANYL 75 MCG/HR TD PT72,$277.65 
FENTANYL CITRATE 100 MCG BU TABS,$352.00 
FENTANYL CITRATE 200 MCG BU LPOP,$113.46 
FENTANYL CITRATE 200 MCG BU TABS,$444.23 
FENTANYL CITRATE 600 MCG BU LPOP,$174.99 
FENTANYL CITRATE 800 MCG BU LPOP,$206.97 
FERROUS SULFATE 325 (65 FE) MG PO TABS,$6.70 
FERROUS SULFATE 325 (65 FE) MG PO TABS,$6.70 
FERROUS SULFATE 325 (65 FE) MG PO TABS,$6.70 
FIBRIN SEALANT PATCH 2X4 (EVARREST),"$7,117.95 "
FIDAXOMICIN 200 MG PO TABS,"$1,311.86 "
FINASTERIDE 2.5 MG (1/2 X 5 MG) PO TABS,$11.83 
FINASTERIDE 5 MG PO TABS,$21.70 
FLECAINIDE ACETATE 100 MG PO TABS,$25.76 
FLECAINIDE ACETATE 25 MG (1/2 X 50 MG) PO TABS,$7.94 
FLECAINIDE ACETATE 50 MG PO TABS,$13.93 
FLOXURIDINE 0.5 G IJ SOLR,"$1,219.79 "
FLUCONAZOLE 100 MG PO TABS,$54.15 
FLUCONAZOLE 200 MG PO TABS,$98.88 
FLUCONAZOLE 25 MG (1/2 X 50 MG) PO TABS,$18.50 
FLUCONAZOLE 50 MG PO TABS,$35.17 
FLUCYTOSINE 250 MG PO CAPS,$139.29 
FLUDARABINE PHOSPHATE 50 MG IV SOLR,$973.71 
FLUDROCORTISONE ACETATE 0.025 MG (1/4 X 0.1 MG) PO TABS,$6.70 
FLUDROCORTISONE ACETATE 0.05 MG (1/2 X 0.1 MG) PO TABS,$6.70 
FLUDROCORTISONE ACETATE 0.1 MG PO TABS,$6.70 
FLUORESCEIN SODIUM 0.6 MG OP STRP,$6.70 
FLUORESCEIN SODIUM 1 MG OP STRP,$6.70 
FLUOXETINE HCL 10 MG PO CAPS,$17.36 
FLUOXETINE HCL 20 MG PO CAPS,$16.68 
FLUPHENAZINE HCL 1 MG PO TABS,$6.70 
FLUPHENAZINE HCL 2.5 MG PO TABS,$6.70 
FLUPHENAZINE HCL 5 MG PO TABS,$9.96 
FLUTICASONE FUROATE 100 MCG/ACT IN AEPB,$41.92 
FLUTICASONE FUROATE 200 MCG/ACT IN AEPB,$55.46 
FLUTICASONE FUROATE-VILANTEROL 100-25 MCG/INH IN AEPB,$29.47 
FLUTICASONE FUROATE-VILANTEROL 200-25 MCG/INH IN AEPB,$35.34 
FLUTICASONE-SALMETEROL 100-50 MCG/DOSE IN AEPB,$79.08 
FLUTICASONE-SALMETEROL 250-50 MCG/DOSE IN AEPB,$79.08 
FLUTICASONE-SALMETEROL 500-50 MCG/DOSE IN AEPB,$127.65 
FLUTTER DEVI,$277.34 
FLUVASTATIN SODIUM 20 MG PO CAPS,$38.18 
FLUVOXAMINE MALEATE 25 MG (1/2 X 50 MG) PO TABS,$9.58 
FLUVOXAMINE MALEATE 50 MG PO TABS,$17.21 
FOLIC ACID 0.25 MG (1/4 X 1 MG) PO TABS,$6.70 
FOLIC ACID 0.5 MG (1/2 X 1 MG) PO TABS,$6.70 
FOLIC ACID 1 MG PO TABS,$6.70 
FOLIC ACID 100 MCG (1/4 X 400 MCG) PO TABS,$6.70 
FOLIC ACID 200 MCG (1/2 X 400 MCG) PO TABS,$6.70 
FOLIC ACID 400 MCG PO TABS,$6.70 
FOSAPREPITANT DIMEGLUMINE 150 MG IV SOLR,"$2,393.75 "
FOSFOMYCIN TROMETHAMINE 3 G PO PACK,$566.84 
FOSINOPRIL SODIUM 10 MG PO TABS,$13.95 
FOSINOPRIL SODIUM 2.5 MG (1/4 X 10 MG) PO TABS,$6.70 
FOSINOPRIL SODIUM 20 MG PO TABS,$13.95 
FOSINOPRIL SODIUM 40 MG PO TABS,$13.95 
FOSINOPRIL SODIUM 5 MG (1/2 X 10 MG) PO TABS,$6.70 
FUROSEMIDE 10 MG (1/2 X 20 MG) PO TABS,$6.70 
FUROSEMIDE 20 MG PO TABS,$6.70 
FUROSEMIDE 40 MG PO TABS,$6.70 
FUROSEMIDE 5 MG (1/4 X 20 MG) PO TABS,$6.70 
GABAPENTIN 100 MG PO CAPS,$6.70 
GABAPENTIN 300 MG PO CAPS,$6.70 
GABAPENTIN 400 MG PO CAPS,$6.70 
GALANTAMINE HYDROBROMIDE 4 MG PO TABS,$20.05 
GALANTAMINE HYDROBROMIDE 8 MG PO TABS,$39.93 
GANCICLOVIR SODIUM 500 MG IV SOLR,$735.67 
GELATIN ADSORBABLE OP FILM,"$1,594.37 "
GEMCITABINE HCL 1 G IV SOLR,$516.71 
GEMCITABINE HCL 200 MG IV SOLR,$120.47 
GEMCITABINE HCL 200 MG IV SOLR,$145.08 
GEMCITABINE HCL 200 MG IV SOLR,$426.31 
GEMFIBROZIL 300 MG (1/2 X 600 MG) PO TABS,$15.09 
GEMFIBROZIL 600 MG PO TABS,$28.23 
GEMTUZUMAB OZOGAMICIN 4.5 MG IV SOLR,"$82,385.35 "
GLIMEPIRIDE 0.5 MG (1/2 X 1 MG) PO TABS,$6.70 
GLIMEPIRIDE 1 MG PO TABS,$6.70 
GLIMEPIRIDE 2 MG PO TABS,$9.24 
GLIPIZIDE 1.25 MG (1/4 X 5 MG) PO TABS,$6.70 
GLIPIZIDE 10 MG PO TABS,$6.70 
GLIPIZIDE 2.5 MG (1/2 X 5 MG) PO  TABS,$6.70 
GLIPIZIDE 5 MG PO TABS,$6.70 
GLIPIZIDE ER 10 MG PO TB24,$6.72 
GLIPIZIDE ER 2.5 MG PO TB24,$6.70 
GLIPIZIDE ER 5 MG PO TB24,$6.70 
GLUCAGON HCL (RDNA) 1 MG IJ SOLR,"$1,233.61 "
GLUCAGON HCL RDNA (DIAGNOSTIC) 1 MG IJ SOLR,"$1,233.61 "
GLUCOSE 4 G PO CHEW,$6.70 
GLYBURIDE 0.625 MG (1/2 X 1.25 MG) PO TABS,$6.70 
GLYBURIDE 1.25 MG PO TABS,$6.70 
GLYBURIDE 2.5 MG PO TABS,$6.70 
GLYBURIDE 5 MG PO TABS,$7.31 
GLYBURIDE MICRONIZED 1.5 MG PO TABS,$6.70 
GLYBURIDE MICRONIZED 3 MG PO TABS,$23.46 
GLYBURIDE MICRONIZED 6 MG PO TABS,$8.32 
GLYCERIN (LAXATIVE) 1 G PR SUPP,$6.70 
GLYCERIN (LAXATIVE) 1.2 G PR SUPP,$6.70 
GLYCERIN (LAXATIVE) 2 G PR SUPP,$6.70 
GLYCOPYRROLATE 0.25 MG (1/4 X 1 MG) PO TABS,$6.70 
GLYCOPYRROLATE 0.5 MG (1/2 X 1 MG) PO TABS,$6.70 
GLYCOPYRROLATE 1 MG PO TABS,$9.74 
GOSERELIN ACETATE 10.8 MG SUBQ IMPL,"$12,928.04 "
GOSERELIN ACETATE 3.6 MG SUBQ IMPL,"$4,317.68 "
GRANISETRON HCL 1 MG PO TABS,$351.87 
GUANFACINE HCL 0.5 MG (1/2 X 1 MG) PO TABS,$6.70 
GUANFACINE HCL 1 MG PO TABS,$7.12 
HAEMOPHILUS B POLYSAC CONJ VAC IM SOLR,$113.14 
HAEMOPHILUS B POLYSAC CONJ VAC IM SOLR,$115.27 
HALOPERIDOL 0.25 MG (1/2 X 0.5 MG) PO TABS,$6.70 
HALOPERIDOL 0.5 MG PO TABS,$6.70 
HALOPERIDOL 1 MG PO TABS,$6.70 
HALOPERIDOL 2.5 MG (1/2 X 5 MG) PO TABS,$6.70 
HALOPERIDOL 5 MG PO TABS,$8.02 
HEMIN 350 MG IV SOLR,"$53,016.03 "
HISTRELIN ACETATE (CPP) 50 MG SUBQ KIT,"$219,976.72 "
HURRICAINE SPR EXTENSION TUBES MISC,$6.70 
HYDRALAZINE HCL 10 MG PO TABS,$6.70 
HYDRALAZINE HCL 12.5 MG (1/2 X 25 MG) PO TABS,$6.70 
HYDRALAZINE HCL 2.5 MG (1/4 X 10 MG) PO TABS,$6.70 
HYDRALAZINE HCL 25 MG PO TABS,$6.70 
HYDRALAZINE HCL 5 MG (1/2 X 10 MG) PO TABS,$6.70 
HYDROCHLOROTHIAZIDE 12.5 MG PO CAPS,$6.70 
HYDROCHLOROTHIAZIDE 12.5 MG PO TABS,$6.84 
HYDROCHLOROTHIAZIDE 25 MG PO TABS,$6.70 
HYDROCHLOROTHIAZIDE 3.125 MG (1/4 X 12.5 MG) PO TABS,$6.70 
HYDROCHLOROTHIAZIDE 6.25 MG (1/2 X 12.5 MG) PO TABS,$6.70 
HYDROCODONE-ACETAMINOPHEN 5-325 MG PO TABS,$6.70 
HYDROCORTISONE 1 % EX CREA,$6.70 
HYDROCORTISONE 1.25 MG (1/4 X 5 MG) PO TABS,$6.70 
HYDROCORTISONE 10 MG PO TABS,$13.85 
HYDROCORTISONE 2.5 MG (1/2 X 5 MG) PO TABS,$6.70 
HYDROCORTISONE 20 MG PO TABS,$6.70 
HYDROCORTISONE 5 MG PO TABS,$8.99 
HYDROCORTISONE ACETATE 25 MG PR SUPP,$87.49 
HYDROCORTISONE SOD SUCCINATE 100 MG IJ SOLR-GBH,$26.73 
HYDROMORPHONE 0.5 MG (1/4 X 2 MG) PO TABS,$6.70 
HYDROMORPHONE 1 MG (1/2 X 2 MG) PO TABS,$6.70 
HYDROMORPHONE HCL 2 MG PO TABS,$6.70 
HYDROMORPHONE HCL 250 MG IJ SOLR,$727.30 
HYDROXOCOBALAMIN 5 G IV SOLR,"$5,846.44 "
HYDROXYCHLOROQUINE SULFATE 100 MG (1/2 X 200 MG) PO TAB,$6.70 
HYDROXYCHLOROQUINE SULFATE 200 MG PO TABS,$26.19 
HYDROXYUREA 500 MG PO CAPS,$8.50 
HYDROXYZINE HCL 10 MG PO TABS,$6.70 
HYDROXYZINE HCL 2.5 MG (1/4 X 10 MG) PO TABS,$6.70 
HYDROXYZINE HCL 25 MG PO TABS,$7.38 
HYDROXYZINE HCL 5 MG ( 1/2 X 10 MG) PO TABS,$6.70 
HYDROXYZINE HCL 50 MG PO TABS,$8.56 
HYOSCYAMINE SULFATE 0.125 MG SL SUBL,$8.45 
HYOSCYAMINE SULFATE ER 0.375 MG PO TB12,$7.81 
IBUPROFEN 100 MG (1/2 X 200 MG) PO TABS,$6.70 
IBUPROFEN 200 MG PO TABS,$6.70 
IBUPROFEN 300 MG (1/2 X 600 MG) PO TABS,$6.70 
IBUPROFEN 400 MG PO TABS,$6.70 
IBUPROFEN 600 MG PO TABS,$6.70 
ICAPS LUTEIN & ZEAXANTHIN PO TBEC,$6.70 
IFOSFAMIDE 1 G IV SOLR,$607.61 
IFOSFAMIDE 3 G IV SOLR,"$1,075.49 "
IMATINIB MESYLATE 100 MG PO TABS,$668.28 
IMATINIB MESYLATE 400 MG PO TABS,"$2,402.99 "
IMIGLUCERASE 400 UNITS IV SOLR,"$11,298.48 "
IMIPENEM-CILASTATIN 250 MG IV SOLR,$186.73 
IMIPENEM-CILASTATIN 500 MG IV SOLR,$340.45 
IMIPRAMINE HCL 10 MG PO TABS,$6.70 
IMIPRAMINE HCL 25 MG PO TABS,$6.70 
IMIQUIMOD 5 % EX CREA,$46.43 
IMMUNE GLOBULIN (HUMAN) 5 G IV SOLR,"$5,581.84 "
IMMUNE GLOBULIN (HUMAN) 6 G IV SOLR,"$4,111.32 "
INDAPAMIDE 1.25 MG (1/2 X 2.5 MG) PO TABS,$6.70 
INDAPAMIDE 2.5 MG PO TABS,$11.14 
INDINAVIR SULFATE 400 MG PO CAPS,$20.01 
INDOCYANINE GREEN 25 MG IV SOLR,$599.32 
INDOMETHACIN 25 MG PO CAPS,$6.70 
INDOMETHACIN 50 MG PR SUPP,$606.81 
INDOMETHACIN SODIUM 1 MG IV SOLR,"$3,823.12 "
INFLIXIMAB 100 MG IV SOLR,"$8,322.68 "
INFLIXIMAB-DYYB 100 MG IV SOLR,"$6,746.25 "
INSPIREASE BAGS MISC,$23.03 
INSUFLON CANNULA,$43.46 
INSULIN PEN NEEDLE 29G X 12.7MM MISC,$6.70 
INSULIN PEN NEEDLE 30G X 8 MM MISC,$6.70 
INSULIN PEN NEEDLE 30G X 8 MM MISC,$6.70 
INSULIN PEN NEEDLE 30G X 8 MM MISC,$6.70 
INSULIN PEN NEEDLE 32G X 6 MM MISC,$6.70 
INTERFERON ALFA-2B 18000000 UNITS IJ SOLR,"$3,086.55 "
INTERFERON ALFA-2B 50000000 UNITS IJ SOLR,"$8,552.47 "
INTERLINK PRIMARY INFUSION SET,$13.63 
INTERLINK SECONDARY INFUSION SET,$7.17 
IRBESARTAN 150 MG PO TABS,$20.17 
IRBESARTAN 150 MG PO TABS,$21.86 
IRBESARTAN 300 MG PO TABS,$23.85 
IRBESARTAN 300 MG PO TABS,$23.85 
IRBESARTAN 75 MG (1/2 X 150 MG) PO TABS,$14.52 
IRBESARTAN 75 MG PO TABS,$19.27 
ISAVUCONAZONIUM SULFATE 186 MG PO CAPS,$623.35 
ISAVUCONAZONIUM SULFATE 372 MG IV SOLR,"$2,129.81 "
ISO MED REFILL KIT,$73.11 
ISOMETHEPTENE-DICHLORAL-APAP 65-100-325 MG PO CAPS,$29.26 
ISONIAZID 150 MG (1/2 X 300 MG) PO TABS,$6.70 
ISONIAZID 300 MG PO TABS,$9.59 
ISOSORBIDE DINITRATE 10 MG PO TABS,$8.38 
ISOSORBIDE DINITRATE 2.5 MG (1/2 X 5 MG) PO TABS,$6.70 
ISOSORBIDE DINITRATE 20 MG PO TABS,$9.02 
ISOSORBIDE DINITRATE 5 MG PO TABS,$10.23 
ISOSORBIDE DINITRATE ER 40 MG PO TBCR,$16.04 
ISOSORBIDE MONONITRATE CR 15 MG (1/2 X 30 MG) PO TB24,$6.93 
ISOSORBIDE MONONITRATE ER 30 MG PO TB24,$11.89 
ISRADIPINE 2.5 MG PO CAPS,$10.04 
ITRACONAZOLE 100 MG PO CAPS,$190.19 
IVACAFTOR 150 MG PO TABS,"$3,038.47 "
IXABEPILONE 15 MG IV SOLR,"$11,538.16 "
IXABEPILONE 45 MG IV SOLR,"$34,565.36 "
K PHOS MONO-SOD PHOS DI & MONO 77.5-426-65 MG (1/2 X 155-852-130 MG) PO TABS,$6.70 
KETOCONAZOLE 100 MG (1/2 X 200 MG) PO TABS,$11.32 
KETOCONAZOLE 200 MG PO TABS,$20.69 
KETOCONAZOLE 200 MG PO TABS,$20.69 
KETOCONAZOLE 50 MG (1/4 X 200 MG) PO TABS,$6.70 
LABETALOL HCL 100 MG PO TABS,$15.48 
LABETALOL HCL 200 MG PO TABS,$22.63 
LABETALOL HCL 25 MG (1/4 X 100 MG) PO TABS,$6.70 
LABETALOL HCL 50 MG (1/2 X 100 MG) PO TABS,$8.72 
LACOSAMIDE 100 MG PO TABS,$97.76 
LACOSAMIDE 50 MG (1/2 X 100 MG) PO TABS,$39.01 
LACTASE 1500 UNIT (1/2 X 3000 UNIT) PO TABS,$6.70 
LACTASE 3000 UNITS PO TABS,$6.70 
LACTULOSE 10 G PO PACK,$54.52 
LACTULOSE 20 G PO PACK,$56.43 
LAMINARIA,$25.00 
LAMIVUDINE 150 MG PO TABS,$44.41 
LAMIVUDINE 75 MG (1/2 X 150 MG) PO TABS,$23.18 
LAMIVUDINE-ZIDOVUDINE 150-300 MG PO TABS,$108.86 
LAMOTRIGINE 100 MG PO TABS,$30.12 
LAMOTRIGINE 12.5 MG (1/2 X 25 MG) PO TABS,$14.29 
LAMOTRIGINE 25 MG PO TABS,$26.62 
LANTHANUM CARBONATE 250 MG (1/2 X 500 MG) PO CHEW,$32.74 
LANTHANUM CARBONATE 500 MG PO CHEW,$87.39 
LEECH,$82.01 
LEFLUNOMIDE 10 MG PO TABS,$99.24 
LEFLUNOMIDE 20 MG PO TABS,$37.53 
LENALIDOMIDE 5 MG PO CAPS,"$4,950.97 "
LETROZOLE 2.5 MG PO TABS,$109.37 
LEUCOVORIN CALCIUM 1.25 MG (1/4 X 5 MG) PO TABS,$6.70 
LEUCOVORIN CALCIUM 12.5 MG (1/2 X 25 MG) PO TABS,$42.51 
LEUCOVORIN CALCIUM 12.5 MG (1/2 X 25 MG) PO TABS,$42.54 
LEUCOVORIN CALCIUM 2.5 MG (1/2 X 5 MG) PO TABS,$7.96 
LEUCOVORIN CALCIUM 200 MG IJ SOLR,$297.14 
LEUCOVORIN CALCIUM 25 MG PO TABS,$83.12 
LEUCOVORIN CALCIUM 350 MG IJ SOLR,$147.35 
LEUCOVORIN CALCIUM 5 MG PO TABS,$13.96 
LEUCOVORIN CALCIUM 50 MG IJ SOLR,$83.66 
LEUPROLIDE ACETATE (3 MONTH) 11.25 MG (PED) IM KIT,"$57,102.69 "
LEUPROLIDE ACETATE (3 MONTH) 11.25 MG IM KIT,"$26,152.42 "
LEUPROLIDE ACETATE (3 MONTH) 22.5 MG IM KIT,"$31,161.96 "
LEUPROLIDE ACETATE (4 MONTH) 30 MG IM KIT,"$41,545.15 "
LEUPROLIDE ACETATE (6 MONTH) 45 MG SUBQ KIT,"$17,560.56 "
LEUPROLIDE ACETATE 1 MG/0.2ML IJ KIT,"$5,296.13 "
LEUPROLIDE ACETATE 3.75 MG IM KIT,"$8,725.69 "
LEUPROLIDE ACETATE 7.5 MG IM KIT,"$10,395.69 "
LEVETIRACETAM 125 MG (1/2 X 250 MG) PO TABS,$6.70 
LEVETIRACETAM 250 MG PO TABS,$17.58 
LEVETIRACETAM 500 MG PO TABS,$6.70 
LEVETIRACETAM 62.5 MG (1/4 X 250 MG) PO TABS,$6.70 
LEVOFLOXACIN 250 MG PO TABS,$89.28 
LEVOFLOXACIN 500 MG PO TABS,$101.70 
LEVOFLOXACIN 750 MG PO TABS,$147.91 
LEVOFLOXACIN 750 MG PO TABS,$402.17 
LEVOLEUCOVORIN CALCIUM 50 MG IV SOLR,$357.75 
LEVOTHYROXINE SODIUM 100 MCG IV SOLR,$763.83 
LEVOTHYROXINE SODIUM 100 MCG OR TABS,$6.70 
LEVOTHYROXINE SODIUM 112 MCG OR TABS,$6.70 
LEVOTHYROXINE SODIUM 12.5 MCG (1/2 X 25 MCG) OR TABS,$6.70 
LEVOTHYROXINE SODIUM 125 MCG OR TABS,$6.70 
LEVOTHYROXINE SODIUM 150 MCG OR TABS,$6.70 
LEVOTHYROXINE SODIUM 175 MCG OR TABS,$6.73 
LEVOTHYROXINE SODIUM 18.75 MCG (1/4 X 75 MCG) OR TABS,$6.70 
LEVOTHYROXINE SODIUM 200 MCG OR TABS,$6.74 
LEVOTHYROXINE SODIUM 25 MCG OR TABS,$6.70 
LEVOTHYROXINE SODIUM 37.5 MCG (1/2 X 75 MCG) OR TABS,$6.70 
LEVOTHYROXINE SODIUM 44 MCG (1/2 X 88 MCG) OR TABS,$6.70 
LEVOTHYROXINE SODIUM 50 MCG OR TABS,$6.70 
LEVOTHYROXINE SODIUM 56 MCG (1/2 X 112 MCG) OR TABS,$6.70 
LEVOTHYROXINE SODIUM 6.25 MCG (1/4 X 25 MCG) OR TABS,$6.70 
LEVOTHYROXINE SODIUM 62.5 MCG (1/2 X 125 MCG) OR TABS,$6.70 
LEVOTHYROXINE SODIUM 75 MCG OR TABS,$6.70 
LEVOTHYROXINE SODIUM 88 MCG OR TABS,$6.70 
LIDOCAINE 4 % EX PTCH,$26.81 
LINACLOTIDE 72 MCG PO CAPS,$93.76 
LINAGLIPTIN 5 MG PO TABS,$99.55 
LINEZOLID 600 MG PO TABS,"$1,091.12 "
LIOTHYRONINE SODIUM 12.5 MCG (1/2 X 25 MCG) PO TABS,$6.70 
LIOTHYRONINE SODIUM 2.5 MCG (1/2 X 5 MCG) PO TABS,$6.70 
LIOTHYRONINE SODIUM 25 MCG PO TABS,$19.87 
LIOTHYRONINE SODIUM 5 MCG PO TABS,$15.59 
LISINOPRIL 1.25 MG (1/2 X 2.5 MG) PO TABS,$6.70 
LISINOPRIL 10 MG PO TABS,$6.70 
LISINOPRIL 2.5 MG PO TABS,$6.70 
LISINOPRIL 20 MG PO TABS,$8.26 
LISINOPRIL 5 MG PO TABS,$6.70 
LITHIUM CARBONATE 150 MG PO CAPS,$6.70 
LITHIUM CARBONATE 225 MG (1/2 X 450 MG) PO TBCR,$6.70 
LITHIUM CARBONATE 300 MG PO CAPS,$6.70 
LITHIUM CARBONATE ER 300 MG PO TBCR,$6.70 
LITHIUM CARBONATE ER 450 MG PO TBCR,$6.70 
LOMUSTINE 10 MG PO CAPS,$595.85 
LOMUSTINE 100 MG PO CAPS,$604.96 
LOMUSTINE 40 MG PO CAPS,$317.95 
LOPERAMIDE HCL 2 MG PO CAPS,$6.70 
LOPINAVIR-RITONAVIR 200-50 MG PO TABS,$62.68 
LORATADINE 10 MG PO TABS,$7.44 
LORATADINE 5 MG (1/2 X 10 MG) PO TABS,$6.70 
LORATADINE-PSEUDOEPHEDRINE ER 10-240 MG PO TB24,$6.70 
LORAZEPAM 0.125 MG (1/4 X 0.5 MG) PO TABS,$6.70 
LORAZEPAM 0.25 MG (1/2 X 0.5 MG) PO TABS,$6.70 
LORAZEPAM 0.5 MG PO TABS,$6.70 
LORAZEPAM 1 MG PO TABS,$6.70 
LOSARTAN 6.25 MG (1/4 X 25 MG) PO TABS,$6.70 
LOSARTAN POTASSIUM 12.5 MG (1/2 X 25 MG) PO TABS,$6.93 
LOSARTAN POTASSIUM 12.5 MG (1/2 X 25 MG) PO TABS,$6.93 
LOSARTAN POTASSIUM 25 MG PO TABS,$6.70 
LOSARTAN POTASSIUM 50 MG PO TABS,$15.29 
LOSARTAN POTASSIUM 50 MG PO TABS,$15.37 
LOSARTAN POTASSIUM-HCTZ 100-25 MG PO TABS,$29.33 
LOSARTAN POTASSIUM-HCTZ 25-6.25 MG (1/2 X 50-12.5 MG) PO TABS,$9.37 
LOSARTAN POTASSIUM-HCTZ 50-12.5 MG PO TABS,$15.51 
LOVASTATIN 20 MG PO TABS,$16.02 
LOXAPINE SUCCINATE 25 MG PO CAPS,$13.37 
LUBIPROSTONE 24 MCG PO CAPS,$45.96 
LUBIPROSTONE 8 MCG PO CAPS,$27.44 
LURASIDONE HCL 20 MG (1/2 X 40 MG) PO TABS,$122.09 
LURASIDONE HCL 40 MG PO TABS,$292.14 
MAFENIDE ACETATE 5 % EX PACK,"$1,384.04 "
MAGNESIUM CHLORIDE 64 MG PO TBEC,$6.70 
MAGNESIUM ION INJ FOR TPN,$10.00 
MAPROTILINE HCL 25 MG PO TABS,$8.79 
"MEASLES, MUMPS & RUBELLA VAC SUBQ INJ",$514.49 
MEASLES-MUMPS-RUBELLA-VARICELL SUBQ SUSR,"$1,449.85 "
MECHLORETHAMINE HCL 10 MG IJ SOLR,"$1,520.31 "
MECLIZINE HCL 12.5 MG PO TABS,$6.70 
MECLIZINE HCL 25 MG PO TABS,$7.03 
MECLIZINE HCL 3.125 MG (1/4 X 12.5 MG) PO TABS,$6.70 
MECLIZINE HCL 6.25 MG (1/2 X 12.5 MG) PO TABS,$6.70 
MEDROXYPROGESTERONE ACETATE 10 MG PO TABS,$6.70 
MEDROXYPROGESTERONE ACETATE 2.5 MG PO TABS,$6.70 
MEDROXYPROGESTERONE ACETATE 5 MG (1/2 X 10 MG) PO TAB,$6.70 
MEGESTROL ACETATE 10 MG (1/2 X 20 MG) PO TABS,$6.70 
MEGESTROL ACETATE 20 MG PO TABS,$6.70 
MEGESTROL ACETATE 40 MG PO TABS,$8.15 
MELATONIN 0.25 MG (1/4 X 1 MG) PO TABS,$6.70 
MELATONIN 0.5 MG (1/2 X 1 MG) PO TABS,$6.70 
MELATONIN 1 MG PO TABS,$6.70 
MELATONIN 3 MG PO TABS,$6.70 
MELPHALAN 2 MG PO TABS,$82.50 
MELPHALAN HCL (PG FREE) 50 MG IV SOLR,"$20,112.55 "
MELPHALAN HCL 50 MG IV SOLR,"$25,198.58 "
MEMANTINE HCL 10 MG PO TABS,$38.14 
MEMANTINE HCL 5 MG PO TABS,$7.61 
MEMANTINE HCL ER 14 MG PO CP24,$93.88 
MEMANTINE HCL ER 21 MG PO CP24,$102.63 
MEMANTINE HCL ER 28 MG PO CP24,$93.88 
MEMANTINE HCL ER 7 MG PO CP24,$102.63 
MENINGOCOCCAL A C Y&W-135 OLIG IM SOLR,$878.68 
MENTHOL 3 MG MT LOZG,$6.70 
MENTHOL 9.1 MG MT LOZG,$6.70 
MEPERIDINE HCL 50 MG PO TABS,$10.42 
MEPROBAMATE 200 MG PO TABS,$10.25 
MEPROBAMATE 400 MG PO TABS,$12.81 
MERCAPTOPURINE 12.5 MG (1/4 X 50 MG) PO TABS,$8.00 
MERCAPTOPURINE 25 MG (1/2 X 50 MG) PO TABS,$14.11 
MERCAPTOPURINE 50 MG PO TABS,$26.20 
MEROPENEM 1 G IV SOLR,$122.98 
MEROPENEM 500 MG IV SOLR,$112.94 
MEROPENEM-SODIUM CHLORIDE 500 MG/50ML IV SOLR,$178.02 
MESALAMINE 1.2 G PO TBEC,$68.56 
MESALAMINE 1000 MG PR SUPP,$253.62 
MESALAMINE 400 MG PO CPDR,$27.16 
MESALAMINE ER 250 MG PO CPCR,$23.55 
MESALAMINE ER 500 MG PO CPCR,$45.16 
MESNA 400 MG PO TABS,$561.20 
METAXALONE 200 MG (1/4 X 800 MG) PO TABS,$10.83 
METAXALONE 800 MG PO TABS,$37.47 
METFORMIN ER 500 MG PO TB24,$6.70 
METFORMIN HCL 1000 MG PO TABS,$10.09 
METFORMIN HCL 125 MG (1/4 X 500 MG) PO TABS,$6.70 
METFORMIN HCL 250 MG (1/2 X 500 MG) PO TABS,$6.70 
METFORMIN HCL 425 MG (1/2 X 850 MG) PO TABS,$6.70 
METFORMIN HCL 500 MG PO TABS,$6.70 
METFORMIN HCL 850 MG PO TABS,$9.07 
METHADONE HCL 10 MG PO TABS,$6.70 
METHADONE HCL 2.5 MG ( 1/2 X 5 MG) PO TABS,$6.70 
METHADONE HCL 40 MG PO TBSO,$6.70 
METHADONE HCL 5 MG PO TABS,$6.70 
METHAZOLAMIDE 25 MG (1/2 X 50 MG) PO TABS,$11.58 
METHAZOLAMIDE 50 MG PO TABS,$47.39 
METHIMAZOLE 10 MG PO TABS,$6.70 
METHIMAZOLE 2.5 MG ( 1/2 X 5 MG) PO TAB,$6.70 
METHIMAZOLE 5 MG PO TABS,$6.70 
METHOHEXITAL 10 MG/ML INJ DIL,$484.05 
METHOHEXITAL SODIUM 0.5 G IJ SOLR,$484.05 
METHOHEXITAL SODIUM 2.5 G IJ SOLR,"$1,803.66 "
METHOTREXATE 1.25 MG (1/2 X 2.5 MG) PO TABS,$20.45 
METHOTREXATE 2.5 MG PO TABS,$38.94 
METHOTREXATE SODIUM 1 G IJ SOLR,$521.73 
METHOTREXATE SODIUM 1 G IJ SOLR,$663.35 
METHSUXIMIDE 300 MG PO CAPS,$32.29 
METHYLDOPA 125 MG (1/2 X 250 MG) PO TABS,$6.70 
METHYLDOPA 250 MG PO TABS,$6.70 
METHYLDOPA 500 MG PO TABS,$9.66 
METHYLERGONOVINE MALEATE 0.2 MG PO TABS,$162.65 
METHYLPHENIDATE 2.5 MG (1/2 X 5 MG) PO TABS,$6.70 
METHYLPHENIDATE HCL 5 MG PO TABS,$6.70 
METHYLPHENIDATE HCL ER 18 MG PO TBCR,$59.65 
METHYLPHENIDATE HCL ER 27 MG PO TBCR,$61.10 
METHYLPREDNISOLONE 1 MG (1/4 X 4 MG) PO TABS,$6.70 
METHYLPREDNISOLONE 2 MG (1/2 X 4 MG) PO TABS,$6.70 
METHYLPREDNISOLONE 4 MG PO TABS,$10.42 
METHYLPREDNISOLONE 500 MG PIGGYBACK IN ACUDOSE,$135.25 
METHYLPREDNISOLONE SODIUM SUCC 1000 MG IJ SOLR,$310.60 
METHYLPREDNISOLONE SODIUM SUCC 125 MG IJ SOLR,$81.44 
METHYLPREDNISOLONE SODIUM SUCC 2000 MG IJ SOLR,$603.90 
METHYLPREDNISOLONE SODIUM SUCC 40 MG IJ SOLR,$55.31 
METHYLPREDNISOLONE SODIUM SUCC 500 MG IJ SOLR,$177.00 
METOCLOPRAMIDE HCL 1.25 MG (1/4 X 5 MG) PO TABS,$6.70 
METOCLOPRAMIDE HCL 10 MG PO TABS,$7.63 
METOCLOPRAMIDE HCL 2.5 MG (1/2 X 5 MG) PO TABS,$6.70 
METOCLOPRAMIDE HCL 5 MG PO TABS,$6.70 
METOLAZONE 1.25 MG (1/2 X 2.5 MG) PO TABS,$11.81 
METOLAZONE 2.5 MG PO TABS,$21.67 
METOPROLOL SUCCINATE 12.5 MG ( 1/2 X 25 MG) PO TB24,$6.70 
METOPROLOL SUCCINATE 6.25 MG (1/4 X 25 MG) PO TB24,$6.70 
METOPROLOL SUCCINATE ER 25 MG PO TB24,$8.56 
METOPROLOL TARTRATE 100 MG PO TABS,$6.70 
METOPROLOL TARTRATE 12.5 MG ( 1/2 X 25 MG)  PO TABS,$6.70 
METOPROLOL TARTRATE 25 MG PO TABS,$6.70 
METOPROLOL TARTRATE 50 MG PO TABS,$6.70 
METOPROLOL TARTRATE 6.25 MG (1/4 X 25 MG) PO TABS,$6.70 
METOPROLOL XL TBCR 100 MG OR,$11.88 
METOPROLOL XL TBCR 50 MG OR,$8.56 
METRONIDAZOLE 125 MG (1/2 X 250 MG) PO TABS,$6.70 
METRONIDAZOLE 250 MG PO TABS,$6.70 
METRONIDAZOLE 500 MG PO TABS,$6.87 
METRONIDAZOLE 62.5 MG (1/4 X 250 MG) PO TABS,$6.70 
MEXILETINE HCL 150 MG PO CAPS,$16.99 
MEXILETINE HCL 250 MG PO CAPS,$22.69 
MIAMI J COLLAR ADULT SMALL,"$1,393.00 "
MIAMI J COLLAR BARIATRIC,$590.00 
MIAMI J COLLAR JR P0,"$1,393.00 "
MIAMI J COLLAR JR P1,"$1,393.00 "
MIAMI J COLLAR JR P2,"$1,393.00 "
MIAMI J COLLAR JR P3,"$1,393.00 "
MIAMI J COLLAR MEDIUM,"$1,393.00 "
MIAMI J COLLAR PA 100,"$1,393.00 "
MIAMI J COLLAR PICU SMALL,"$1,393.00 "
MIAMI J COLLAR STOUT,"$1,393.00 "
MIAMI J COLLAR SUPER SHORT,"$1,393.00 "
MIAMI J COLLAR TALL,"$1,393.00 "
MIAMI J COLLAR XSMALL,"$1,393.00 "
MIDODRINE HCL 10 MG PO TABS,$31.47 
MIDODRINE HCL 2.5 MG PO TABS,$9.07 
MIDODRINE HCL 5 MG PO TABS,$18.02 
MIGLITOL 25 MG PO TABS,$21.49 
MINOCYCLINE HCL 100 MG PO CAPS,$22.09 
MINOXIDIL 0.625 MG (1/4 X 2.5 MG) PO TABS,$6.70 
MINOXIDIL 1.25 MG (1/2 X 2.5 MG) PO TABS,$6.70 
MINOXIDIL 10 MG PO TABS,$11.96 
MINOXIDIL 2.5 MG PO TABS,$6.70 
MIRTAZAPINE 15 MG PO TABS,$18.05 
MIRTAZAPINE 15 MG PO TBDP,$17.35 
MIRTAZAPINE 3.75 MG (1/2 X 7.5 MG) PO TABS,$9.76 
MIRTAZAPINE 30 MG PO TBDP,$17.82 
MIRTAZAPINE 7.5 MG PO TABS,$17.56 
MISOPROSTOL 100 MCG PO TABS,$6.84 
MISOPROSTOL 200 MCG PO TABS,$13.34 
MISOPROSTOL 25 MCG (1/4 X 100 MCG) PO TABS,$6.70 
MISOPROSTOL 50 MCG (1/2 X 100 MCG) PO TABS,$6.70 
MITOMYCIN 20 MG IV SOLR,"$5,949.00 "
MITOMYCIN 5 MG IV SOLR,"$2,305.04 "
MITOTANE 500 MG PO TABS,$36.10 
MODAFINIL 100 MG PO TABS,$158.37 
MODAFINIL 200 MG PO TABS,$211.79 
MODAFINIL 50 MG (1/2 X 100 MG) PO TABS,$80.16 
MONTELUKAST SODIUM 10 MG PO TABS,$35.03 
MONTELUKAST SODIUM 2 MG (1/2 X 4 MG) PO CHEW,$20.59 
MONTELUKAST SODIUM 2.5 MG (1/2 X 5 MG) PO CHEW,$18.73 
MONTELUKAST SODIUM 4 MG PO CHEW,$35.50 
MONTELUKAST SODIUM 5 MG (1/2 X 10 MG) PO TABS,$18.28 
MONTELUKAST SODIUM 5 MG PO CHEW,$35.50 
MORPHINE SULFATE 10 MG PR SUPP,$39.01 
MORPHINE SULFATE 15 MG PO TABS,$7.34 
MORPHINE SULFATE 30 MG PO TABS,$7.18 
MORPHINE SULFATE 5 MG PR SUPP,$31.60 
MORPHINE SULFATE 7.5 (1/2 X 15 MG) PO TABS,$6.70 
MORPHINE SULFATE ER 15 MG PO TBCR,$13.05 
MORPHINE SULFATE ER 30 MG PO TBCR,$21.99 
MOXIFLOXACIN HCL 400 MG PO TABS,$218.61 
MULTI-VITAMINS PO TABS,$6.70 
MULTI-VITAMINS PO TABS,$6.70 
MULTI-VITAMINS PO TABS,$6.70 
MULTI-VITAMINS PO TABS,$6.70 
MYCOPHENOLATE MOFETIL 250 MG PO CAPS,$25.45 
MYCOPHENOLATE MOFETIL HCL 500 MG IV SOLR,$780.87 
MYCOPHENOLATE SODIUM 180 MG PO TBEC,$38.98 
MYCOPHENOLATE SODIUM 360 MG PO TBEC,$76.01 
NABUMETONE 250 MG (1/2 X 500 MG) PO TABS,$6.70 
NABUMETONE 500 MG PO TABS,$6.84 
NABUMETONE 750 MG PO TABS,$11.59 
NADOLOL 10 MG ( 1/2 X 20 MG) PO TABS,$12.01 
NADOLOL 20 MG PO TABS,$38.66 
NADOLOL 40 MG PO TABS,$44.80 
NADOLOL 5 MG (1/4 X 20 MG) PO TABS,$6.99 
NAFCILLIN SODIUM 1 G IJ SOLR,$162.04 
NAFCILLIN SODIUM 10 G IV SOLR,"$1,434.23 "
NAFCILLIN SODIUM 2 G IJ SOLR,$302.67 
NALOXEGOL OXALATE 12.5 MG PO TABS,$83.79 
NALOXEGOL OXALATE 25 MG PO TABS,$83.79 
NALOXONE HCL 4 MG/0.1ML NA LIQD,$446.70 
NALTREXONE 380 MG IM SUSR,"$9,327.34 "
NALTREXONE HCL 50 MG PO TABS,$16.89 
NAPROXEN 125 MG (1/2 X 250 MG) PO TABS,$6.70 
NAPROXEN 250 MG PO TABS,$7.14 
NARATRIPTAN HCL 1 MG PO TABS,$176.83 
NARATRIPTAN HCL 2.5 MG PO TABS,$176.83 
NEEDLE-PRO SYR INSULIN 1 ML,$10.08 
NEFAZODONE HCL 100 MG PO TABS,$30.41 
NEFAZODONE HCL 200 MG PO TABS,$31.49 
NEFAZODONE HCL 50 MG PO TABS,$29.74 
NELFINAVIR MESYLATE 250 MG PO TABS,$30.75 
NEOMYCIN SULFATE 250 MG (1/2 X 500 MG) PO TABS,$6.70 
NEOMYCIN SULFATE 500 MG PO TABS,$11.60 
NEPHROCAPS 1 MG PO CAPS,$6.70 
NIACIN 100 MG PO TABS,$6.70 
NIACIN ER (ANTIHYPERLIPIDEMIC) 500 MG PO TBCR,$6.70 
NIACIN ER (ANTIHYPERLIPIDEMIC) 500 MG PO TBCR,$38.73 
NIACIN ER (ANTIHYPERLIPIDEMIC) 750 MG PO TBCR,$54.41 
NICARDIPINE HCL 20 MG PO CAPS,$15.17 
NICARDIPINE HCL 30 MG PO CAPS,$20.88 
NICOTINE 14 MG/24HR TD PT24,$14.60 
NICOTINE 21 MG/24HR TD PT24,$14.60 
NICOTINE 7 MG/24HR TD PT24,$18.89 
NICOTINE POLACRILEX 2 MG MT GUM,$6.70 
NIFEDIPINE 10 MG PO CAPS,$8.28 
NIFEDIPINE 10 MG/ 0.34 ML CAP PEDIATRICS,$8.28 
NIFEDIPINE 20 MG PO CAPS,$15.61 
NIFEDIPINE ER 30 MG PO TB24,$10.22 
NIMODIPINE 30 MG PO CAPS,$100.07 
NINTEDANIB ESYLATE 150 MG PO CAPS,"$1,088.14 "
NITAZOXANIDE 500 MG PO TABS,$744.15 
NITRIC OXIDE FOR INHALATION GAS,"$3,536.23 "
NITRIC OXIDE FOR INHALATION GAS CARDIAC CATH ONLY,$222.84 
NITROFURANTOIN MACROCRYSTAL 100 MG PO CAPS,$21.99 
NITROFURANTOIN MACROCRYSTAL 50 MG PO CAPS,$18.34 
NITROGLYCERIN 0.1 MG/HR TD PT24,$12.97 
NITROGLYCERIN 0.2 MG/HR TD PT24,$13.23 
NITROGLYCERIN 0.3 MG/HR TD PT24,$41.51 
NITROGLYCERIN 0.4 MG SL SUBL,$10.82 
NITROGLYCERIN 0.4 MG SL SUBL,$10.82 
NITROGLYCERIN 0.4 MG/HR TD PT24,$14.84 
NITROGLYCERIN 0.6 MG SL SUBL,$6.70 
NITROGLYCERIN 0.6 MG/HR TD PT24,$20.65 
NITROGLYCERIN 0.8 MG/HR TD PT24,$44.86 
NITROPRUSSIDE DRIP KIT,"$2,136.75 "
NOREPINEPHRINE DRIP KIT,$60.17 
NORETHINDRONE ACET-ETHINYL EST 1-20 MG-MCG PO TABS,$14.88 
NORTRIPTYLINE HCL 10 MG PO CAPS,$6.70 
NORTRIPTYLINE HCL 25 MG PO CAPS,$7.18 
NUTRISOURCE FIBER PO PACK,$6.70 
O-2 SUSPENSORY MISC,$52.47 
O-2 SUSPENSORY MISC,$52.47 
O-2 SUSPENSORY MISC,$52.47 
O-2 SUSPENSORY MISC,$52.47 
OCCULT BLOOD VI STRP,$6.70 
OCTREOTIDE ACETATE 20 MG IM KIT,"$22,203.27 "
OCTREOTIDE ACETATE 30 MG IM KIT,"$33,241.43 "
OLANZAPINE 1.25 MG (1/2 X 2.5 MG) PO TABS,$37.47 
OLANZAPINE 10 MG IM SOLR,$257.11 
OLANZAPINE 10 MG PO TBDP,$126.32 
OLANZAPINE 2.5 MG PO TABS,$68.35 
OLANZAPINE 2.5MG (1/2 X 5MG) TBDP,$104.63 
OLANZAPINE 5 MG PO TABS,$80.32 
OLANZAPINE 5 MG PO TBDP,$86.59 
OLMESARTAN MEDOXOMIL 10 MG (1/2 X 20 MG) PO TABS,$14.62 
OLMESARTAN MEDOXOMIL 20 MG PO TABS,$39.21 
OLMESARTAN MEDOXOMIL 40 MG PO TABS,$70.98 
OLMESARTAN MEDOXOMIL 5 MG (1/4 X 20 MG) PO TABS,$8.28 
OMALIZUMAB 150 MG SUBQ SOLR,"$7,730.93 "
OMEGA-3 FISH OIL 1000 MG PO CAPS,$6.70 
OMEGA-3 FISH OIL 1000 MG PO CAPS,$6.70 
OMEPRAZOLE 20 MG PO CPDR,$20.84 
OMNI-STAT GRANULES 3 GRAM POUCH,$417.05 
ONABOTULINUMTOXINA 100 UNITS IJ SOLR,"$4,289.22 "
ONABOTULINUMTOXINA 200 UNITS IJ SOLR,"$8,565.93 "
ONDANSETRON 4 MG PO TBDP,$139.01 
ONDANSETRON 8 MG PO TBDP,$221.30 
ONDANSETRON 8 MG PO TBDP,$222.14 
ONDANSETRON HCL 2 MG (1/2 X 4 MG) PO TABS,$72.04 
ONDANSETRON HCL 4 MG PO TABS,$142.08 
ONDANSETRON HCL 8 MG PO TABS,$242.53 
ONDANSETRON HCL 8 MG PO TABS,$246.62 
OSELTAMIVIR PHOSPHATE 30 MG PO CAPS,$86.04 
OSELTAMIVIR PHOSPHATE 45 MG PO CAPS,$86.04 
OSELTAMIVIR PHOSPHATE 75 MG PO CAPS,$93.61 
OXAZEPAM 10 MG PO CAPS,$7.12 
OXAZEPAM 15 MG PO CAPS,$10.58 
OXCARBAZEPINE 150 MG PO TABS,$11.00 
OXCARBAZEPINE 300 MG PO TABS,$18.48 
OXCARBAZEPINE 75 MG (1/2 X 150 MG) PO TABS,$6.70 
OXIDIZED CELLULOSE EX PADS,$510.60 
OXIDIZED CELLULOSE EX PADS,"$1,172.14 "
OXISENSORS NELLCOR,$176.00 
OXISENSORS NELLCOR,$281.00 
OXYBUTYNIN CHLORIDE 1.25 MG (1/4 X 5 MG) PO TABS,$6.70 
OXYBUTYNIN CHLORIDE 2.5 MG (1/2 X 5 MG) PO TABS,$6.70 
OXYBUTYNIN CHLORIDE 5 MG PO TABS,$6.70 
OXYBUTYNIN CHLORIDE 5 MG PO TABS,$6.70 
OXYBUTYNIN CHLORIDE ER 5 MG PO TB24,$21.42 
OXYCODONE HCL 15 MG PO TABS,$9.37 
OXYCODONE HCL 2.5MG (1/2 X 5 MG) TAB,$6.70 
OXYCODONE HCL 5 MG PO TABS,$6.70 
OXYCODONE HCL ER 10 MG PO T12A,$28.11 
OXYCODONE HCL ER 15 MG PO T12A,$41.45 
OXYCODONE HCL ER 20 MG PO T12A,$51.98 
OXYCODONE HCL ER 40 MG PO T12A,$85.49 
OXYCODONE-ACETAMINOPHEN 2.5-162.5 MG (1/2 X 5-325) PO TABS,$6.70 
OXYCODONE-ACETAMINOPHEN 5-325 MG PO TABS,$10.07 
OXYCODONE-ACETAMINOPHEN 5-325 MG PO TABS,$10.70 
OXYGEN,$123.69 
PACLITAXEL PROTEIN-BOUND PART 100 MG IV SUSR,"$13,397.22 "
PAIN-EASE SPRAY FOR IV THERAPY,$8.41 
PALIFERMIN (KEPIVANCE) 5MG/ML DILUTION,"$17,326.67 "
PALIPERIDONE ER 3 MG PO TB24,$182.98 
PANCRELIPASE (LIP-PROT-AMYL) 10440 UNITS PO TABS,$22.87 
PANCRELIPASE (LIP-PROT-AMYL) 10500 UNITS PO CPEP,$23.32 
PANCRELIPASE (LIP-PROT-AMYL) 12000 UNITS PO CPEP,$22.79 
PANCRELIPASE (LIP-PROT-AMYL) 16800 UNITS PO CPEP,$36.26 
PANCRELIPASE (LIP-PROT-AMYL) 21000 UNITS PO CPEP,$44.69 
PANCRELIPASE (LIP-PROT-AMYL) 24000-76000 UNITS PO CPEP,$43.26 
PANCRELIPASE (LIP-PROT-AMYL) 3000-9500 UNITS PO CPEP,$10.76 
PANCRELIPASE (LIP-PROT-AMYL) 4200 UNITS PO CPEP,$10.50 
PANCRELIPASE (LIP-PROT-AMYL) 6000 UNITS PO CPEP,$12.37 
PANTOPRAZOLE DRIP KIT 40MG/100ML,$90.90 
PANTOPRAZOLE SODIUM 40 MG IV SOLR,$48.08 
PANTOPRAZOLE SODIUM 40 MG PO TBEC,$33.18 
PAROXETINE HCL 10 MG PO TABS,$18.64 
PAROXETINE HCL 20 MG PO TABS,$47.69 
PAROXETINE HCL 30 MG PO TABS,$18.13 
PAROXETINE HCL 5 MG (1/2 X 10 MG) PO TABS,$10.29 
PB-HYOSCY-ATROPINE-SCOPOLAMINE 16.2 MG PO TABS,$63.49 
PB-HYOSCY-ATROPINE-SCOPOLAMINE 16.2 MG PO TABS,$69.58 
PEGINTERFERON ALFA-2B 150 MCG/0.5ML SUBQ KIT,"$6,208.40 "
PEGINTERFERON ALFA-2B 200 MCG SUBQ KIT,"$10,391.07 "
PEGINTERFERON ALFA-2B 200 MCG SUBQ KIT,"$14,103.90 "
PEGINTERFERON ALFA-2B 300 MCG SUBQ KIT,"$15,580.17 "
PEGINTERFERON ALFA-2B 300 MCG SUBQ KIT,"$21,149.57 "
PEGINTERFERON ALFA-2B 600 MCG SUBQ KIT,"$31,147.91 "
PEGINTERFERON ALFA-2B 600 MCG SUBQ KIT,"$42,286.64 "
PEMETREXED DISODIUM 100 MG IV SOLR,"$6,819.48 "
PEMETREXED DISODIUM 500 MG IV SOLR,"$33,999.39 "
PEMETREXED DISODIUM 500 MG IV SOLR G-CMC,"$33,999.39 "
PENICILLAMINE 250 MG PO TABS,$433.07 
PENICILLIN G 5 MMU PIGGYBACK IN ACUDOSE,$305.45 
PENICILLIN G POTASSIUM 20000000 UNITS IJ SOLR,$372.81 
PENICILLIN G POTASSIUM 5000000 UNITS IJ SOLR,$288.71 
PENICILLIN V POTASSIUM 250 MG PO TABS,$9.01 
PENTAMIDINE ISETHIONATE 300 MG IJ SOLR,"$1,688.74 "
PENTAMIDINE ISETHIONATE 300 MG IN SOLR,"$1,200.10 "
PENTOSTATIN 10 MG IV SOLR,"$19,108.15 "
PENTOXIFYLLINE CR 200 MG (1/2 X 400 MG) PO TABS,$6.91 
PENTOXIFYLLINE ER 400 MG PO TBCR,$36.60 
PERCUSTAY CATHETER FASTENER,$90.90 
PERPHENAZINE 1 MG (1/2 X 2 MG) PO TABS,$7.78 
PERPHENAZINE 2 MG PO TABS,$8.85 
PH TEST VI TEST,$237.85 
PHENAZOPYRIDINE HCL 100 MG PO TABS,$17.96 
PHENAZOPYRIDINE HCL 50 MG (1/2 X 100 MG) PO TABS,$6.70 
PHENOBARBITAL 16.2 MG PO TABS,$6.70 
PHENOBARBITAL 24.3 MG (1/4 X 97.2 MG) PO TABS,$6.70 
PHENOBARBITAL 32.4 MG PO TABS,$6.70 
PHENOBARBITAL 4.05 MG (1/4 X 16.2 MG) TAB,$6.70 
PHENOBARBITAL 48.6 MG (1/2 X 97.2 MG) PO TABS,$6.70 
PHENOBARBITAL 64.8 MG PO TABS,$6.71 
PHENOBARBITAL 8.1 MG (1/2 X 16.2 MG) PO TABS,$6.70 
PHENOBARBITAL 97.2 MG PO TABS,$9.01 
PHENOXYBENZAMINE HCL 10 MG PO CAPS,$769.56 
PHENTERMINE HCL 30 MG PO CAPS,$9.61 
PHENTOLAMINE MESYLATE 5 MG IJ SOLR,"$3,036.80 "
PHENYLEPHRINE DRIP KIT 40 MG/ 250 ML,$352.41 
PHENYTOIN 25 MG (1/2 X 50 MG) PO CHEW,$6.70 
PHENYTOIN 50 MG PO CHEW,$10.19 
PHENYTOIN SODIUM EXTENDED 100 MG PO CAPS,$6.70 
PHENYTOIN SODIUM EXTENDED 30 MG PO CAPS,$9.53 
PHOSPHATE ION INJ FOR TPN,$10.00 
PHYTONADIONE 1.25 MG (1/4 X 5 MG) PO TABS,$58.91 
PHYTONADIONE 2.5 MG (1/2 X 5 MG) PO TABS,$115.87 
PHYTONADIONE 5 MG PO TABS,$420.09 
PILOCARPINE HCL 2.5 MG (1/2 X 5 MG) PO TABS,$6.70 
PILOCARPINE HCL 5 MG PO TABS,$12.71 
PIMOZIDE 2 MG PO TABS,$18.67 
PINDOLOL 2.5 MG (1/2 X 5 MG) PO TABS,$6.70 
PINDOLOL 5 MG PO TABS,$9.78 
PIOGLITAZONE HCL 15 MG PO TABS,$43.50 
PIOGLITAZONE HCL 30 MG PO TABS,$65.45 
PIOGLITAZONE HCL 45 MG PO TABS,$14.17 
PIOGLITAZONE HCL 7.5 MG (1/2 X 15 MG) PO TABS,$22.71 
PIPERACILLIN SOD-TAZOBACTAM SO 3.375 (3-0.375) G IV SOLR,$115.96 
PIPERACILLIN SOD-TAZOBACTAM SO 4.5 (4-0.5) G IV SOLR,$150.45 
PIRFENIDONE 267 MG PO CAPS,$246.64 
POLYETHYLENE GLYCOL 3350 PO PACK,$18.45 
POLYMYXIN B SULFATE 500000 UNITS IJ SOLR,$90.78 
POLYVINYL ALCOHOL-POVIDONE PF 1.4-0.6 % OP SOLN,$6.70 
PORFIMER SODIUM 75 MG IV SOLR,"$145,371.03 "
POSACONAZOLE 100 MG PO TBEC,$466.41 
POTASSIUM & SODIUM PHOSPHATES 280-160-250 MG PO PACK,$6.70 
POTASSIUM BICARBONATE 25 MEQ PO TBEF,$6.70 
POTASSIUM CHLORIDE 25 MEQ PO PACK,$87.00 
POTASSIUM CHLORIDE CRYS ER 10 MEQ PO TBCR,$6.70 
POTASSIUM CHLORIDE ER 10 MEQ PO TB CR,$6.70 
POTASSIUM CHLORIDE ER 10 MEQ PO TBCR,$6.70 
POTASSIUM CHLORIDE ER 10 MEQ PO TBCR,$6.70 
POTASSIUM ION INJ FOR TPN,$10.00 
PRALIDOXIME CHLORIDE 1 G IV SOLR,$629.46 
PRAMIPEXOLE DIHYDROCHLORIDE 0.125 MG PO TABS,$19.44 
PRAMIPEXOLE DIHYDROCHLORIDE 0.125 MG PO TABS,$48.21 
PRAMIPEXOLE DIHYDROCHLORIDE 0.25 MG PO TABS,$19.44 
PRAMIPEXOLE DIHYDROCHLORIDE 0.5 MG PO TABS,$19.42 
PRAMIPEXOLE DIHYDROCHLORIDE 1 MG PO TABS,$19.42 
PRAMIPEXOLE DIHYDROCHLORIDE 1 MG PO TABS,$48.21 
PRASUGREL HCL 10 MG PO TABS,$47.35 
PRASUGREL HCL 10 MG PO TABS,$110.82 
PRASUGREL HCL 5 MG PO TABS,$110.82 
PRAVASTATIN SODIUM 10 MG PO TABS,$19.11 
PRAVASTATIN SODIUM 2.5 MG (1/4 X 10 MG) PO TABS,$6.70 
PRAVASTATIN SODIUM 20 MG PO TABS,$16.75 
PRAVASTATIN SODIUM 20 MG PO TABS,$21.23 
PRAVASTATIN SODIUM 40 MG PO TABS,$30.24 
PRAVASTATIN SODIUM 5 MG (1/2 X 10 MG) PO TABS,$10.55 
PRAZOSIN HCL 1 MG PO CAPS,$12.70 
PRAZOSIN HCL 2 MG PO CAPS,$16.92 
PRAZOSIN HCL 5 MG PO CAPS,$27.50 
PREDNISONE 0.25 MG (1/4 X 1 MG) PO TABS,$6.70 
PREDNISONE 0.5 MG (1/2 X 1 MG) PO TABS,$6.70 
PREDNISONE 1 MG PO TABS,$6.70 
PREDNISONE 1.25 MG (1/2 X 2.5 MG) PO TABS,$7.32 
PREDNISONE 10 MG PO TABS,$6.70 
PREDNISONE 2.5 MG PO TABS,$6.70 
PREDNISONE 20 MG PO TABS,$6.70 
PREDNISONE 5 MG PO TABS,$6.70 
PREDNISONE 50 MG PO TABS,$6.70 
PREGABALIN 100 MG PO CAPS,$54.83 
PREGABALIN 200 MG PO CAPS,$54.83 
PREGABALIN 25 MG PO CAPS,$54.83 
PREGABALIN 50 MG PO CAPS,$54.83 
PREGABALIN 75 MG PO CAPS,$54.83 
PRENATAL 27-1 MG PO TABS,$6.70 
PRENATAL FORMULA 27-1 MG PO TABS,$6.70 
PRENATAL PLUS 27-1 MG PO TABS,$6.70 
PRIMAQUINE PHOSPHATE 26.3 MG PO TABS,$13.93 
PRIMIDONE 12.5 MG (1/4 X 50 MG) PO TABS,$6.70 
PRIMIDONE 125 MG (1/2 X 250 MG) PO TABS,$6.70 
PRIMIDONE 250 MG PO TABS,$7.86 
PRIMIDONE 50 MG PO TABS,$6.70 
PROBENECID 250 MG (1/2 X 500 MG) PO TABS,$6.70 
PROBENECID 500 MG PO TABS,$7.78 
PROCHLORPERAZINE 25 MG PR SUPP,$74.64 
PROCHLORPERAZINE MALEATE 10 MG PO TABS,$7.71 
PROCHLORPERAZINE MALEATE 5 MG PO TABS,$8.16 
PROGESTERONE 200 MG VA SUPP,$41.96 
PROGESTERONE MICRONIZED 100 MG PO CAPS,$14.40 
PROGESTERONE MICRONIZED 200 MG PO CAPS,$25.97 
PROMETHAZINE HCL 12.5 MG PO TABS,$6.70 
PROMETHAZINE HCL 12.5 MG PR SUPP,$106.94 
PROMETHAZINE HCL 25 MG PO TABS,$6.70 
PROMETHAZINE HCL 25 MG PR SUPP,$28.32 
PROMETHAZINE HCL 6.25 MG (1/4 X 25 MG) PO TABS,$6.70 
PROPAFENONE HCL 150 MG PO TABS,$6.70 
PROPAFENONE HCL 75 MG (1/2 X 150 MG) PO TABS,$6.70 
PROPRANOLOL HCL 10 MG PO TABS,$6.70 
PROPRANOLOL HCL 20 MG PO TABS,$6.70 
PROPRANOLOL HCL 5 MG (1/2 X 10 MG) PO TABS,$6.70 
PROPRANOLOL HCL 60 MG PO TABS,$12.28 
PROPRANOLOL HCL 80 MG PO TABS,$7.27 
PROPRANOLOL HCL ER 60 MG PO CP24,$14.88 
PROPRANOLOL HCL ER 80 MG PO CP24,$16.09 
PROPYLTHIOURACIL 12.5 MG (1/4 X 50 MG) PO TABS,$6.70 
PROPYLTHIOURACIL 25 MG (1/2 X 50 MG) PO TABS,$6.70 
PROPYLTHIOURACIL 50 MG PO TABS,$7.29 
PROSOURCE PO PACK,$6.70 
PSEUDOEPHEDRINE HCL 30 MG PO TABS,$6.70 
PSEUDOEPHEDRINE HCL 60 MG PO TABS,$6.70 
PYRAZINAMIDE 250 MG (1/2 X 500 MG) PO TABS,$10.43 
PYRAZINAMIDE 500 MG PO TABS,$38.45 
PYRIDOSTIGMINE BROMIDE 15 MG (1/4 X 60 MG) PO TABS,$15.47 
PYRIDOSTIGMINE BROMIDE 30 MG (1/2 X 60 MG) PO TABS,$28.98 
PYRIDOSTIGMINE BROMIDE 60 MG PO TABS,$104.46 
PYRIDOSTIGMINE BROMIDE 90 MG (1/2 X 180 MG) PO TBCR,$75.51 
PYRIDOSTIGMINE BROMIDE ER 180 MG PO TBCR,$149.06 
PYRIDOXINE HCL 25 MG PO TABS,$6.70 
PYRIDOXINE HCL 25 MG PO TABS,$6.70 
QUETIAPINE FUMARATE 100 MG PO TABS,$42.62 
QUETIAPINE FUMARATE 12.5 MG (1/2 X 25 MG) PO TABS,$13.80 
QUETIAPINE FUMARATE 200 MG PO TABS,$78.67 
QUETIAPINE FUMARATE 25 MG PO TABS,$25.65 
QUETIAPINE FUMARATE 50 MG PO TABS,$40.89 
QUETIAPINE FUMARATE 6.25 MG (1/4 X 25 MG) PO TABS,$25.65 
QUETIAPINE FUMARATE ER 300 MG PO TB24,$153.38 
QUETIAPINE FUMARATE ER 50 MG PO TB24,$60.39 
QUIKCLOT COMBAT GAUZE 3INX4YD ROLL,$256.11 
QUIKCLOT CONTROL 12IN X 12IN HEMOSTAT DRESSING,"$1,701.84 "
QUIKCLOT CONTROL 8INX8IN HEMOSTAT DRESSING,"$1,047.77 "
QUIKCLOT CONTROL ZFOLD 3IN X 2YARDS HEMOSTAT DRESSING,$943.16 
QUIKCLOT GAUZE 4INX4IN HEMOSTAT DRESSING,$120.49 
QUINAPRIL HCL 10 MG PO TABS,$9.20 
QUINAPRIL HCL 2.5 MG (1/2 X 5 MG) PO TABS,$6.70 
QUINAPRIL HCL 20 MG PO TABS,$9.20 
QUINAPRIL HCL 40 MG PO TABS,$9.20 
QUINAPRIL HCL 5 MG PO TABS,$9.20 
QUINIDINE GLUCONATE ER 324 MG PO TBCR,$55.69 
QUINIDINE SULFATE 100 MG (1/2 X 200 MG) PO TABS,$6.70 
QUINIDINE SULFATE 200 MG PO TABS,$6.70 
QUINIDINE SULFATE 300 MG PO TABS,$6.70 
QUININE SULFATE 324 MG PO CAPS,$45.39 
"RABIES VACCINE, PCEC IM SUSR","$2,400.04 "
"RABIES VIRUS VACCINE, HDC IM INJ","$2,427.55 "
RACEPINEPHRINE HCL 2.25 % IN NEBU,$12.62 
RADIAL GRAFT MIXTURE 100 ML,$51.40 
RALOXIFENE HCL 60 MG PO TABS,$44.22 
RALTEGRAVIR POTASSIUM 400 MG PO TABS,$179.85 
RAMIPRIL 1.25 MG PO CAPS,$37.90 
RAMIPRIL 5 MG PO CAPS,$13.19 
RANOLAZINE ER 500 MG PO TB12,$44.27 
RASAGILINE MESYLATE 0.5 MG (1/2 X 1 MG) PO TABS,$45.71 
RASAGILINE MESYLATE 1 MG PO TABS,$89.45 
RASBURICASE 1.5 MG IV SOLR,"$5,903.14 "
RASBURICASE 7.5 MG IV SOLR,"$29,466.40 "
REMIFENTANIL HCL 1 MG IV SOLR,$432.34 
REMIFENTANIL HCL 2 MG IV SOLR,$841.64 
REMIFENTANIL HCL 5 MG IV SOLR,"$1,798.62 "
REPAGLINIDE 0.25 MG (1/2 X 0.5 MG) PO TABS,$6.70 
REPAGLINIDE 0.5 MG PO TABS,$6.70 
REPAGLINIDE 1 MG PO TABS,$23.65 
REPAGLINIDE 2 MG PO TABS,$21.70 
RESERPINE 0.1 MG PO TABS,$9.03 
RESERPINE 0.25 MG PO TABS,$11.72 
RESOURCE GLUTASOLVE PO PACK,$13.74 
RIFABUTIN 150 MG PO CAPS,$227.80 
RIFAMPIN 150 MG PO CAPS,$21.18 
RIFAMPIN 600 MG IV SOLR,"$1,805.94 "
RIFAXIMIN 200 MG PO TABS,$138.53 
RIFAXIMIN 550 MG PO TABS,$262.28 
RILUZOLE 50 MG PO TABS,$248.16 
RISPERIDONE 0.125 MG (1/2 X 0.25 MG) PO TABS,$13.51 
RISPERIDONE 0.25 MG PO TABS,$25.04 
RISPERIDONE 0.5 MG PO TABS,$27.28 
RISPERIDONE 0.5 MG PO TBDP,$31.10 
RISPERIDONE 1 MG PO TABS,$28.88 
RISPERIDONE 1 MG PO TBDP,$36.01 
RISPERIDONE 2 MG PO TABS,$129.33 
RISPERIDONE MICROSPHERES 25 MG IM SUSR,"$3,239.31 "
RISPERIDONE MICROSPHERES 37.5 MG IM SUSR,"$4,852.92 "
RISPERIDONE MICROSPHERES 50 MG IM SUSR,"$6,466.59 "
RITONAVIR 100 MG PO TABS,$62.95 
RIVAROXABAN 10 MG PO TABS,$101.35 
RIVAROXABAN 15 MG PO TABS,$101.35 
RIVAROXABAN 20 MG PO TABS,$101.35 
RIVASTIGMINE 13.3 MG/24HR TD PT24,$155.46 
RIVASTIGMINE 4.6 MG/24HR TD PT24,$155.46 
RIVASTIGMINE 9.5 MG/24HR TD PT24,$155.46 
RIVASTIGMINE TARTRATE 1.5 MG PO CAPS,$27.12 
RIVASTIGMINE TARTRATE 3 MG PO CAPS,$27.12 
ROFLUMILAST 250 MCG (1/2 X 500 MCG) PO TABS,$35.28 
ROFLUMILAST 500 MCG PO TABS,$85.12 
ROMIDEPSIN 10 MG IV SOLR,"$29,425.43 "
ROMIPLOSTIM 250 MCG SUBQ SOLR,"$12,852.97 "
ROPINIROLE HCL 0.125 MG (1/2 X 0.25 MG) PO TABS,$13.96 
ROPINIROLE HCL 0.25 MG PO TABS,$41.94 
ROPINIROLE HCL 0.5 MG PO TABS,$16.79 
ROPINIROLE HCL 1 MG PO TABS,$16.80 
ROSUVASTATIN CALCIUM 10 MG PO TABS,$49.64 
ROSUVASTATIN CALCIUM 2.5 MG (1/2 X 5 MG) PO TAB,$23.13 
ROSUVASTATIN CALCIUM 20 MG PO TABS,$63.84 
ROSUVASTATIN CALCIUM 40 MG PO TABS,$63.84 
ROSUVASTATIN CALCIUM 5 MG PO TABS,$44.31 
RUFINAMIDE 100 MG (1/2 X 200 MG) PO TABS,$22.02 
RUFINAMIDE 200 MG PO TABS,$84.02 
RUFINAMIDE 50 MG (1/4 X 200 MG) PO TABS,$11.99 
SALMETEROL XINAFOATE 50 MCG/DOSE IN AEPB,$58.40 
SAQUINAVIR MESYLATE 200 MG PO CAPS,$32.94 
SARGRAMOSTIM 250 MCG IV SOLR,"$1,567.47 "
SCOPOLAMINE 1 MG/3DAYS TD PT72,$128.85 
SECRETIN ACETATE (HUMAN) 16 MCG IV SOLR,"$3,748.40 "
SELEGILINE 6 MG/24HR TD PT24,$393.23 
SELEGILINE HCL 1.25 MG (1/4 X 5 MG) PO TABS,$6.70 
SELEGILINE HCL 2.5 MG (1/2 X 5 MG) PO TABS,$10.73 
SELEGILINE HCL 5 MG PO CAPS,$15.60 
SELEGILINE HCL 5 MG PO TABS,$19.51 
SELENIUM 100 MCG (1/2 X 200 MCG) PO TABS,$6.70 
SELENIUM 200 MCG PO CAPS,$6.70 
SELENIUM 200 MCG PO TABS,$6.70 
SELENIUM 50 MCG PO TABS,$6.70 
SELEXIPAG 200 MCG PO TABS,"$1,256.15 "
SENNOSIDES 8.6 MG PO TABS,$6.70 
SENNOSIDES-DOCUSATE SODIUM 8.6-50 MG PO TABS,$6.70 
SERTRALINE HCL 100 MG PO TABS,$18.03 
SERTRALINE HCL 12.5 MG (1/2 X 25 MG) PO TABS,$6.70 
SERTRALINE HCL 25 MG PO TABS,$18.84 
SERTRALINE HCL 50 MG PO TABS,$18.03 
SEVELAMER CARBONATE 800 MG PO TABS,$24.38 
SEVELAMER HCL 400 MG PO TABS,$27.06 
SEVELAMER HCL 800 MG PO TABS,$52.16 
SILDENAFIL CITRATE 10 MG ( 1/2 X 20 MG) PO TAB,$85.08 
SILDENAFIL CITRATE 20 MG PO TABS,$341.35 
SILDENAFIL CITRATE 5 MG (1/4 X 20 MG) PO TAB,$47.26 
SILVER NITRATE-POT NITRATE 75-25 % EX MISC,$6.70 
SIMETHICONE 20 MG (1/4 X 80 MG) PO CHEW,$6.70 
SIMETHICONE 40 MG (1/2 X 80 MG) PO CHEW,$6.70 
SIMETHICONE 80 MG PO CHEW,$6.70 
SIMVASTATIN 10 MG PO TABS,$18.49 
SIMVASTATIN 2.5 MG (1/2 X 5 MG) PO TABS,$6.70 
SIMVASTATIN 20 MG PO TABS,$31.13 
SIMVASTATIN 40 MG PO TABS,$31.02 
SIMVASTATIN 5 MG PO TABS,$6.70 
SINCALIDE 5 MCG IJ SOLR,$732.43 
SIROLIMUS 0.5 MG PO TABS,$52.20 
SIROLIMUS 1 MG PO TABS,$103.04 
SITAGLIPTIN PHOSPHATE 100 MG PO TABS,$103.85 
SITAGLIPTIN PHOSPHATE 25 MG PO TABS,$103.85 
SITAGLIPTIN PHOSPHATE 50 MG PO TABS,$103.85 
SODIUM BICARBONATE 150 MEQ + D5W 1000 ML,$268.53 
SODIUM BICARBONATE 162.5 MG (1/2 X 325 MG) PO TABS,$6.70 
SODIUM BICARBONATE 325 MG PO TABS,$6.70 
SODIUM BICARBONATE 650 MG PO TABS,$6.70 
SODIUM CHLORIDE 1 G PO TABS,$6.70 
SODIUM CHLORIDE 250 MG (1/4 X 1 GM) PO TABS,$6.70 
SODIUM CHLORIDE 500 MG (1/2 X 1 GM) PO TABS,$6.70 
SODIUM ION INJ FOR TPN,$10.00 
SORBSAN WOUND DRESSING EX PADS,$107.63 
SOTALOL HCL 10 MG (1/8 X 80 MG) PO TABS,$6.70 
SOTALOL HCL 160 MG PO TABS,$27.29 
SOTALOL HCL 20 MG (1/4 X 80 MG) PO TABS,$9.32 
SOTALOL HCL 40 MG (1/2 X 80 MG) PO TABS,$16.72 
SOTALOL HCL 80 MG PO TABS,$17.14 
SPIRONOLACTONE 12.5 MG (1/2 X 25 MG) PO TABS,$6.70 
SPIRONOLACTONE 25 MG PO TABS,$6.70 
SPIRONOLACTONE 6.25 MG (1/4 X 25 MG) PO TABS,$6.70 
SPIRONOLACTONE-HCTZ 25-25 MG PO TABS,$14.76 
STAVUDINE 20 MG PO CAPS,$52.48 
STAVUDINE 30 MG PO CAPS,$55.63 
STAVUDINE 40 MG PO CAPS,$56.62 
STREPTOMYCIN SULFATE 1 G IM SOLR,$797.19 
STREPTOZOCIN 1 G IV SOLR,$642.34 
SUB Q BUTTON,$53.07 
SUCCIMER 100 MG PO CAPS,$60.60 
SUCRALFATE 1 G PO TABS,$6.70 
SUCRALFATE 250 MG (1/4 X 1 GM) PO TABS,$6.70 
SUCRALFATE 500 MG (1/2 X 1 GM) PO TABS,$6.70 
SULFADIAZINE 500 MG PO TABS,$31.88 
SULFAMETHOXAZOLE-TRIMETHOPRIM 100-20 MG (1/4 X 400-80 MG) PO TABS,$6.70 
SULFAMETHOXAZOLE-TRIMETHOPRIM 200-40 MG (1/2 X 400-80 MG) PO TABS,$6.70 
SULFAMETHOXAZOLE-TRIMETHOPRIM 400-80 MG PO TABS,$6.70 
SULFAMETHOXAZOLE-TRIMETHOPRIM 800-160 MG PO TABS,$10.50 
SULFASALAZINE 125 MG (1/4 X 500 MG) PO TABS,$6.70 
SULFASALAZINE 250 MG (1/2 X 500 MG) PO TABS,$6.70 
SULFASALAZINE 500 MG PO TABS,$6.70 
SULFASALAZINE 500 MG PO TBEC,$15.98 
SUMATRIPTAN 5 MG/ACT NA SOLN,$565.16 
SUMATRIPTAN SUCCINATE 25 MG PO TABS,$169.47 
SUMATRIPTAN SUCCINATE 50 MG PO TABS,$151.03 
SUNITINIB MALATE 12.5 MG PO CAPS,"$1,244.24 "
SUNITINIB MALATE 25 MG PO CAPS,"$2,486.53 "
SUNITINIB MALATE 50 MG PO CAPS,"$4,327.26 "
SURGICEL 0.5X2 ABSORB HEMOSTAT,$148.94 
SURGICEL 1X2 FIBRILLAR,$510.60 
SURGICEL 2X3 ABSORB HEMOSTAT,$301.00 
SURGICEL 3X4 NU-KNIT,$486.19 
SURGICEL 4X8 ABSORB HEMOSTAT,$548.12 
SURGICEL 6X9 NU-KNIT,"$1,139.15 "
T.E.D. KNEE LENGTH 2X-LARGE,$59.65 
T.E.D. KNEE LENGTH 3X-LARGE,$61.78 
T.E.D. KNEE LENGTH/L-LONG MISC,$22.51 
T.E.D. KNEE LENGTH/L-REGULAR MISC,$22.51 
T.E.D. KNEE LENGTH/M-REGULAR MISC,$22.51 
T.E.D. KNEE LENGTH/S-REGULAR MISC,$22.51 
T.E.D. KNEE LENGTH/XL-REGULAR MISC,$22.51 
T.E.D. THIGH BELTED/XL-LONG MISC,$51.22 
T.E.D. THIGH BELTED/XL-REGULAR MISC,$34.58 
T.E.D. THIGH LENGTH/L-REGULAR MISC,$36.21 
T.E.D. THIGH LENGTH/M-REGULAR MISC,$62.19 
T.E.D. THIGH LENGTH/S-REGULAR MISC,$62.19 
TACROLIMUS 0.5 MG PO CAPS,$15.17 
TACROLIMUS 1 MG PO CAPS,$28.40 
TACROLIMUS 5 MG PO CAPS,$134.18 
TALC 2 G PL POWD,$713.55 
TALC 2 G PL POWD,$713.55 
TALC 5 G PL SUSR,$506.00 
TALIGLUCERASE ALFA 200 UNITS IV SOLR,"$5,559.07 "
TAMOXIFEN CITRATE 10 MG PO TABS,$6.70 
TAMOXIFEN CITRATE 2.5 MG (1/4 X 10 MG) PO TABS,$6.70 
TAMOXIFEN CITRATE 5 MG (1/2 X 10 MG) PO TABS,$6.70 
TAMSULOSIN HCL 0.4 MG PO CAPS,$26.91 
TELMISARTAN 20 MG PO TABS,$34.69 
TELMISARTAN 40 MG PO TABS,$34.69 
TELMISARTAN 80 MG PO TABS,$34.69 
TEMAZEPAM 15 MG PO CAPS,$6.70 
TEMAZEPAM 30 MG PO CAPS,$6.89 
TEMOZOLOMIDE 20 MG PO CAPS,$415.75 
TEMOZOLOMIDE 5 MG PO CAPS,$73.34 
TENECTEPLASE 50 MG IV KIT,"$41,725.54 "
TENOFOVIR DISOPROXIL FUMARATE 300 MG PO TABS,$272.41 
TERAZOSIN HCL 1 MG PO CAPS,$11.47 
TERAZOSIN HCL 5 MG PO CAPS,$11.47 
TERBINAFINE HCL 250 MG PO TABS,$79.18 
TERBUTALINE SULFATE 2.5 MG PO TABS,$34.22 
TERBUTALINE SULFATE 5 MG PO TABS,$41.36 
TESTOSTERONE 2 MG/24HR TD PT24,$68.66 
TESTOSTERONE 4 MG/24HR TD PT24,$135.37 
TETANUS IMMUNE GLOBULIN 250 UNIT/ML IM INJ,"$3,556.51 "
TETRACYCLINE HCL 250 MG PO CAPS,$48.65 
TETRACYCLINE HCL 500 MG PO CAPS,$95.35 
THEOPHYLLINE 200 MG (1/2 X 400 MG) PO TB24,$6.70 
THEOPHYLLINE ER 100 MG PO CP24,$12.65 
THEOPHYLLINE ER 150 MG (1/2 X 300 MG) PO TAB TB12,$6.70 
THEOPHYLLINE ER 200 MG PO CP24,$17.85 
THEOPHYLLINE ER 225 MG (1/2 X 450 MG) PO TAB TB12,$6.70 
THEOPHYLLINE ER 300 MG PO TB12,$27.43 
THEOPHYLLINE ER 400 MG PO TB24,$10.00 
THEOPHYLLINE ER 450 MG PO TB12,$37.80 
THERAPEUTIC-M PO TABS,$6.70 
THIAMINE HCL 100 MG PO TABS,$6.70 
THIOGUANINE 20 MG (1/2 X 40 MG) PO TABS,$46.64 
THIOGUANINE 40 MG PO TABS,$181.82 
THIORIDAZINE HCL 25 MG PO TABS,$6.92 
THIORIDAZINE HCL 50 MG PO TABS,$7.60 
THIOTEPA 15 MG IJ SOLR,"$6,000.73 "
THIOTHIXENE 1 MG PO CAPS,$8.99 
THIOTHIXENE 10 MG PO CAPS,$32.24 
THIOTHIXENE 5 MG PO CAPS,$16.08 
THROMBIN (RECOMBINANT) 5000 UNITS EX SOLR,$624.48 
THROMBIN 5000 UNITS EX SOLR,$523.19 
THYROID 15 MG PO TABS,$6.70 
THYROID 60 MG PO TABS,$7.39 
THYROTROPIN ALFA 1.1 MG IM SOLR,"$10,593.61 "
TIAGABINE HCL 12 MG PO TABS,$58.59 
TIAGABINE HCL 2 MG (1/2 X 4 MG) PO TABS,$21.80 
TIAGABINE HCL 4 MG PO TABS,$41.66 
TICAGRELOR 60 MG PO TABS,$43.81 
TICAGRELOR 90 MG PO TABS,$43.80 
TIGECYCLINE 50 MG IV SOLR,"$1,584.40 "
TIOTROPIUM BROMIDE MONOHYDRATE 18 MCG IN CAPS,$96.27 
TIOTROPIUM BROMIDE MONOHYDRATE 18 MCG IN CAPS,$114.04 
TIZANIDINE HCL 1 MG (1/4 X 4 MG) PO TABS,$6.70 
TIZANIDINE HCL 2 MG (1/2 X 4 MG) PO TABS,$6.70 
TIZANIDINE HCL 4 MG PO TABS,$10.64 
TO GO ALBUTEROL HFA INHALER,$362.38 
TO GO AMOXICILLIN 250 MG/5ML 150ML,$55.32 
TO GO AUGMENTIN 875MG #1 TAB,$31.91 
TO GO CEPHALEXIN #8 250MG CAPS,$6.70 
TO GO CIPROFLOXACIN 250 MG #2 TABS,$56.44 
TO GO LEVOFLOXACIN 750 MG #1 TAB,$118.99 
TO GO ONDANSETRON ODT 4MG #2,$133.89 
TO GO ONDANSETRON ODT 8MG #2,$442.31 
TO GO OXYCODONE 5 MG IMMED RELEASE TAB/CAP,$13.99 
TO GO OXYCODONE-ACETAMINOPHEN #6 5-325 MG TAB,$48.20 
TO GO POLYTRIM OPHTHALMIC SOLUTION,$81.65 
TO GO SULFAMETHOX/TMP #4 800-160 TABS,$10.49 
TO GO TRAMADOL 50 MG #3 TABS,$16.11 
TOBRAMYCIN BEADS 6.4 MM STRING,$743.20 
TOBRAMYCIN SULFATE 1.2 G IJ SOLR,"$1,257.80 "
TOLMETIN SODIUM 200 MG PO TABS,$6.70 
TOLTERODINE TARTRATE 1 MG PO TABS,$21.78 
TOLTERODINE TARTRATE 2 MG PO TABS,$54.23 
TOLTERODINE TARTRATE ER 2 MG PO CP24,$73.70 
TOLVAPTAN 15 MG PO TABS,"$3,057.06 "
TOLVAPTAN 30 MG PO TABS,"$3,171.27 "
TOPIRAMATE 100 MG PO TABS,$43.16 
TOPIRAMATE 12.5 MG (1/2 X 25 MG) PO TABS,$9.53 
TOPIRAMATE 15 MG PO CPSP,$16.29 
TOPIRAMATE 200 MG PO TABS,$50.29 
TOPIRAMATE 25 MG PO CPSP,$48.25 
TOPIRAMATE 25 MG PO TABS,$16.93 
TOPIRAMATE 25 MG TAB FOR QSYMIA DISCONTINUATION,$16.93 
TOPOTECAN HCL 4 MG IV SOLR,"$1,229.83 "
TOPOTECAN HCL 4 MG IV SOLR,"$2,384.89 "
TORSEMIDE 10 MG PO TABS,$6.70 
TORSEMIDE 20 MG PO TABS,$6.82 
TORSEMIDE 5 MG PO TABS,$6.70 
TRAMADOL 25 MG (1/2 X 50MG) PO TABS,$6.70 
TRAMADOL HCL 12.5 MG (1/4 X 50 MG) PO TABS,$6.70 
TRAMADOL HCL 50 MG PO TABS,$6.70 
TRAMADOL HCL ER 100 MG PO TB24,$23.53 
TRAMADOL HCL ER 200 MG PO TB24,$37.63 
TRANYLCYPROMINE SULFATE 10 MG PO TABS,$41.87 
TRASTUZUMAB 150 MG IV SOLR,"$11,102.19 "
TRASTUZUMAB 440 MG IV SOLR,"$29,781.69 "
TRAZODONE HCL 100 MG PO TABS,$6.70 
TRAZODONE HCL 12.5 MG (1/4 X 50 MG) PO TABS,$6.70 
TRAZODONE HCL 25 MG (1/2 X 50 MG) PO TABS,$6.70 
TRAZODONE HCL 50 MG PO TABS,$6.70 
TRETINOIN 10 MG PO CAPS,$223.45 
TRIAMTERENE-HCTZ 18.75-12.5 MG (1/4 X 75-50 MG) PO TABS,$6.70 
TRIAMTERENE-HCTZ 37.5-25 MG PO TABS,$6.70 
TRIAMTERENE-HCTZ 75-50 MG PO TABS,$7.35 
TRIFLUOPERAZINE HCL 1 MG PO TABS,$7.14 
TRIFLUOPERAZINE HCL 10 MG PO TABS,$13.23 
TRIFLUOPERAZINE HCL 2 MG PO TABS,$9.59 
TRIFLUOPERAZINE HCL 2 MG PO TABS,$13.81 
TRIFLUOPERAZINE HCL 5 MG PO TABS,$11.57 
TRIHEXYPHENIDYL HCL 1 MG (1/2 X 2 MG) PO TABS,$6.70 
TRIHEXYPHENIDYL HCL 2 MG PO TABS,$6.70 
TRIHEXYPHENIDYL HCL 2.5 MG (1/2 X 5 MG) PO TABS,$6.70 
TRIHEXYPHENIDYL HCL 5 MG PO TABS,$6.70 
TRIMETHOBENZAMIDE HCL 300 MG PO CAPS,$34.24 
TRIMETHOPRIM 100 MG PO TABS,$6.70 
TRIPTORELIN PAMOATE 11.25 MG IM SUSR,"$17,373.52 "
TRIPTORELIN PAMOATE 3.75 MG IM SUSR,"$5,799.53 "
TUCKS 50 % EX PADS,$6.70 
ULIPRISTAL ACETATE 30 MG PO TABS,$256.35 
UMECLIDINIUM BROMIDE 62.5 MCG/INH IN AEPB,$71.77 
UMECLIDINIUM-VILANTEROL 62.5-25 MCG/INH IN AEPB,$50.53 
UNASYN 1.5 GM PIGGYBACK IN ACUDOSE,$138.62 
UNASYN 3 GM PIGGYBACK IN ACUDOSE,$140.16 
URSODIOL 300 MG PO CAPS,$45.54 
VALACYCLOVIR HCL 1 G PO TABS,$76.92 
VALACYCLOVIR HCL 250 MG (1/2 X 500 MG) PO TABS,$23.37 
VALACYCLOVIR HCL 500 MG PO TABS,$44.79 
VALGANCICLOVIR HCL 450 MG PO TABS,$383.82 
VALPROIC ACID 250 MG PO CAPS,$6.84 
VALSARTAN 10 MG (1/4 X 40 MG) PO TABS,$7.79 
VALSARTAN 160 MG PO TABS,$58.65 
VALSARTAN 20 MG (1/2 X 40 MG) PO TABS,$13.62 
VALSARTAN 40 MG PO TABS,$46.06 
VALSARTAN 80 MG PO TABS,$30.70 
VALSARTAN-HYDROCHLOROTHIAZIDE 160-12.5 MG PO TABS,$27.32 
VALSARTAN-HYDROCHLOROTHIAZIDE 80-12.5 MG PO TABS,$25.27 
VANCOMYCIN 1 GM PIGGYBACK IN ACUDOSE,$259.00 
VANCOMYCIN HCL 1 G IV SOLR,$125.65 
VANCOMYCIN HCL 1 G IV SOLR,$143.07 
VANCOMYCIN HCL 10 G IV SOLR,"$1,524.65 "
VANCOMYCIN HCL 125 MG PO CAPS,$187.59 
VANCOMYCIN HCL 250 MG PO CAPS,$344.21 
VANCOMYCIN HCL 500 MG IV SOLR,$93.25 
VARICELLA VIRUS VACCINE LIVE 1350 PFU/0.5ML SUBQ INJ,$869.37 
VARICELLA-ZOSTER IMMUNE GLOB 125 UNITS IM SOLR,"$4,869.17 "
VECURONIUM BROMIDE 10 MG IV SOLR,$48.08 
VECURONIUM BROMIDE 20 MG IV SOLR,$83.66 
VENLAFAXINE HCL 12.5 MG (1/2 X 25 MG) PO TABS,$7.71 
VENLAFAXINE HCL 18.75 MG (1/4 X 75 MG) PO TABS,$6.70 
VENLAFAXINE HCL 25 MG PO TABS,$13.47 
VENLAFAXINE HCL 37.5 MG PO TABS,$13.81 
VENLAFAXINE HCL 50 MG PO TABS,$14.17 
VENLAFAXINE HCL 75 MG PO TABS,$14.91 
VENLAFAXINE HCL ER 150 MG PO CP24,$6.70 
VENLAFAXINE HCL ER 37.5 MG PO CP24,$26.64 
VENLAFAXINE HCL ER 75 MG PO CP24,$26.84 
VERAPAMIL HCL 10 MG (1/4 X 40 MG) PO TABS,$6.70 
VERAPAMIL HCL 20 MG (1/2 X 40 MG) PO TABS,$6.70 
VERAPAMIL HCL 40 MG PO TABS,$6.70 
VERAPAMIL HCL 60 MG (1/2 X 120 MG) PO TABS,$6.70 
VERAPAMIL HCL 80 MG PO TABS,$6.70 
VERAPAMIL HCL CR 60 MG (1/2 X 120 MG) PO TBCR,$6.70 
VERAPAMIL HCL CR 90 MG (1/2 X 180 MG) PO TBCR,$6.70 
VERAPAMIL HCL ER 120 MG PO TBCR,$15.69 
VERAPAMIL HCL ER 180 MG PO TBCR,$10.49 
VERAPAMIL HCL ER 240 MG PO TBCR,$16.98 
VERTEPORFIN 15 MG IV SOLR,"$11,785.98 "
VIGABATRIN 500 MG PO PACK,$948.06 
VIGABATRIN 500 MG PO TABS,$948.06 
VITAMIN A 10000 UNITS PO CAPS,$6.70 
VITAMIN B-1 50 MG PO TABS,$6.70 
VITAMIN B-12 100 MCG PO TABS,$6.70 
VITAMIN B-12 25 MCG (1/4 X 100 MCG) PO TAB,$6.70 
VITAMIN B-12 250 (1/2 X 500 MCG) PO TABS,$6.70 
VITAMIN B-12 50 MCG (1/2 X 100MCG) PO TABS,$6.70 
VITAMIN B-12 500 MCG PO TABS,$6.70 
VITAMIN B-2 100 MG PO TABS,$6.70 
VITAMIN B-2 100 MG PO TABS,$6.70 
VITAMIN B-2 25 MG (1/4 X 100 MG) PO TABS,$6.70 
VITAMIN B-2 50 MG (1/2 X 100 MG) PO TABS,$6.70 
VITAMIN B-6 100 MG PO TABS,$6.70 
VITAMIN C 125 MG (1/2 X 250 MG) PO TABS,$6.70 
VITAMIN C 250 MG PO TABS,$6.70 
VITAMIN C 500 MG PO TABS,$6.70 
VITAMIN D2 (ERGOCALCIFEROL)50000 UNIT PO CAPS,$13.64 
VITAMIN D3 1000 UNITS PO TABS,$6.70 
VITAMIN E 100 UNITS PO CAPS,$6.70 
VITAMIN E 400 UNITS PO CAPS,$6.70 
VIVONEX PEDIATRIC PO PACK,$37.59 
VIVONEX PLUS PO PACK,$57.62 
VORICONAZOLE 100 MG (1/2 X 200 MG ) PO TABS,$141.03 
VORICONAZOLE 200 MG IV SOLR,"$1,510.98 "
VORICONAZOLE 200 MG PO TABS,$299.90 
VORICONAZOLE 50 MG PO TABS,$59.57 
VORICONAZOLE 50 MG PO TABS,$76.44 
WARFARIN SODIUM 0.5 MG (1/2 X 1MG) PO TABS,$6.70 
WARFARIN SODIUM 1 MG PO TABS,$6.70 
WARFARIN SODIUM 1.25 MG (1/2 X 2.5 MG) PO TABS,$6.70 
WARFARIN SODIUM 1.5 MG (1/2 X 3 MG) PO TABS,$6.70 
WARFARIN SODIUM 10 MG PO TABS,$7.86 
WARFARIN SODIUM 2 MG PO TABS,$6.70 
WARFARIN SODIUM 2.5 MG PO TABS,$6.70 
WARFARIN SODIUM 3 MG PO TABS,$6.70 
WARFARIN SODIUM 3.75 MG (1/2 X 7.5 MG) PO TABS,$6.70 
WARFARIN SODIUM 4 MG PO TABS,$6.70 
WARFARIN SODIUM 5 MG PO TABS,$6.70 
WARFARIN SODIUM 7.5 MG PO TABS,$7.42 
WARFARIN SODIUM 7.5 MG PO TABS,$7.61 
XEROFORM PETROLATUM DRESSING EX PADS 1X8,$6.70 
XEROFORM PETROLATUM DRESSING EX PADS 1X8,$15.68 
XEROFORM PETROLATUM DRESSING EX PADS 5X9,$8.17 
YELLOW FEVER VACCINE SUBQ INJ,"$1,002.89 "
ZAFIRLUKAST 10 MG (1/2 X 20 MG) PO TABS,$8.36 
ZAFIRLUKAST 20 MG PO TABS,$19.69 
ZANAMIVIR 5 MG/BLISTER IN AEPB,$22.94 
ZILEUTON ER 600 MG PO TB12,$224.86 
ZINC 50 MG PO TABS,$6.70 
ZINC GLUCONATE 12.5 MG (1/4 X 50 MG) PO TABS,$6.70 
ZINC GLUCONATE 25 MG (1/2 X 50 MG) PO TABS,$6.70 
ZINC SULFATE 220 (50 ZN) MG PO CAPS,$6.70 
ZIPRASIDONE HCL 20 MG PO CAPS,$52.15 
ZIPRASIDONE HCL 40 MG PO CAPS,$52.15 
ZIPRASIDONE MESYLATE 20 MG IM SOLR,$366.02 
ZOLPIDEM TARTRATE 1.25 MG (1/4 X 5 MG) PO TABS,$8.83 
ZOLPIDEM TARTRATE 2.5 MG (1/2 X 5 MG) PO TABS,$15.67 
ZOLPIDEM TARTRATE 5 MG PO TABS,$29.35 
ZONISAMIDE 100 MG PO CAPS,$13.66 
ZONISAMIDE 25 MG PO CAPS,$80.18 
ZOSTER VACCINE LIVE 19400 UNT/0.65ML SUBQ SUSR,"$1,525.83 "
ZOSYN 4.5 GM PIGGYBACK IN ACUDOSE,$268.87 
