Geisinger Lewistown Hospital: MEDICATIONS,
"Published: January 1, 2019",
,
MEDICATION, CHARGE 
ABATACEPT 250 MG IV SOLR,"$2,809.18 "
ACARBOSE 50 MG PO TABS,$2.71 
ACEBUTOLOL HCL 200 MG PO CAPS,$0.65 
ACETAMINOPHEN 120 MG PR SUPP,$1.30 
ACETAMINOPHEN 162.5 MG (1/2 X 325 MG) PO TABS,$0.02 
ACETAMINOPHEN 325 MG PO TABS,$0.04 
ACETAMINOPHEN 325 MG PO TABS,$0.12 
ACETAMINOPHEN 325 MG PR SUPP,$1.41 
ACETAMINOPHEN 500 MG PO TABS,$0.06 
ACETAMINOPHEN 650 MG PR SUPP,$1.52 
ACETAMINOPHEN 80 MG PO CHEW,$0.10 
ACETAMINOPHEN 80 MG PR SUPP,$1.88 
ACETAMINOPHEN-CODEINE #3 300-30 MG PO TABS,$1.44 
ACETATE ION INJ FOR TPN,$10.00 
ACETAZOLAMIDE 125 MG PO TABS,$4.68 
ACETAZOLAMIDE 250 MG PO TABS,$9.37 
ACETAZOLAMIDE 62.5 MG (1/2 X 125 MG) PO TABS,$2.34 
ACETAZOLAMIDE ER 500 MG PO CP12,$8.32 
ACETONE (URINE) TEST VI TABS,$0.73 
ACETYLCHOLINE CHLORIDE 20 MG IO SOLR,$252.90 
ACYCLOVIR 200 MG PO CAPS,$0.36 
ACYCLOVIR 400 MG PO TABS,$0.76 
ACYCLOVIR 800 MG PO TABS,$0.81 
ADALIMUMAB 40 MG/0.8ML SUBQ PSKT,"$6,540.70 "
ADO-TRASTUZUMAB EMTANSINE 100 MG IV SOLR,"$12,335.13 "
ADO-TRASTUZUMAB EMTANSINE 160 MG IV SOLR,"$19,730.22 "
AGALSIDASE BETA 35 MG IV SOLR,"$15,825.39 "
ALBENDAZOLE 200 MG PO TABS,$592.88 
ALBUMIN (URINE) TEST VI STRP,$1.02 
ALBUTEROL SULFATE 2 MG PO TABS,$12.62 
ALDESLEUKIN 22000000 UNITS IV SOLR,"$16,113.63 "
ALLOPURINOL 100 MG PO TABS,$0.84 
ALLOPURINOL 150 MG (1/2 X 300 MG) PO TABS,$0.85 
ALLOPURINOL 25 MG (1/4 X 100 MG) PO TABS,$0.14 
ALLOPURINOL 300 MG PO TABS,$1.70 
ALLOPURINOL 50 MG (1/2 X 100 MG) PO TABS,$0.27 
ALLOPURINOL 75 MG (1/4 X 300 MG) PO TABS,$0.51 
ALLOPURINOL SODIUM 500 MG IV SOLR,"$10,705.26 "
ALPRAZOLAM 0.125 MG (1/2 X 0.25 MG) PO TABS,$0.08 
ALPRAZOLAM 0.25 MG PO TABS,$0.15 
ALPRAZOLAM 0.5 MG PO TABS,$0.14 
ALPRAZOLAM 1 MG PO TABS,$0.16 
ALTEPLASE 100 MG IV SOLR,"$23,628.97 "
ALTEPLASE 2 MG IJ SOLR,$410.97 
ALTEPLASE 2 MG INJ SOLUTION,$410.97 
ALTEPLASE 50 MG IV SOLR,"$11,814.48 "
ALTEPLASE FOR PE WITHOUT CARDIAC ARREST,"$23,628.97 "
ALTEPLASE INJ BOLUS FOR CARDIAC ARREST WITH PE,"$11,814.48 "
ALTEPLASE INJ BOLUS FOR ISCHEMIC STROKE,"$23,628.97 "
ALTEPLASE IV SOLN FOR ISCHEMIC STROKE,"$23,628.97 "
ALUM SULFATE-CA ACETATE EX PACK,$1.68 
ALVIMOPAN 12 MG PO CAPS,$422.54 
AMANTADINE HCL 100 MG PO CAPS,$5.69 
AMIFOSTINE 500 MG IV SOLR,"$2,739.74 "
AMILORIDE HCL 2.5 MG (1/2 X 5 MG) PO TABS,$1.21 
AMILORIDE HCL 2.5 MG (1/2 X 5 MG) PO TABS,$1.21 
AMILORIDE HCL 5 MG PO TABS,$2.42 
AMINOCAPROIC ACID 125 MG (1/4 X 500 MG) PO TABS,$1.87 
AMINOCAPROIC ACID 250 MG (1/2 X 500 MG) PO TABS,$3.73 
AMINOCAPROIC ACID 500 MG PO TABS,$7.46 
AMIODARONE 150 MG IN D5W 100 ML IVPB,$11.78 
AMIODARONE HCL 100 MG PO TABS,$7.48 
AMIODARONE HCL 200 MG PO TABS,$0.99 
AMIODARONE HCL 25 MG (1/4 X 100) PO TABS,$1.87 
AMIODARONE HCL 50 MG (1/2 X 100 MG) PO TABS,$3.74 
AMITRIPTYLINE HCL 10 MG PO TABS,$0.38 
AMITRIPTYLINE HCL 100 MG PO TABS,$3.07 
AMITRIPTYLINE HCL 12.5 MG (1/2 X 25 MG) PO TABS,$0.29 
AMITRIPTYLINE HCL 2.5 MG (1/4 X 10 MG) PO TABS,$0.10 
AMITRIPTYLINE HCL 25 MG PO TABS,$0.57 
AMITRIPTYLINE HCL 5 MG (1/2 X 10 MG) PO TABS,$0.19 
AMITRIPTYLINE HCL 50 MG PO TABS,$1.98 
AMITRIPTYLINE HCL 75 MG PO TABS,$2.31 
AMLODIPINE BESY-BENAZEPRIL HCL 10-20 MG PO CAPS,$29.50 
AMLODIPINE BESY-BENAZEPRIL HCL 2.5-10 MG PO CAPS,$18.75 
AMLODIPINE BESY-BENAZEPRIL HCL 5-10 MG PO CAPS,$1.40 
AMLODIPINE BESY-BENAZEPRIL HCL 5-20 MG PO CAPS,$6.05 
AMLODIPINE BESYLATE 1.25 MG (1/2 X 2.5 MG) PO TABS,$0.12 
AMLODIPINE BESYLATE 10 MG PO TABS,$0.29 
AMLODIPINE BESYLATE 2.5 MG PO TABS,$0.23 
AMLODIPINE BESYLATE 5 MG PO TABS,$0.21 
AMMONIA AROMATIC IN INHA,$1.17 
AMOBARBITAL SODIUM 500 MG IJ SOLR,"$1,968.24 "
AMOXICILLIN 250 MG PO CAPS,$0.27 
AMOXICILLIN 500 MG PO CAPS,$0.48 
AMOXICILLIN-POT CLAVULANATE 250-125 MG PO TABS,$12.74 
AMOXICILLIN-POT CLAVULANATE 500-125 MG PO TABS,$3.79 
AMOXICILLIN-POT CLAVULANATE 875-125 MG PO TABS,$4.53 
AMPHETAMINE-DEXTROAMPHET ER 10 MG PO CP24,$13.17 
AMPHETAMINE-DEXTROAMPHET ER 20 MG PO CP24,$13.17 
AMPHETAMINE-DEXTROAMPHET ER 25 MG PO CP24,$13.17 
AMPHETAMINE-DEXTROAMPHET ER 30 MG PO CP24,$10.44 
AMPHETAMINE-DEXTROAMPHETAMINE 10 MG PO TABS,$17.27 
AMPHETAMINE-DEXTROAMPHETAMINE 2.5 MG (1/2 X 5 MG) PO TABS,$1.55 
AMPHETAMINE-DEXTROAMPHETAMINE 20 MG PO TABS,$2.32 
AMPHETAMINE-DEXTROAMPHETAMINE 5 MG PO TABS,$3.09 
AMPHOTERICIN B 50 MG IJ SOLR,$102.03 
AMPHOTERICIN B LIPOSOME 50 MG IV SUSR,$663.57 
AMPICILLIN SODIUM 1 G IV SOLR,$35.17 
AMPICILLIN SODIUM 2 G IJ SOLR,$35.99 
AMPICILLIN SODIUM 500 MG IJ SOLR,$6.37 
AMPICILLIN-SULBACTAM SODIUM 1.5 (1-0.5) G IJ SOLR,$20.40 
AMPICILLIN-SULBACTAM SODIUM 3 (2-1) G IJ SOLR,$20.70 
ANAGRELIDE HCL 0.5 MG PO CAPS,$2.24 
ANASTROZOLE 1 MG PO TABS,$0.43 
ANTIHEMOPHILIC FACTOR (RECOMB) KOGENATE FS IV KIT,$4.24 
ANTI-THYMOCYTE GLOB (RABBIT) 25 MG IV SOLR,"$2,143.44 "
ANTIVENIN LATRODECTUS MACTANS IJ KIT,$74.40 
APIXABAN 2.5 MG PO TABS,$18.75 
APIXABAN 2.5 MG PO TABS,$18.75 
APIXABAN 5 MG PO TABS,$18.75 
APIXABAN 5 MG PO TABS,$18.75 
APRACLONIDINE HCL 1 % OP SOLN,$74.45 
APREPITANT 125 MG PO CAPS,$917.82 
APREPITANT 40 MG PO CAPS,$316.94 
APREPITANT 80 MG PO CAPS,$437.68 
"AQUACEL-AG EXTRA HYDROFIBER 4""X5"" EX PADS",$42.55 
ARIPIPRAZOLE 10 MG PO TABS,$60.08 
ARIPIPRAZOLE 15 MG PO TABS,$64.89 
ARIPIPRAZOLE 2 MG PO TABS,$3.99 
ARIPIPRAZOLE 2.5 MG (1/2 X 5 MG) PO TABS,$34.74 
ARIPIPRAZOLE 3.75 MG (1/4 X 15 MG) PO TABS,$17.37 
ARIPIPRAZOLE 5 MG PO TABS,$60.08 
ARIPIPRAZOLE 7.5 MG (1/2 X 15 MG) PO TABS,$34.74 
ARIPIPRAZOLE ER 300 MG IM SRER,"$4,362.62 "
ARIPIPRAZOLE ER 400 MG IM SRER,"$5,816.81 "
ASPARAGINASE ERWINIA CHRYSANTH 10000 UNITS IJ SOLR,"$16,152.94 "
ASPIRIN 162.5 MG (1/2 X 325 MG) PO TABS,$0.01 
ASPIRIN 20 MG (1/4 X 81 MG) PO CHEW,$0.03 
ASPIRIN 300 MG PR SUPP,$3.13 
ASPIRIN 325 MG PO TABS,$0.02 
ASPIRIN 40.5 MG (1/2 X 81 MG) PO CHEW,$0.09 
ASPIRIN 600 MG PR SUPP,$3.37 
ASPIRIN 81 MG PO CHEW,$0.13 
ASPIRIN EC 325 MG PO TBEC,$0.03 
ASPIRIN EC 81 MG PO TBEC,$0.03 
ASPIRIN-DIPYRIDAMOLE ER 25-200 MG PO CP12,$23.36 
ATAZANAVIR SULFATE 150 MG PO CAPS,$65.48 
ATENOLOL 100 MG PO TABS,$0.58 
ATENOLOL 12.5 MG ( 1/2 X 25 MG) PO TABS,$0.31 
ATENOLOL 25 MG PO TABS,$1.56 
ATENOLOL 50 MG PO TABS,$0.55 
ATENOLOL 6.25 MG (1/4 X 25 MG) PO TABS,$0.12 
ATOMOXETINE HCL 25 MG PO CAPS,$35.39 
ATOMOXETINE HCL 40 MG PO CAPS,$38.45 
ATORVASTATIN CALCIUM 10 MG PO TABS,$1.46 
ATORVASTATIN CALCIUM 20 MG PO TABS,$0.99 
ATORVASTATIN CALCIUM 40 MG PO TABS,$0.86 
ATORVASTATIN CALCIUM 5 MG (1/2 X 10 MG) PO TABS,$0.73 
ATORVASTATIN CALCIUM 80 MG PO TABS,$1.82 
ATOVAQUONE-PROGUANIL HCL 250-100 MG PO TABS,$18.07 
AZACITIDINE 10 MG/ML INJ,"$1,660.00 "
AZACITIDINE 100 MG IJ SUSR,"$1,660.00 "
AZATHIOPRINE 12.5 MG (1/4 X 50 MG) PO TABS,$0.22 
AZATHIOPRINE 25 MG (1/2 X 50 MG) PO TABS,$0.45 
AZATHIOPRINE 50 MG PO TABS,$0.89 
AZITHROMYCIN 125 MG (1/2 X 250 MG) PO TABS,$1.83 
AZITHROMYCIN 250 MG PO TABS,$6.54 
AZITHROMYCIN 500 MG IV SOLR,$24.95 
AZITHROMYCIN 500 MG PO TABS,$8.42 
AZTREONAM 1 G IJ SOLR,$88.47 
BACITRACIN 50000 UNITS IM SOLR,$29.78 
BACITRACIN-NEOMYCIN-POLYMYXIN 400-5-5000 EX OINT,$0.39 
BACITRACIN-POLYMYXIN B 500-10000 UNIT/GM EX OINT,$0.51 
BACLOFEN 10 MG PO TABS,$0.48 
BACLOFEN 2.5 MG (1/4 X 10 MG) PO TABS,$0.43 
BACLOFEN 5 MG (1/2 X 10 MG) PO TABS,$0.86 
BANZEL 200 MG PO TABS,$30.97 
BASILIXIMAB 20 MG IV SOLR,"$9,623.98 "
BCG LIVE 50 MG IS SUSR,$421.74 
BCG LIVE 81 MG/VIAL IS SUSR,$713.97 
B-COMPLEX/VITAMIN C PO TABS,$0.12 
BELATACEPT 250 MG IV SOLR,"$2,540.60 "
BELIMUMAB 120 MG IV SOLR,"$1,370.83 "
BELLADONNA ALKALOIDS-OPIUM 16.2-30 MG PR SUPP,$59.11 
BELLADONNA ALKALOIDS-OPIUM 16.2-60 MG PR SUPP,$71.85 
BENAZEPRIL HCL 10 MG PO TABS,$1.86 
BENAZEPRIL HCL 2.5 MG (1/4 X 10 MG) PO TABS,$0.12 
BENAZEPRIL HCL 20 MG PO TABS,$1.86 
BENAZEPRIL HCL 5 MG (1/2 X 10 MG) PO TABS,$0.22 
BENDAMUSTINE HCL 100 MG IV SOLR,"$12,268.68 "
BENDAMUSTINE HCL 25 MG IV SOLR,"$3,074.67 "
BENZOCAINE 20 % MT SOLN,$26.41 
BENZONATATE 100 MG PO CAPS,$0.81 
BENZTROPINE MESYLATE 0.125 MG (1/4 X 0.5 MG) PO TABS,$0.67 
BENZTROPINE MESYLATE 0.25 MG (1/2 X 0.5 MG) PO TABS,$0.31 
BENZTROPINE MESYLATE 0.5 MG PO TABS,$2.69 
BENZTROPINE MESYLATE 1 MG PO TABS,$1.12 
BENZTROPINE MESYLATE 2 MG PO TABS,$1.80 
BETHANECHOL CHLORIDE 12.5 MG (1/2 X 25 MG) PO TABS,$1.23 
BETHANECHOL CHLORIDE 2.5 MG (1/2 X 5 MG) PO TABS,$0.29 
BETHANECHOL CHLORIDE 25 MG PO TABS,$2.45 
BETHANECHOL CHLORIDE 5 MG PO TABS,$0.71 
BICALUTAMIDE 50 MG PO TABS,$1.86 
BISACODYL 10 MG PR SUPP,$0.19 
BISACODYL 5 MG PO TBEC,$0.07 
BISOPROLOL 1.25 MG (1/4 X 5 MG) PO TAB,$0.48 
BISOPROLOL FUMARATE 10 MG PO TABS,$2.22 
BISOPROLOL FUMARATE 2.5 MG (1/2 X 5 MG) PO TABS,$0.97 
BISOPROLOL FUMARATE 5 MG PO TABS,$2.22 
BISOPROLOL-HYDROCHLOROTHIAZIDE 10-6.25 MG PO TABS,$0.55 
BISOPROLOL-HYDROCHLOROTHIAZIDE 2.5-6.25 MG PO TABS,$0.55 
BISOPROLOL-HYDROCHLOROTHIAZIDE 5-6.25 MG PO TABS,$15.86 
BIVALIRUDIN TRIFLUOROACETATE 250 MG IV SOLR,"$1,363.98 "
BLEED ARREST NOSE BLEED SPONGE,$80.55 
BLEOMYCIN SULFATE 15 UNITS IJ SOLR,$146.62 
BLEOMYCIN SULFATE 30 UNITS IJ SOLR,$312.08 
BORTEZOMIB 3.5 MG IJ SOLR,"$6,622.38 "
BORTEZOMIB IV 1 MG/ML INJ,"$6,622.38 "
BORTEZOMIB SUBCUTANEOUS 2.5 MG/ML INJ,"$6,622.38 "
BOSENTAN 125 MG PO TABS,$486.93 
BOSENTAN 62.5 MG PO TABS,$486.93 
BRENTUXIMAB VEDOTIN 50 MG IV SOLR,"$30,431.88 "
BROMOCRIPTINE MESYLATE 0.625 MG (1/4 X 2.5 MG) PO TABS,$2.02 
BROMOCRIPTINE MESYLATE 1.25 MG (1/2 X 2.5 MG) PO TABS,$4.03 
BROMOCRIPTINE MESYLATE 2.5 MG PO TABS,$8.07 
BUDESONIDE 180 MCG/ACT IN AEPB,$616.21 
BUDESONIDE 3 MG PO CPEP,$36.76 
BUMETANIDE 0.125 MG (1/4 X 0.5 MG) PO TABS,$0.14 
BUMETANIDE 0.25 MG (1/2 X 0.5 MG) PO TABS,$0.28 
BUMETANIDE 0.5 MG PO TABS,$1.86 
BUMETANIDE 1 MG PO TABS,$0.66 
BUPRENORPHINE HCL 1 MG (1/2 OF 2 MG) SL SUBL,$5.56 
BUPRENORPHINE HCL 2 MG SL SUBL,$6.67 
BUPRENORPHINE HCL 8 MG SL SUBL,$6.49 
BUPROPION HCL 100 MG PO TABS,$4.40 
BUPROPION HCL 25 MG (1/4 X 100 MG) PO TABS,$0.42 
BUPROPION HCL 37.5 MG (1/2 X 75 MG) PO TABS,$0.72 
BUPROPION HCL 50 MG (1/2 X 100 MG) PO TABS,$0.84 
BUPROPION HCL 75 MG PO TABS,$3.30 
BUPROPION HCL ER (SR) 100 MG PO TB12,$1.21 
BUPROPION HCL ER (SR) 150 MG PO TB12,$1.21 
BUSPIRONE HCL 1.25 (1/4 X 5 MG) PO TABS,$0.07 
BUSPIRONE HCL 1.25 (1/4 X 5 MG) PO TABS,$0.07 
BUSPIRONE HCL 10 MG PO TABS,$0.37 
BUSPIRONE HCL 15 MG PO TABS,$1.22 
BUSPIRONE HCL 2.5 MG (1/2 X 5 MG) PO TABS,$0.14 
BUSPIRONE HCL 5 MG PO TABS,$0.27 
BUSPIRONE HCL 7.5 MG PO TABS,$1.22 
BUSULFAN 2 MG PO TABS,$62.89 
BUTALBITAL-APAP-CAFFEINE 50-325-40 MG PO TABS,$3.01 
C1 ESTERASE INHIBITOR (HUMAN) 500 UNITS IV KIT,"$7,558.28 "
CABERGOLINE 0.25 MG (1/2 X 0.5 MG) PO TABS,$36.91 
CABERGOLINE 0.5 MG PO TABS,$59.06 
CAFFEINE 100 MG (1/2 X 200 MG) PO TABS,$0.13 
CAFFEINE 200 MG PO TABS,$0.26 
CALCITRIOL 0.25 MCG PO CAPS,$2.54 
CALCITRIOL 0.5 MCG PO CAPS,$4.10 
CALCIUM ACETATE (PHOS BINDER) 667 MG PO CAPS,$1.70 
CALCIUM ACETATE 667 MG PO CAPS,$1.53 
CALCIUM CARBONATE 1250 (500 CA) MG PO TABS,$0.15 
CALCIUM CARBONATE ANTACID 187.5 MG (1/4 X 750 MG) PO TABS,$0.03 
CALCIUM CARBONATE ANTACID 375 MG (1/2 X 750 MG) PO CHEW,$0.07 
CALCIUM CARBONATE ANTACID 500 MG PO CHEW,$0.04 
CALCIUM CARBONATE ANTACID 750 MG PO CHEW,$0.13 
CALCIUM CARBONATE-VITAMIN D 500-200 MG-UNIT PO TABS,$0.03 
CALCIUM ION INJ FOR TPN,$10.00 
CALMOL-4 76-10 % PR SUPP,$1.34 
CANAGLIFLOZIN 100 MG PO TABS,$41.58 
CANAGLIFLOZIN 300 MG PO TABS,$41.58 
CANDESARTAN CILEXETIL 16 MG PO TABS,$2.77 
CANDESARTAN CILEXETIL 32 MG PO TABS,$4.56 
CANDESARTAN CILEXETIL 8 MG PO TABS,$3.58 
CAPSAICIN-CLEANSING GEL 8 % EX KIT,"$2,248.72 "
CAPTOPRIL 12.5 MG PO TABS,$3.84 
CAPTOPRIL 25 MG PO TABS,$4.17 
CAPTOPRIL 3.125 MG (1/4 X 12.5 MG)PO TABS,$0.68 
CAPTOPRIL 50 MG PO TABS,$4.54 
CAPTOPRIL 6.25 MG (1/2 X 12.5 MG) PO TABS,$1.36 
CARBAMAZEPINE 100 MG (1/2 X 200 MG) PO TABS,$1.20 
CARBAMAZEPINE 100 MG PO CHEW,$1.47 
CARBAMAZEPINE 200 MG PO TABS,$2.41 
CARBAMAZEPINE 25 MG (1/4 X 100 MG) PO CHEW,$0.34 
CARBAMAZEPINE 50 MG (1/2 X 100 MG) PO CHEW,$0.69 
CARBAMAZEPINE 50 MG (1/4 X 200 MG) PO TABS,$0.60 
CARBAMAZEPINE ER 100 MG PO CP12,$4.00 
CARBAMAZEPINE ER 200 MG PO CP12,$4.00 
CARBAMAZEPINE ER 300 MG PO CP12,$4.08 
CARBIDOPA-LEVODOPA 10-100 MG PO TABS,$0.66 
CARBIDOPA-LEVODOPA 12.5-125 MG ( 1/2 X 25-250 MG) PO TABS,$0.33 
CARBIDOPA-LEVODOPA 12.5-50 MG (1/2 X 25-100 MG) PO TABS,$0.52 
CARBIDOPA-LEVODOPA 2.5-25 MG (1/4 X 10-100 MG) PO TABS,$0.17 
CARBIDOPA-LEVODOPA 25-100 MG PO TABS,$0.80 
CARBIDOPA-LEVODOPA 25-100 MG PO TABS,$1.03 
CARBIDOPA-LEVODOPA 25-250 MG PO TABS,$0.66 
CARBIDOPA-LEVODOPA 25-250 MG PO TABS,$1.19 
CARBIDOPA-LEVODOPA 5-50 MG (1/2 X 10-100 MG) PO TABS,$0.33 
CARBIDOPA-LEVODOPA 6.25-25 MG (1/4 X 25-100) PO TABS,$0.26 
CARBIDOPA-LEVODOPA 6.25-62.5 MG (1/4 X 25-250 MG) PO TAB,$0.17 
CARBIDOPA-LEVODOPA ER 25-100 MG PO TBCR,$0.84 
CARBIDOPA-LEVODOPA ER 50-200 MG PO TBCR,$2.40 
CARBOXYMETHYLCELL-GLYCERIN PF 0.5-0.9 % OP SOLN,$0.76 
CARBOXYMETHYLCELL-GLYCERIN PF 0.5-0.9 % OP SOLN,$0.87 
CARFILZOMIB (KYPROLIS) 2MG/ML INJ VIAL,"$9,307.92 "
CARFILZOMIB (KYPROLIS) 2MG/ML INJ VIAL,"$9,307.92 "
CARFILZOMIB 60 MG IV SOLR,"$9,307.92 "
CARISOPRODOL 175 MG (1/2 X 350 MG) PO TABS,$0.33 
CARISOPRODOL 350 MG PO TABS,$0.66 
CARISOPRODOL 87.5 MG (1/4 X 350MG) PO TAB,$0.17 
CARMUSTINE 100 MG IV SOLR,"$15,906.51 "
CARMUSTINE IN POLIFEPROSAN 7.7 MG IL WAFR,"$10,231.94 "
CARVEDILOL 1.5625 (1/2 X 3.125 MG) PO TABS,$2.35 
CARVEDILOL 12.5 MG PO TABS,$0.14 
CARVEDILOL 25 MG PO TABS,$0.14 
CARVEDILOL 3.125 MG PO TABS,$0.16 
CARVEDILOL 6.25 MG PO TABS,$0.14 
CARVEDILOL 6.25 MG PO TABS,$12.88 
CASPOFUNGIN ACETATE 50 MG IV SOLR,$904.85 
CASPOFUNGIN ACETATE 70 MG IV SOLR,$939.75 
CEFAZOLIN 1 GM IN NSS IVPB ADS,$14.88 
CEFAZOLIN 3 GM IVPB ADS,$17.78 
CEFAZOLIN SODIUM 1 G IJ SOLR,$2.95 
CEFAZOLIN SODIUM 1 G IJ SOLR,$16.11 
CEFAZOLIN SODIUM 10 G IJ SOLR,$22.82 
CEFAZOLIN SODIUM 500 MG IJ SOLR,$4.14 
CEFDINIR 300 MG PO CAPS,$2.24 
CEFEPIME HCL 1 G IJ SOLR,$16.11 
CEFEPIME HCL 1 G IJ SOLR,$19.12 
CEFEPIME HCL 2 G IJ SOLR,$26.85 
CEFEPIME-DEXTROSE 1-5 GM-%(50ML) IV SOLR,$31.47 
CEFEPIME-DEXTROSE 2-5 GM-%(50ML) IV SOLR,$47.46 
CEFOTAXIME SODIUM 1 G IJ SOLR,$5.91 
CEFOTETAN DISODIUM 1 G IJ SOLR,$51.64 
CEFOTETAN DISODIUM 2 G IJ SOLR,$103.29 
CEFOXITIN SODIUM 1 G IV SOLR,$8.62 
CEFOXITIN SODIUM 2 G IV SOLR,$34.24 
CEFOXITIN SODIUM-DEXTROSE 1-4 GM-%(50ML) IV SOLR,$29.34 
CEFOXITIN SODIUM-DEXTROSE 2-2.2 GM-%(50ML) IV SOLR,$53.85 
CEFPROZIL 250 MG PO TABS,$8.82 
CEFTAROLINE FOSAMIL 600 MG IV SOLR,$471.09 
CEFTAZIDIME 1 G IJ SOLR,$15.64 
CEFTAZIDIME 2 G IJ SOLR,$63.66 
CEFTAZIDIME-AVIBACTAM 2.5 (2-0.5) G IV SOLR,$879.82 
CEFTOLOZANE-TAZOBACTAM 1.5 (1-0.5) G IV SOLR,$283.11 
CEFTRIAXONE SODIUM 1 G IJ SOLR,$12.53 
CEFTRIAXONE SODIUM 1 G IJ SOLR,$12.54 
CEFTRIAXONE SODIUM 2 G IJ SOLR,$7.66 
CEFTRIAXONE SODIUM 250 MG IJ SOLR,$2.02 
CEFTRIAXONE SODIUM 500 MG IJ SOLR,$4.83 
CEFUROXIME AXETIL 250 MG PO TABS,$44.21 
CELECOXIB 100 MG PO CAPS,$3.24 
CELECOXIB 200 MG PO CAPS,$13.50 
CEPHALEXIN 250 MG PO CAPS,$0.35 
CEPHALEXIN 500 MG PO CAPS,$0.59 
CEROVITE JR 60 MG PO CHEW,$0.11 
CERTOLIZUMAB PEGOL 2 X 200 MG SUBQ KIT,"$10,859.00 "
CERTOLIZUMAB PEGOL 2 X 200 MG/ML SUBQ KIT,"$10,859.00 "
CETIRIZINE HCL 10 MG PO TABS,$0.12 
CETIRIZINE HCL 5 MG PO TABS,$0.36 
CHILDRENS CHEWABLE VITAMINS PO CHEW,$0.06 
CHLORAMBUCIL 2 MG PO TABS,$65.32 
CHLORDIAZEPOXIDE HCL 10 MG PO CAPS,$0.20 
CHLORDIAZEPOXIDE HCL 25 MG PO CAPS,$0.22 
CHLORDIAZEPOXIDE HCL 5 MG PO CAPS,$0.26 
CHLOROQUINE PHOSPHATE 500 MG PO TABS,$9.02 
CHLOROTHIAZIDE 125 MG (1/2 X 250) PO TABS,$0.75 
CHLOROTHIAZIDE 250 MG PO TABS,$1.49 
CHLOROTHIAZIDE SODIUM 500 MG IV SOLR,$161.10 
CHLORPHENIRAMINE MALEATE 4 MG PO TABS,$0.09 
CHLORPROMAZINE HCL 10 MG PO TABS,$9.24 
CHLORPROMAZINE HCL 100 MG PO TABS,$20.66 
CHLORPROMAZINE HCL 12.5 MG (1/2 X 25 MG) PO TABS,$1.66 
CHLORPROMAZINE HCL 25 MG PO TABS,$13.20 
CHLORPROMAZINE HCL 5 MG (1/2 X 10 MG) PO TABS,$1.02 
CHLORPROPAMIDE 100 MG PO TABS,$2.15 
CHLORPROPAMIDE 125 MG (1/2 X 250 MG) PO TABS,$2.27 
CHLORPROPAMIDE 250 MG PO TABS,$4.55 
CHLORTHALIDONE 12.5 MG (1/2 X 25 MG) PO TABS,$1.04 
CHLORTHALIDONE 25 MG PO TABS,$2.59 
CHOLESTYRAMINE LIGHT 4 G PO PACK,$5.51 
CHORIONIC GONADOTROPIN 10000 UNITS IM SOLR,$272.50 
CILOSTAZOL 100 MG PO TABS,$0.98 
CILOSTAZOL 100 MG PO TABS,$0.98 
CILOSTAZOL 25 MG (1/2 X 50 MG) PO TABS,$0.43 
CILOSTAZOL 50 MG PO TABS,$0.84 
CINACALCET HCL 15 MG (1/2 X 30 MG) PO TABS,$22.52 
CINACALCET HCL 30 MG PO TABS,$72.20 
CINACALCET HCL 7.5 MG (1/4 X 30 MG) PO TABS,$11.26 
CIPROFLOXACIN HCL 125 MG (1/2 X 250 MG) PO TABS,$0.20 
CIPROFLOXACIN HCL 250 MG PO TABS,$0.39 
CIPROFLOXACIN HCL 500 MG PO TABS,$0.94 
CIPROFLOXACIN HCL 62.5 MG (1/4 X 250 MG) PO TABS,$0.10 
CIPROFLOXACIN HCL 750 MG PO TABS,$1.41 
CITALOPRAM HYDROBROMIDE 10 MG PO TABS,$0.15 
CITALOPRAM HYDROBROMIDE 10 MG PO TABS,$0.15 
CITALOPRAM HYDROBROMIDE 20 MG PO TABS,$0.14 
CITALOPRAM HYDROBROMIDE 40 MG PO TABS,$0.18 
CITALOPRAM HYDROBROMIDE 5 MG (1/2 X 10MG) PO TABS,$0.08 
CLARITHROMYCIN 250 MG PO TABS,$2.62 
CLARITHROMYCIN 500 MG PO TABS,$26.15 
CLINDAMYCIN HCL 150 MG PO CAPS,$0.88 
CLOBAZAM 10 MG PO TABS,$49.15 
CLOBAZAM 5 MG (1/2 X 10MG) ORAL TAB,$22.81 
CLOMIPRAMINE HCL 25 MG PO CAPS,$18.11 
CLOMIPRAMINE HCL 50 MG PO CAPS,$18.11 
CLONAZEPAM 0.125 MG (1/4 X 0.5 MG) PO TABS,$0.03 
CLONAZEPAM 0.25 MG (1/2 X 0.5 MG) PO TABS,$0.05 
CLONAZEPAM 0.5 MG PO TABS,$0.11 
CLONAZEPAM 1 MG PO TABS,$0.18 
CLONAZEPAM 2 MG PO TABS,$0.36 
CLONIDINE 0.1 MG/24HR TD PTWK,$71.15 
CLONIDINE 0.2 MG/24HR TD PTWK,$119.78 
CLONIDINE 0.3 MG/24HR TD PTWK,$166.18 
CLONIDINE HCL 0.025 MG (1/4 X 0.1 MG) PO TABS,$0.07 
CLONIDINE HCL 0.05 MG (1/2 X 0.1 MG) PO TABS,$0.14 
CLONIDINE HCL 0.1 MG PO TABS,$0.28 
CLONIDINE HCL 0.2 MG PO TABS,$0.33 
CLOPIDOGREL BISULFATE 18.75 MG (1/4 X 75 MG) PO TABS,$0.23 
CLOPIDOGREL BISULFATE 37.5 MG (1/2 X 75 MG) PO TABS,$0.46 
CLOPIDOGREL BISULFATE 75 MG PO TABS,$0.74 
CLORAZEPATE DIPOTASSIUM 1.875 MG (1/2 X 3.75 MG) PO TABS,$0.13 
CLORAZEPATE DIPOTASSIUM 1.875 MG (1/2 X 3.75 MG) PO TABS,$0.25 
CLORAZEPATE DIPOTASSIUM 3.75 MG PO TABS,$0.25 
CLORAZEPATE DIPOTASSIUM 3.75 MG PO TABS,$2.67 
CLORAZEPATE DIPOTASSIUM 7.5 MG PO TABS,$3.74 
CLOTRIMAZOLE 10 MG MT TROC,$3.45 
CLOZAPINE 100 MG PO TABS,$4.44 
CLOZAPINE 12.5 MG (1/2 X 25 MG) PO TABS,$0.88 
CLOZAPINE 25 MG PO TABS,$1.75 
COENZYME Q-10 100 MG PO CAPS,$0.87 
COENZYME Q10 200 MG PO CAPS,$1.30 
COENZYME Q10 30 MG PO CAPS,$0.67 
COLCHICINE 0.3 MG (1/2 X 0.6 MG) PO TABS,$7.89 
COLCHICINE 0.6 MG PO TABS,$15.07 
COLESEVELAM HCL 625 MG PO TABS,$9.32 
COLISTIMETHATE 75 MG/ML ORAL SOLN,$75.18 
COLISTIMETHATE SODIUM (CBA) 150 MG IJ SOLR,$75.16 
COLLAGENASE CLOSTRID HISTOLYT 0.9 MG IJ SOLR,"$11,069.34 "
CONSULT PHARMACY MED BRIEF,$23.05 
CONSULT PHARMACY MED COMPREHENSIVE,$92.20 
CONSULT PHARMACY MED INTERMEDIATE,$46.10 
COPPER GLUCONATE 2 MG PO CAPS,$0.13 
CORTICORELIN OVINE TRIFLUTATE 100 MCG IV SOLR,"$2,375.64 "
CORTISONE ACETATE 12.5 MG (1/2 X 25 MG) PO TABS,$3.36 
CORTISONE ACETATE 25 MG PO TABS,$6.71 
COSYNTROPIN 0.25 MG IJ SOLR,$286.17 
CROTALIDAE POLYVAL IMMUNE FAB IV SOLR,"$8,586.63 "
CULTURELLE PO CAPS,$1.36 
CYCLOBENZAPRINE HCL 10 MG PO TABS,$0.32 
CYCLOBENZAPRINE HCL 2.5 MG (1/2 X 5 MG) PO TABS,$1.84 
CYCLOBENZAPRINE HCL 5 MG PO TABS,$0.16 
CYCLOPHOSPHAMIDE 2 G IJ SOLR,"$5,448.81 "
CYCLOPHOSPHAMIDE 25 MG PO CAPS,$20.11 
CYCLOPHOSPHAMIDE 50 MG PO CAPS,$36.91 
CYCLOPHOSPHAMIDE 500 MG IJ SOLR,"$1,520.78 "
CYCLOSPORINE 0.05 % OP EMUL,$22.79 
CYCLOSPORINE 100 MG PO CAPS,$28.51 
CYCLOSPORINE 25 MG PO CAPS,$9.47 
CYCLOSPORINE MODIFIED 100 MG PO CAPS,$11.81 
CYCLOSPORINE MODIFIED 25 MG PO CAPS,$2.95 
CYPROHEPTADINE HCL 1 MG (1/4 X 4 MG) PO TABS,$0.44 
CYPROHEPTADINE HCL 2 MG (1/2 X 4 MG) PO TABS,$0.89 
CYPROHEPTADINE HCL 4 MG PO TABS,$1.76 
DABIGATRAN ETEXILATE MESYLATE 150 MG PO CAPS,$17.93 
DABIGATRAN ETEXILATE MESYLATE 75 MG PO CAPS,$17.93 
DACARBAZINE 100 MG IV SOLR,$48.98 
DACARBAZINE 200 MG IV SOLR,$59.50 
DACTINOMYCIN 0.5 MG IV SOLR,"$2,574.23 "
DANAZOL 100 MG PO CAPS,$10.22 
DANAZOL 200 MG PO CAPS,$17.04 
DANTROLENE 0.33 MG/ML IN STERILE WATER INJ DIL,$238.00 
DANTROLENE SODIUM 20 MG IV SOLR,$187.95 
DANTROLENE SODIUM 25 MG PO CAPS,$2.87 
DANTROLENE SODIUM 250 MG IV SUSR,"$7,000.55 "
DAPSONE 25 MG PO TABS,$6.13 
DAPTOMYCIN 500 MG IV SOLR,"$1,196.14 "
DAPTOMYCIN 500 MG IV SOLR (PIGGYBACK COMPONENT),"$1,196.14 "
DARUNAVIR ETHANOLATE 600 MG PO TABS,$70.73 
DARUNAVIR ETHANOLATE 800 MG PO TABS,$141.47 
DECITABINE 50 MG IV SOLR,"$3,928.75 "
DEFEROXAMINE MESYLATE (213 MG/ML) IM DILUTION,$25.27 
DEFEROXAMINE MESYLATE 500 MG IJ SOLR,$25.27 
DEGARELIX ACETATE 80 MG SUBQ SOLR,"$1,311.49 "
DEKAS PLUS PO CAPS,$1.27 
DEKAS PLUS PO CHEW,$1.24 
DEMECLOCYCLINE HCL 150 MG PO TABS,$16.93 
DESMOPRESSIN ACETATE 0.025 MG (1/4 X 0.1 MG) PO TABS,$0.99 
DESMOPRESSIN ACETATE 0.05 MG (1/2 X 0.1 MG) PO TABS,$1.97 
DESMOPRESSIN ACETATE 0.1 MG PO TABS,$10.22 
DESMOPRESSIN ACETATE 0.2 MG PO TABS,$14.72 
DESVENLAFAXINE SUCCINATE ER 50 MG PO TB24,$34.16 
DEXAMETHASONE 0.125 MG (1/4 X .5 MG) PO TAB,$0.04 
DEXAMETHASONE 0.25 MG (1/2 X 0.5 MG) PO TABS,$0.08 
DEXAMETHASONE 0.375 MG (1/2 X 0.75 MG) PO TABS,$0.16 
DEXAMETHASONE 0.5 MG PO TABS,$0.31 
DEXAMETHASONE 0.75 MG PO TABS,$0.59 
DEXAMETHASONE 1.5 MG PO TABS,$1.07 
DEXAMETHASONE 2 MG PO TABS,$1.66 
DEXAMETHASONE 4 MG PO TABS,$2.66 
DEXAMETHASONE 6 MG PO TABS,$3.99 
DEXMETHYLPHENIDATE HCL 2.5 MG (1/2 X 5 MG) PO TABS,$1.21 
DEXMETHYLPHENIDATE HCL 5 MG PO TABS,$2.42 
DEXRAZOXANE 250 MG IV SOLR,$736.39 
DEXRAZOXANE 500 MG IV SOLR,"$1,472.75 "
DEXTROAMPHETAMINE SULFATE 5 MG PO TABS,$6.18 
DIAZEPAM 0.5 MG (1/4 X 2 MG) PO TABS,$0.02 
DIAZEPAM 1 MG (1/2 X 2 MG) PO TABS,$0.04 
DIAZEPAM 2 MG PO TABS,$0.08 
DIAZEPAM 2.5 MG (1/2 X 5 MG) PO TABS,$0.10 
DIAZEPAM 5 MG PO TABS,$0.21 
DICLOFENAC SODIUM 25 MG PO TBEC,$2.86 
DICLOFENAC SODIUM 50 MG PO TBEC,$0.85 
DICLOFENAC SODIUM 75 MG PO TBEC,$0.73 
DICLOXACILLIN SODIUM 250 MG PO CAPS,$0.81 
DICYCLOMINE HCL 10 MG PO CAPS,$0.54 
DICYCLOMINE HCL 20 MG PO TABS,$0.27 
DIFLUNISAL 500 MG PO TABS,$4.33 
DIGOXIN 0.0625 MG (1/2 X 0.125 MG) PO TABS,$1.59 
DIGOXIN 125 MCG PO TABS,$3.18 
DIGOXIN 250 MCG PO TABS,$1.70 
DIGOXIN IMMUNE FAB 40 MG IV SOLR,"$9,531.75 "
DILTIAZEM HCL 15 MG (1/2 X 30 MG) PO TABS,$0.34 
DILTIAZEM HCL 30 MG PO TABS,$0.68 
DILTIAZEM HCL 45 MG (1/2 X 90 MG) PO TABS,$0.29 
DILTIAZEM HCL 60 MG PO TABS,$0.63 
DILTIAZEM HCL 7.5 MG (1/4 X 30 MG) PO TABS,$0.17 
DILTIAZEM HCL 90 MG PO TABS,$0.98 
DILTIAZEM HCL ER COATED BEADS 120 MG PO CP24,$2.08 
DILTIAZEM HCL ER COATED BEADS 180 MG PO CP24,$2.77 
DILTIAZEM HCL ER COATED BEADS 240 MG PO CP24,$1.36 
DILTIAZEM HCL ER COATED BEADS 300 MG PO CP24,$3.92 
DILTIAZEM HCL ER COATED BEADS 300 MG PO CP24,$4.21 
DIMENHYDRINATE 25 MG (1/2 X 50 MG) PO TAB,$0.04 
DIMENHYDRINATE 50 MG PO TABS,$0.08 
DINOPROSTONE 10 MG VA INST,"$1,006.80 "
DINOPROSTONE 20 MG VA SUPP,"$5,928.94 "
DIPHENHYDRAMINE HCL 25 MG PO CAPS,$0.08 
DIPHENHYDRAMINE HCL 25 MG PO TABS,$0.49 
DIPHENOXYLATE-ATROPINE 1.25-0.0125 (1/2 X 2.5-0.025) MG PO TABS,$0.75 
DIPHENOXYLATE-ATROPINE 2.5-0.025 MG PO TABS,$1.88 
DIPYRIDAMOLE 25 MG PO TABS,$3.44 
DIPYRIDAMOLE 50 MG PO TABS,$0.95 
DIPYRIDAMOLE 75 MG PO TABS,$1.24 
DISOPYRAMIDE PHOSPHATE 100 MG PO CAPS,$5.35 
DISOPYRAMIDE PHOSPHATE 150 MG PO CAPS,$6.03 
DISOPYRAMIDE PHOSPHATE ER 100 MG PO CP12,$10.77 
DISOPYRAMIDE PHOSPHATE ER 150 MG PO CP12,$12.72 
DIVALPROEX SODIUM 125 MG PO CSDR,$4.83 
DIVALPROEX SODIUM 125 MG PO TBEC,$0.17 
DIVALPROEX SODIUM 250 MG PO TBEC,$0.95 
DIVALPROEX SODIUM 500 MG PO TBEC,$0.84 
DIVALPROEX SODIUM 62.5 MG (1/2 X 125MG) PO PACKET,$1.80 
DIVALPROEX SODIUM ER 250 MG PO TB24,$3.85 
DIVALPROEX SODIUM ER 500 MG PO TB24,$14.98 
DOCUSATE SODIUM 100 MG PO CAPS,$0.10 
DOCUSATE SODIUM 50 MG PO CAPS,$0.66 
DOFETILIDE 125 MCG PO CAPS,$27.91 
DOFETILIDE 250 MCG PO CAPS,$27.91 
DOFETILIDE 500 MCG PO CAPS,$27.91 
DONEPEZIL HCL 10 MG PO TABS,$0.37 
DONEPEZIL HCL 2.5 MG (1/2 X 5 MG) PO TABS,$0.12 
DONEPEZIL HCL 5 MG PO TABS,$1.17 
DONEPEZIL HCL 5 MG PO TBDP,$2.94 
DOXAZOSIN MESYLATE 0.5 MG (1/2 X 1 MG) PO TABS,$0.91 
DOXAZOSIN MESYLATE 1 MG PO TABS,$8.42 
DOXAZOSIN MESYLATE 2 MG PO TABS,$0.42 
DOXAZOSIN MESYLATE 4 MG PO TABS,$13.12 
DOXEPIN HCL 10 MG PO CAPS,$1.26 
DOXEPIN HCL 100 MG PO CAPS,$4.47 
DOXEPIN HCL 25 MG PO CAPS,$1.89 
DOXEPIN HCL 50 MG PO CAPS,$2.61 
DOXORUBICIN HCL 50 MG IV SOLR,$154.38 
DOXORUBICIN HCL 50 MG IV SOLR,"$1,095.00 "
DOXYCYCLINE HYCLATE 100 MG IV SOLR,$64.87 
DOXYCYCLINE HYCLATE 100 MG PO CAPS,$3.22 
DOXYCYCLINE HYCLATE 100 MG PO TABS,$3.22 
DOXYCYCLINE HYCLATE 25 MG (1/4 X 100 MG) PO TABS,$4.95 
DOXYCYCLINE HYCLATE 50 MG (1/2 X 100 MG) PO TABS,$3.09 
DOXYCYCLINE HYCLATE 50 MG PO CAPS,$3.22 
DOXYLAMINE SUCCINATE (SLEEP) 12.5 MG (1/2 X 25 MG) PO TABS,$0.26 
DOXYLAMINE SUCCINATE (SLEEP) 25 MG PO TABS,$0.51 
DRONABINOL 2.5 MG PO CAPS,$29.32 
DRONABINOL 5 MG PO CAPS,$26.32 
DRONEDARONE HCL 200 MG (1/2 X 400 MG) PO TABS,$8.48 
DRONEDARONE HCL 400 MG PO TABS,$28.22 
DRONEDARONE HCL 400 MG PO TABS,$28.22 
DULOXETINE HCL 20 MG PO CPEP,$2.62 
DULOXETINE HCL 30 MG PO CPEP,$3.86 
DULOXETINE HCL 60 MG PO CPEP,$3.86 
DUODERM CGF DRESSING EX MISC,$24.78 
DURASEAL SPINE SEALANT 5ML KIT (GLH),"$2,315.81 "
DUTASTERIDE 0.5 MG PO CAPS,$1.58 
EFAVIRENZ 200 MG PO CAPS,$29.26 
EFAVIRENZ 600 MG PO TABS,$87.76 
EFAVIRENZ-EMTRICITAB-TENOFOVIR 600-200-300 MG PO TABS,$243.81 
EMPAGLIFLOZIN 10 MG PO TABS,$41.61 
EMPAGLIFLOZIN 25 MG PO TABS,$41.61 
EMTRICITABINE 200 MG PO CAPS,$58.39 
EMTRICITABINE-TENOFOVIR DF 200-300 MG PO TABS,$148.18 
ENALAPRIL MALEATE 1.25 MG (1/2 X 2.5 MG) PO TABS,$0.19 
ENALAPRIL MALEATE 10 MG PO TABS,$1.56 
ENALAPRIL MALEATE 2.5 MG PO TABS,$1.30 
ENALAPRIL MALEATE 5 MG PO TABS,$1.31 
ENTACAPONE 100 MG (1/2 X 200 MG) PO TABS,$5.08 
ENTACAPONE 200 MG PO TABS,$10.16 
EPINEPHRINE 0.15 MG/0.15ML IJ SOAJ,"$6,578.25 "
EPINEPHRINE 0.3 MG/0.3ML IJ SOAJ,$402.75 
EPIPEN 2-PAK 0.3 MG/0.3ML IJ SOAJ,$817.06 
EPIPEN JR 2-PAK 0.15 MG/0.3ML IJ SOAJ,$817.06 
EPIRUBICIN HCL 50 MG IV SOLR,$168.98 
EPLERENONE 25 MG PO TABS,$30.61 
EPLERENONE 50 MG PO TABS,$9.32 
EPOPROSTENOL SODIUM 1.5 MG IV SOLR,$125.77 
ERTAPENEM SODIUM 1 G IJ SOLR,$314.34 
ERTAPENEM SODIUM 1 G IJ SOLR,$345.45 
ERTAPENEM SODIUM 1 G IV SOLR,$362.69 
ERYTHROMYCIN LACTOBIONATE 500 MG IV SOLR,$199.77 
ERYTHROMYCIN STEARATE 250 MG PO TABS,$29.37 
ESCITALOPRAM OXALATE 10 MG PO TABS,$0.52 
ESCITALOPRAM OXALATE 2.5 MG (1/2 X 5 MG) PO TAB,$7.41 
ESCITALOPRAM OXALATE 20 MG PO TABS,$0.48 
ESCITALOPRAM OXALATE 5 MG PO TABS,$0.55 
ESLICARBAZEPINE ACETATE 400 MG PO TABS,$82.14 
ESOMEPRAZOLE SODIUM 40 MG IV SOLR,$93.71 
ESTRADIOL 0.05 MG/24HR TD PTWK,$84.26 
ESTRADIOL 0.1 MG/24HR TD PTWK,$84.26 
ESTRADIOL 0.25 MG (1/4 X 1 MG) PO TABS,$0.12 
ESTRADIOL 0.5 MG (1/2 X 1 MG) PO TABS,$0.23 
ESTRADIOL 1 MG PO TABS,$0.46 
ESTROGENS CONJUGATED 0.15 MG (1/2 X 0.3 MG) PO TABS,$4.06 
ESTROGENS CONJUGATED 0.3 MG PO TABS,$14.38 
ESTROGENS CONJUGATED 0.45 MG PO TABS,$14.38 
ESTROGENS CONJUGATED 0.625 MG PO TABS,$14.38 
ESTROGENS CONJUGATED 0.9 MG PO TABS,$14.38 
ESTROGENS CONJUGATED 1.25 MG PO TABS,$14.38 
ESTROGENS CONJUGATED 25 MG IJ SOLR,$796.91 
ESZOPICLONE 3 MG PO TABS,$42.10 
ETHACRYNATE SODIUM 50 MG IV SOLR,"$10,203.00 "
ETHAMBUTOL HCL 100 MG PO TABS,$1.23 
ETHAMBUTOL HCL 400 MG PO TABS,$2.09 
ETHOSUXIMIDE 250 MG PO CAPS,$4.79 
ETIDRONATE DISODIUM 100 MG (1/2 X 200 MG) PO TABS,$4.64 
ETIDRONATE DISODIUM 200 MG PO TABS,$9.28 
ETIDRONATE DISODIUM 400 MG PO TABS,$18.56 
ETODOLAC 200 MG PO CAPS,$2.89 
ETOPOSIDE 50 MG PO CAPS,$202.26 
ETOPOSIDE PHOSPHATE 100 MG IV SOLR,$591.38 
ETRAVIRINE 100 MG PO TABS,$28.40 
EVEROLIMUS 0.25 MG PO TABS,$22.69 
EVEROLIMUS 0.5 MG PO TABS,$45.38 
EVEROLIMUS 0.75 MG PO TABS,$68.08 
EZETIMIBE 10 MG PO TABS,$30.88 
EZETIMIBE 5 MG (1/2 X 10 MG) PO TABS,$11.64 
FAMCICLOVIR 250 MG (1/2 X 500 MG) PO TABS,$4.34 
FAMCICLOVIR 500 MG PO TABS,$8.67 
FAMOTIDINE 10 MG PO TABS,$0.23 
FAMOTIDINE 20 MG PO TABS,$0.19 
FAMOTIDINE 40 MG PO TABS,$0.75 
FAMOTIDINE 5 MG (1/4 X 20 MG) PO TABS,$0.19 
FEBUXOSTAT 40 MG PO TABS,$28.68 
FEBUXOSTAT 80 MG PO TABS,$28.68 
FELBAMATE 100 MG (1/4 X 400 MG) PO TABS,$2.80 
FELBAMATE 150 MG (1/4 X 600 MG) PO TABS,$3.22 
FELBAMATE 200 MG (1/2 X 400 MG) PO TABS,$5.61 
FELBAMATE 300 MG (1/2 X 600 MG) PO TABS,$6.43 
FELBAMATE 400 MG PO TABS,$11.21 
FELBAMATE 600 MG PO TABS,$12.85 
FELODIPINE ER 10 MG PO TB24,$2.18 
FELODIPINE ER 2.5 MG PO TB24,$1.50 
FELODIPINE ER 5 MG PO TB24,$1.50 
FENOFIBRATE 160 MG PO TABS,$7.85 
FENOFIBRATE 54 MG PO TABS,$1.70 
FENOFIBRATE 80 MG (1/2 X 160 MG) PO TABS,$3.93 
FENTANYL 100 MCG/HR TD PT72,$74.00 
FENTANYL 12 (12.5) MCG/HR TD PT72,$43.61 
FENTANYL 25 MCG/HR TD PT72,$12.27 
FENTANYL 50 MCG/HR TD PT72,$34.01 
FENTANYL 75 MCG/HR TD PT72,$53.75 
FENTANYL CITRATE 100 MCG BU TABS,$132.08 
FENTANYL CITRATE 200 MCG BU LPOP,$32.72 
FENTANYL CITRATE 200 MCG BU TABS,$166.88 
FENTANYL CITRATE 600 MCG BU LPOP,$50.77 
FENTANYL CITRATE 800 MCG BU LPOP,$60.15 
FERROUS SULFATE 162.5 (32.5 FE) MG (1/2 X 325 MG) PO TABS,$0.12 
FERROUS SULFATE 325 (65 FE) MG PO TABS,$0.08 
FIBRIN SEALANT PATCH 2X4 (EVARREST),"$3,222.00 "
FIDAXOMICIN 200 MG PO TABS,$494.25 
FINASTERIDE 2.5 MG (1/2 X 5 MG) PO TABS,$2.46 
FINASTERIDE 5 MG PO TABS,$4.92 
FLECAINIDE ACETATE 100 MG PO TABS,$2.52 
FLECAINIDE ACETATE 25 MG (1/2 X 50 MG) PO TABS,$0.77 
FLECAINIDE ACETATE 50 MG PO TABS,$1.54 
FLOSEAL APPLICATOR TIPS,$67.84 
FLOSEAL APPLICATOR TIPS,$303.84 
FLOXURIDINE 0.5 G IJ SOLR,$500.88 
FLUCONAZOLE 100 MG PO TABS,$2.69 
FLUCONAZOLE 200 MG PO TABS,$5.47 
FLUCONAZOLE 25 MG (1/2 X 50 MG) PO TABS,$1.50 
FLUCONAZOLE 50 MG PO TABS,$1.79 
FLUCYTOSINE 250 MG PO CAPS,$51.82 
FLUCYTOSINE 500 MG PO CAPS,$399.24 
FLUDARABINE PHOSPHATE 50 MG IV SOLR,$399.81 
FLUDROCORTISONE ACETATE 0.025 MG (1/4 X 0.1 MG) PO TABS,$0.39 
FLUDROCORTISONE ACETATE 0.05 MG (1/2 X 0.1 MG) PO TABS,$0.79 
FLUDROCORTISONE ACETATE 0.1 MG PO TABS,$1.58 
FLUORESCEIN SODIUM 0.6 MG OP STRP,$0.32 
FLUORESCEIN SODIUM 1 MG OP STRP,$0.40 
FLUOXETINE HCL 10 MG PO CAPS,$0.15 
FLUOXETINE HCL 20 MG PO CAPS,$0.25 
FLUOXYMESTERONE 10 MG PO TABS,$12.82 
FLUPHENAZINE HCL 1 MG PO TABS,$0.59 
FLUPHENAZINE HCL 2.5 MG PO TABS,$0.50 
FLUPHENAZINE HCL 5 MG PO TABS,$1.13 
FLUTICASONE FUROATE 100 MCG/ACT IN AEPB,$15.08 
FLUTICASONE FUROATE 200 MCG/ACT IN AEPB,$20.19 
FLUTICASONE FUROATE-VILANTEROL 100-25 MCG/INH IN AEPB,$9.89 
FLUTICASONE FUROATE-VILANTEROL 100-25 MCG/INH IN AEPB,$12.60 
FLUTICASONE FUROATE-VILANTEROL 200-25 MCG/INH IN AEPB,$12.60 
FLUTICASONE-SALMETEROL 100-50 MCG/DOSE IN AEPB,$29.10 
FLUTICASONE-SALMETEROL 250-50 MCG/DOSE IN AEPB,$29.10 
FLUTICASONE-SALMETEROL 500-50 MCG/DOSE IN AEPB,$47.43 
FLUTTER DEVI,$103.91 
FLUVASTATIN SODIUM 20 MG PO CAPS,$13.67 
FLUVOXAMINE MALEATE 100 MG PO TABS,$1.61 
FLUVOXAMINE MALEATE 25 MG (1/2 X 50 MG) PO TABS,$0.67 
FLUVOXAMINE MALEATE 50 MG PO TABS,$1.35 
FOLIC ACID 0.25 MG (1/4 X 1 MG) PO TABS,$0.07 
FOLIC ACID 0.5 MG (1/2 X 1 MG) PO TABS,$0.15 
FOLIC ACID 1 MG PO TABS,$0.29 
FOLIC ACID 100 MCG (1/4 X 400 MCG) PO TABS,$0.01 
FOLIC ACID 200 MCG (1/2 X 400 MCG) PO TABS,$0.02 
FOLIC ACID 400 MCG PO TABS,$0.03 
FOSAPREPITANT DIMEGLUMINE 150 MG IV SOLR,$898.48 
FOSFOMYCIN TROMETHAMINE 3 G PO PACK,$213.14 
FOSINOPRIL SODIUM 10 MG PO TABS,$1.55 
FOSINOPRIL SODIUM 20 MG PO TABS,$1.55 
FOSINOPRIL SODIUM 40 MG PO TABS,$1.55 
FOSINOPRIL SODIUM 5 MG (1/2 X 10 MG) PO TABS,$0.46 
FUROSEMIDE 10 MG (1/2 X 20 MG) PO TABS,$0.20 
FUROSEMIDE 20 MG PO TABS,$0.47 
FUROSEMIDE 40 MG PO TABS,$0.13 
FUROSEMIDE 5 MG (1/4 X 20 MG) PO TABS,$0.10 
FUROSEMIDE 80 MG PO TABS,$0.33 
GABAPENTIN 100 MG PO CAPS,$0.32 
GABAPENTIN 300 MG PO CAPS,$0.42 
GABAPENTIN 400 MG PO CAPS,$0.47 
GALANTAMINE HYDROBROMIDE 4 MG PO TABS,$6.83 
GALANTAMINE HYDROBROMIDE 8 MG PO TABS,$14.33 
GANCICLOVIR SODIUM 500 MG IV SOLR,$193.32 
GELATIN ABSORBABLE 100 EX MISC,$73.62 
GELATIN ABSORBABLE 12-7 MM EX MISC,$23.08 
GELATIN ABSORBABLE 50 EX MISC,$74.83 
GELATIN ADSORBABLE OP FILM,$600.85 
GEMCITABINE HCL 1 G IV SOLR,$212.13 
GEMCITABINE HCL 1 G IV SOLR,$214.60 
GEMCITABINE HCL 200 MG IV SOLR,$49.40 
GEMCITABINE HCL 200 MG IV SOLR,$50.92 
GEMCITABINE HCL 200 MG IV SOLR,$59.50 
GEMFIBROZIL 300 MG (1/2 X 600 MG) PO TABS,$0.28 
GEMFIBROZIL 600 MG PO TABS,$0.57 
GEMTUZUMAB OZOGAMICIN 4.5 MG IV SOLR,"$33,835.00 "
GLIMEPIRIDE 0.5 MG (1/2 X 1 MG) PO TABS,$0.12 
GLIMEPIRIDE 1 MG PO TABS,$0.24 
GLIMEPIRIDE 2 MG PO TABS,$1.17 
GLIMEPIRIDE 4 MG PO TABS,$0.73 
GLIPIZIDE 1.25 MG (1/4 X 5 MG) PO TABS,$0.05 
GLIPIZIDE 10 MG PO TABS,$0.24 
GLIPIZIDE 2.5 MG (1/2 X 5 MG) PO  TABS,$0.10 
GLIPIZIDE 5 MG PO TABS,$0.85 
GLIPIZIDE ER 10 MG PO TB24,$1.54 
GLIPIZIDE ER 2.5 MG PO TB24,$0.78 
GLIPIZIDE ER 5 MG PO TB24,$0.78 
GLUCAGON HCL (RDNA) 1 MG IJ SOLR,$436.17 
GLUCAGON HCL RDNA (DIAGNOSTIC) 1 MG IJ SOLR,$460.75 
GLUCARPIDASE 1000 UNITS IV SOLR,"$80,952.75 "
GLUCOSE 4 G PO CHEW,$0.50 
GLYBURIDE 0.625 MG (1/2 X 1.25 MG) PO TABS,$0.27 
GLYBURIDE 1.25 MG PO TABS,$0.54 
GLYBURIDE 2.5 MG PO TABS,$0.69 
GLYBURIDE 5 MG PO TABS,$0.50 
GLYBURIDE MICRONIZED 1.5 MG PO TABS,$0.11 
GLYBURIDE MICRONIZED 3 MG PO TABS,$8.12 
GLYBURIDE MICRONIZED 6 MG PO TABS,$0.19 
GLYCERIN (LAXATIVE) 1 G PR SUPP,$0.28 
GLYCERIN (LAXATIVE) 1.2 G PR SUPP,$0.97 
GLYCERIN (LAXATIVE) 2 G PR SUPP,$0.96 
GLYCOPYRROLATE 0.25 MG (1/4 X 1 MG) PO TABS,$0.60 
GLYCOPYRROLATE 0.5 MG (1/2 X 1 MG) PO TABS,$1.19 
GLYCOPYRROLATE 1 MG PO TABS,$2.38 
GLYCOPYRROLATE 1 MG PO TABS,$2.88 
GOSERELIN ACETATE 10.8 MG SUBQ IMPL,"$4,873.28 "
GOSERELIN ACETATE 3.6 MG SUBQ IMPL,"$1,624.43 "
GRANISETRON HCL 1 MG PO TABS,$52.29 
GRANULOTION PACKET,$27.21 
GUANFACINE HCL 0.5 MG (1/2 X 1 MG) PO TABS,$0.47 
GUANFACINE HCL 1 MG PO TABS,$0.39 
HAEMOPHILUS B POLYSAC CONJ VAC IM SOLR,$42.29 
HAEMOPHILUS B POLYSAC CONJ VAC IM SOLR,$43.10 
HALOPERIDOL 0.25 MG (1/2 X 0.5 MG) PO TABS,$0.35 
HALOPERIDOL 0.5 MG PO TABS,$0.70 
HALOPERIDOL 1 MG PO TABS,$0.99 
HALOPERIDOL 10 MG PO TABS,$3.85 
HALOPERIDOL 2 MG PO TABS,$1.36 
HALOPERIDOL 2.5 MG (1/2 X 5 MG) PO TABS,$1.10 
HALOPERIDOL 5 MG PO TABS,$2.20 
HEMIN 350 MG IV SOLR,"$19,999.22 "
HISTRELIN ACETATE (CPP) 50 MG SUBQ KIT,"$82,996.63 "
HURRICAINE SPR EXTENSION TUBES MISC,$0.21 
HYDRALAZINE HCL 10 MG PO TABS,$0.52 
HYDRALAZINE HCL 12.5 MG (1/2 X 25 MG) PO TABS,$0.29 
HYDRALAZINE HCL 2.5 MG (1/4 X 10 MG) PO TABS,$0.12 
HYDRALAZINE HCL 25 MG PO TABS,$0.59 
HYDRALAZINE HCL 5 MG (1/2 X 10 MG) PO TABS,$0.23 
HYDRALAZINE HCL 50 MG PO TABS,$0.83 
HYDROCHLOROTHIAZIDE 12.5 MG PO CAPS,$0.95 
HYDROCHLOROTHIAZIDE 12.5 MG PO TABS,$0.75 
HYDROCHLOROTHIAZIDE 25 MG PO TABS,$0.23 
HYDROCHLOROTHIAZIDE 3.125 MG (1/4 X 12.5 MG) PO TABS,$0.19 
HYDROCHLOROTHIAZIDE 50 MG PO TABS,$0.12 
HYDROCHLOROTHIAZIDE 6.25 MG (1/2 X 12.5 MG) PO TABS,$0.38 
HYDROCODONE-ACETAMINOPHEN 5-325 MG PO TABS,$0.81 
HYDROCORTISONE 1 % EX CREA,$0.27 
HYDROCORTISONE 1.25 MG (1/4 X 5 MG) PO TABS,$0.31 
HYDROCORTISONE 10 MG PO TABS,$4.49 
HYDROCORTISONE 2.5 MG (1/2 X 5 MG) PO TABS,$0.63 
HYDROCORTISONE 20 MG PO TABS,$2.43 
HYDROCORTISONE 5 MG PO TABS,$2.66 
HYDROCORTISONE ACETATE 25 MG PR SUPP,$30.98 
HYDROCORTISONE NA SUCCINATE PF 100 MG IJ SOLR,$26.69 
HYDROCORTISONE NA SUCCINATE PF 100 MG IJ SOLR,$36.06 
HYDROCORTISONE NA SUCCINATE PF 250 MG IJ SOLR,$66.70 
HYDROCORTISONE NA SUCCINATE PF 500 MG IJ SOLR,$133.42 
HYDROMORPHONE 0.5 MG (1/4 X 2 MG) PO TABS,$0.10 
HYDROMORPHONE 1 MG (1/2 X 2 MG) PO TABS,$1.38 
HYDROMORPHONE HCL 2 MG PO TABS,$1.60 
HYDROMORPHONE HCL 250 MG IJ SOLR,$269.71 
HYDROMORPHONE HCL 4 MG PO TABS,$0.81 
HYDROXOCOBALAMIN 5 G IV SOLR,"$2,015.68 "
HYDROXYCHLOROQUINE SULFATE 100 MG (1/2 X 200 MG) PO TAB,$0.20 
HYDROXYCHLOROQUINE SULFATE 200 MG PO TABS,$3.23 
HYDROXYUREA 500 MG PO CAPS,$2.47 
HYDROXYZINE HCL 10 MG PO TABS,$0.61 
HYDROXYZINE HCL 2.5 MG (1/4 X 10 MG) PO TABS,$0.60 
HYDROXYZINE HCL 25 MG PO TABS,$0.37 
HYDROXYZINE HCL 5 MG ( 1/2 X 10 MG) PO TABS,$0.30 
HYDROXYZINE HCL 50 MG PO TABS,$0.79 
HYOSCYAMINE SULFATE 0.125 MG SL SUBL,$1.11 
HYOSCYAMINE SULFATE ER 0.375 MG PO TB12,$2.12 
IBUPROFEN 100 MG (1/2 X 200 MG) PO TABS,$0.05 
IBUPROFEN 200 MG PO TABS,$0.10 
IBUPROFEN 300 MG (1/2 X 600 MG) PO TABS,$0.12 
IBUPROFEN 400 MG PO TABS,$0.19 
IBUPROFEN 600 MG PO TABS,$0.23 
IBUPROFEN 800 MG PO TABS,$0.20 
ICAPS LUTEIN & ZEAXANTHIN PO TBEC,$0.44 
IFOSFAMIDE 1 G IV SOLR,$249.46 
IFOSFAMIDE 3 G IV SOLR,$441.60 
IMATINIB MESYLATE 100 MG PO TABS,$251.42 
IMATINIB MESYLATE 400 MG PO TABS,$905.96 
IMIGLUCERASE 400 UNITS IV SOLR,"$4,258.41 "
IMIPENEM-CILASTATIN 250 MG IV SOLR,$46.58 
IMIPENEM-CILASTATIN 500 MG IV SOLR,$87.67 
IMIPRAMINE HCL 10 MG PO TABS,$0.69 
IMIPRAMINE HCL 25 MG PO TABS,$0.64 
IMIPRAMINE HCL 50 MG PO TABS,$1.37 
IMIQUIMOD 5 % EX CREA,$16.78 
IMMUNE GLOBULIN (HUMAN) 5 G IV SOLR,"$2,101.42 "
IMMUNE GLOBULIN (HUMAN) 6 G IV SOLR,"$1,546.56 "
INDAPAMIDE 1.25 MG (1/2 X 2.5 MG) PO TABS,$0.47 
INDAPAMIDE 2.5 MG PO TABS,$1.64 
INDINAVIR SULFATE 400 MG PO CAPS,$6.81 
INDOCYANINE GREEN 25 MG IV SOLR,$212.56 
INDOMETHACIN 25 MG PO CAPS,$0.54 
INDOMETHACIN 50 MG PR SUPP,$228.23 
INDOMETHACIN SODIUM 1 MG IV SOLR,"$1,437.82 "
INFLIXIMAB 100 MG IV SOLR,"$3,135.60 "
INFLIXIMAB-DYYB 100 MG IV SOLR,"$2,540.76 "
INSPIREASE BAGS MISC,$7.95 
INSULIN PEN NEEDLE 29G X 12.7MM MISC,$1.02 
INSULIN PEN NEEDLE 30G X 8 MM MISC,$0.18 
INSULIN PEN NEEDLE 30G X 8 MM MISC,$0.90 
INSULIN PEN NEEDLE 30G X 8 MM MISC,$1.12 
INSULIN PEN NEEDLE 32G X 6 MM MISC,$1.32 
"INTERDRY AG TEXTILE 10""X144"" EX SHEE",$170.96 
INTERFERON ALFA-2B 18000000 UNITS IJ SOLR,"$1,159.90 "
INTERFERON ALFA-2B 50000000 UNITS IJ SOLR,"$3,222.30 "
INTERFERON BETA-1A 30 MCG/0.5ML IM PSKT,"$15,629.39 "
INTERLINK PRIMARY INFUSION SET,$5.29 
INTERLINK SECONDARY INFUSION SET,$2.39 
IRBESARTAN 150 MG PO TABS,$0.90 
IRBESARTAN 150 MG PO TABS,$2.70 
IRBESARTAN 300 MG PO TABS,$1.07 
IRBESARTAN 300 MG PO TABS,$1.24 
IRBESARTAN 75 MG (1/2 X 150 MG) PO TABS,$4.74 
IRBESARTAN 75 MG PO TABS,$0.63 
ISAVUCONAZONIUM SULFATE 186 MG PO CAPS,$234.47 
ISAVUCONAZONIUM SULFATE 372 MG IV SOLR,$798.90 
ISO MED REFILL KIT,$32.22 
ISOMETHEPTENE-DICHLORAL-APAP 65-100-325 MG PO CAPS,$10.30 
ISONIAZID 150 MG (1/2 X 300 MG) PO TABS,$0.27 
ISONIAZID 300 MG PO TABS,$2.77 
ISOSORBIDE DINITRATE 10 MG PO TABS,$2.33 
ISOSORBIDE DINITRATE 2.5 MG (1/2 X 5 MG) PO TABS,$0.71 
ISOSORBIDE DINITRATE 20 MG PO TABS,$2.56 
ISOSORBIDE DINITRATE 5 MG PO TABS,$3.00 
ISOSORBIDE DINITRATE ER 40 MG PO TBCR,$5.32 
ISOSORBIDE MONONITRATE CR 15 MG (1/2 X 30 MG) PO TB24,$0.71 
ISOSORBIDE MONONITRATE ER 30 MG PO TB24,$1.41 
ISOSORBIDE MONONITRATE ER 60 MG PO TB24,$1.87 
ISRADIPINE 2.5 MG PO CAPS,$2.60 
ISRADIPINE 5 MG PO CAPS,$3.81 
ITRACONAZOLE 100 MG PO CAPS,$71.03 
IVABRADINE HCL 5 MG PO TABS,$19.22 
IVABRADINE HCL 7.5 MG PO TABS,$19.22 
IVACAFTOR 150 MG PO TABS,"$1,145.74 "
IXABEPILONE 15 MG IV SOLR,"$4,738.57 "
IXABEPILONE 45 MG IV SOLR,"$14,195.67 "
K PHOS MONO-SOD PHOS DI & MONO 77.5-426-65 MG (1/2 X 155-852-130 MG) PO TABS,$0.25 
KETOCONAZOLE 100 MG (1/2 X 200 MG) PO TABS,$2.90 
KETOCONAZOLE 200 MG PO TABS,$5.80 
KETOCONAZOLE 200 MG PO TABS,$5.95 
KETOCONAZOLE 50 MG (1/4 X 200 MG) PO TABS,$1.45 
LABETALOL HCL 100 MG PO TABS,$0.84 
LABETALOL HCL 200 MG PO TABS,$1.19 
LABETALOL HCL 25 MG (1/4 X 100 MG) PO TABS,$0.21 
LABETALOL HCL 50 MG (1/2 X 100 MG) PO TABS,$0.42 
LACOSAMIDE 100 MG PO TABS,$36.15 
LACOSAMIDE 50 MG (1/2 X 100 MG) PO TABS,$22.38 
LACTASE 1500 UNIT (1/2 X 3000 UNIT) PO TABS,$0.11 
LACTASE 3000 UNITS PO TABS,$0.22 
LACTULOSE 10 G PO PACK,$19.04 
LACTULOSE 20 G PO PACK,$19.73 
LAMINARIA,$25.00 
LAMIVUDINE 150 MG PO TABS,$15.38 
LAMIVUDINE 75 MG (1/2 X 150 MG) PO TABS,$7.69 
LAMIVUDINE-ZIDOVUDINE 150-300 MG PO TABS,$40.34 
LAMOTRIGINE 100 MG PO TABS,$0.62 
LAMOTRIGINE 12.5 MG (1/2 X 25 MG) PO TABS,$0.27 
LAMOTRIGINE 150 MG PO TABS,$0.50 
LAMOTRIGINE 150 MG PO TABS,$41.68 
LAMOTRIGINE 200 MG PO TABS,$0.28 
LAMOTRIGINE 25 MG PO TABS,$0.54 
LAMOTRIGINE 75 MG (1/2 X 150 MG) PO TABS,$0.25 
LANSOPRAZOLE 15 MG PO TBDP,$37.15 
LANSOPRAZOLE 30 MG PO TBDP,$13.20 
LANSOPRAZOLE 30 MG PO TBDP,$37.15 
LANTHANUM CARBONATE 250 MG (1/2 X 500 MG) PO CHEW,$11.62 
LANTHANUM CARBONATE 500 MG PO CHEW,$32.24 
LEFLUNOMIDE 10 MG PO TABS,$13.59 
LEFLUNOMIDE 20 MG PO TABS,$13.43 
LENALIDOMIDE 10 MG PO CAPS,"$1,867.36 "
LENALIDOMIDE 5 MG PO CAPS,"$1,867.36 "
LETERMOVIR 240 MG PO TABS,$523.58 
LETERMOVIR 480 MG PO TABS,$523.58 
LETROZOLE 2.5 MG PO TABS,$0.71 
LEUCOVORIN CALCIUM 1.25 MG (1/4 X 5 MG) PO TABS,$0.73 
LEUCOVORIN CALCIUM 12.5 MG (1/2 X 25 MG) PO TABS,$14.77 
LEUCOVORIN CALCIUM 2.5 MG (1/2 X 5 MG) PO TABS,$1.46 
LEUCOVORIN CALCIUM 200 MG IJ SOLR,$107.40 
LEUCOVORIN CALCIUM 25 MG PO TABS,$29.54 
LEUCOVORIN CALCIUM 350 MG IJ SOLR,$50.88 
LEUCOVORIN CALCIUM 5 MG PO TABS,$2.92 
LEUCOVORIN CALCIUM 50 MG IJ SOLR,$26.85 
LEUPROLIDE ACETATE (3 MONTH) 11.25 MG (PED) IM KIT,"$21,541.19 "
LEUPROLIDE ACETATE (3 MONTH) 11.25 MG IM KIT,"$9,863.08 "
LEUPROLIDE ACETATE (3 MONTH) 22.5 MG IM KIT,"$11,753.27 "
LEUPROLIDE ACETATE (4 MONTH) 30 MG IM KIT,"$15,671.06 "
LEUPROLIDE ACETATE (6 MONTH) 45 MG SUBQ KIT,"$6,621.21 "
LEUPROLIDE ACETATE 1 MG/0.2ML IJ KIT,$322.20 
LEUPROLIDE ACETATE 3.75 MG IM KIT,"$3,287.65 "
LEUPROLIDE ACETATE 7.5 MG IM KIT,"$3,917.77 "
LEVETIRACETAM 125 MG (1/2 X 250 MG) PO TABS,$0.33 
LEVETIRACETAM 250 MG PO TABS,$0.76 
LEVETIRACETAM 500 MG PO TABS,$1.06 
LEVETIRACETAM 62.5 MG (1/4 X 250 MG) PO TABS,$0.17 
LEVOFLOXACIN 250 MG PO TABS,$0.59 
LEVOFLOXACIN 500 MG PO TABS,$0.65 
LEVOLEUCOVORIN CALCIUM 50 MG IV SOLR,$134.25 
LEVORPHANOL TARTRATE 1 MG (1/2 X 2 MG) PO TABS,$1.38 
LEVORPHANOL TARTRATE 2 MG PO TABS,$4.60 
LEVOTHYROXINE SODIUM 100 MCG IV SOLR,$283.48 
LEVOTHYROXINE SODIUM 100 MCG OR TABS,$1.39 
LEVOTHYROXINE SODIUM 112 MCG OR TABS,$1.45 
LEVOTHYROXINE SODIUM 12.5 MCG (1/2 X 25 MCG) OR TABS,$0.37 
LEVOTHYROXINE SODIUM 125 MCG OR TABS,$1.64 
LEVOTHYROXINE SODIUM 150 MCG OR TABS,$1.68 
LEVOTHYROXINE SODIUM 175 MCG OR TABS,$1.80 
LEVOTHYROXINE SODIUM 18.75 MCG (1/4 X 75 MCG) OR TABS,$0.23 
LEVOTHYROXINE SODIUM 200 MCG OR TABS,$1.81 
LEVOTHYROXINE SODIUM 25 MCG OR TABS,$0.98 
LEVOTHYROXINE SODIUM 37.5 MCG (1/2 X 75 MCG) OR TABS,$0.47 
LEVOTHYROXINE SODIUM 44 MCG (1/2 X 88 MCG) OR TABS,$0.63 
LEVOTHYROXINE SODIUM 50 MCG OR TABS,$1.11 
LEVOTHYROXINE SODIUM 56 MCG (1/2 X 112 MCG) OR TABS,$0.73 
LEVOTHYROXINE SODIUM 6.25 MCG (1/4 X 25 MCG) OR TABS,$0.19 
LEVOTHYROXINE SODIUM 62.5 MCG (1/2 X 125 MCG) OR TABS,$0.82 
LEVOTHYROXINE SODIUM 75 MCG OR TABS,$1.36 
LEVOTHYROXINE SODIUM 88 MCG OR TABS,$1.25 
LIDOCAINE 4 % EX PTCH,$9.76 
LINACLOTIDE 72 MCG PO CAPS,$34.64 
LINAGLIPTIN 5 MG PO TABS,$36.83 
LINEZOLID 600 MG PO TABS,$15.77 
LIOTHYRONINE SODIUM 12.5 MCG (1/2 X 25 MCG) PO TABS,$1.73 
LIOTHYRONINE SODIUM 2.5 MCG (1/2 X 5 MCG) PO TABS,$1.31 
LIOTHYRONINE SODIUM 25 MCG PO TABS,$6.76 
LIOTHYRONINE SODIUM 5 MCG PO TABS,$1.70 
LISINOPRIL 1.25 MG (1/2 X 2.5 MG) PO TABS,$0.10 
LISINOPRIL 10 MG PO TABS,$0.79 
LISINOPRIL 2.5 MG PO TABS,$0.20 
LISINOPRIL 20 MG PO TABS,$0.18 
LISINOPRIL 5 MG PO TABS,$0.14 
LITHIUM CARBONATE 150 MG PO CAPS,$0.40 
LITHIUM CARBONATE 225 MG (1/2 X 450 MG) PO TBCR,$0.58 
LITHIUM CARBONATE 300 MG PO CAPS,$0.18 
LITHIUM CARBONATE ER 300 MG PO TBCR,$0.90 
LITHIUM CARBONATE ER 450 MG PO TBCR,$1.15 
LOMUSTINE 10 MG PO CAPS,$224.09 
LOMUSTINE 100 MG PO CAPS,$227.53 
LOMUSTINE 40 MG PO CAPS,$119.23 
LOPERAMIDE HCL 2 MG PO CAPS,$1.12 
LOPINAVIR-RITONAVIR 200-50 MG PO TABS,$22.92 
LORATADINE 10 MG PO TABS,$2.07 
LORATADINE 5 MG (1/2 X 10 MG) PO TABS,$0.08 
LORATADINE-PSEUDOEPHEDRINE ER 10-240 MG PO TB24,$1.21 
LORAZEPAM 0.125 MG (1/4 X 0.5 MG) PO TABS,$0.05 
LORAZEPAM 0.25 MG (1/2 X 0.5 MG) PO TABS,$0.10 
LORAZEPAM 0.5 MG PO TABS,$0.20 
LORAZEPAM 1 MG PO TABS,$0.24 
LORAZEPAM 2 MG PO TABS,$1.34 
LOSARTAN 6.25 MG (1/4 X 25 MG) PO TABS,$0.35 
LOSARTAN POTASSIUM 100 MG PO TABS,$0.38 
LOSARTAN POTASSIUM 12.5 MG (1/2 X 25 MG) PO TABS,$0.69 
LOSARTAN POTASSIUM 25 MG PO TABS,$1.56 
LOSARTAN POTASSIUM 50 MG PO TABS,$0.33 
LOSARTAN POTASSIUM 50 MG PO TABS,$1.63 
LOSARTAN POTASSIUM-HCTZ 100-25 MG PO TABS,$10.34 
LOSARTAN POTASSIUM-HCTZ 25-6.25 MG (1/2 X 50-12.5 MG) PO TABS,$0.34 
LOSARTAN POTASSIUM-HCTZ 50-12.5 MG PO TABS,$0.90 
LOVASTATIN 20 MG PO TABS,$0.58 
LOXAPINE SUCCINATE 25 MG PO CAPS,$2.94 
LUBIPROSTONE 24 MCG PO CAPS,$16.61 
LUBIPROSTONE 8 MCG PO CAPS,$9.62 
LURASIDONE HCL 40 MG PO TABS,$109.49 
MAFENIDE ACETATE 5 % EX PACK,$612.77 
MAGNESIUM CHLORIDE 64 MG PO TBEC,$0.22 
MAGNESIUM ION INJ FOR TPN,$10.00 
MAPROTILINE HCL 25 MG PO TABS,$2.48 
"MEASLES, MUMPS & RUBELLA VAC SUBQ INJ",$190.42 
MEASLES-MUMPS-RUBELLA-VARICELL SUBQ SUSR,$543.46 
MECHLORETHAMINE HCL 10 MG IJ SOLR,$624.30 
MECLIZINE HCL 12.5 MG PO TABS,$1.53 
MECLIZINE HCL 25 MG PO TABS,$1.60 
MECLIZINE HCL 3.125 MG (1/4 X 12.5 MG) PO TABS,$0.18 
MECLIZINE HCL 6.25 MG (1/2 X 12.5 MG) PO TABS,$0.35 
MEDROXYPROGESTERONE ACETATE 10 MG PO TABS,$0.71 
MEDROXYPROGESTERONE ACETATE 2.5 MG PO TABS,$0.38 
MEDROXYPROGESTERONE ACETATE 5 MG (1/2 X 10 MG) PO TAB,$0.36 
MEGESTROL ACETATE 10 MG (1/2 X 20 MG) PO TABS,$0.51 
MEGESTROL ACETATE 20 MG PO TABS,$1.01 
MEGESTROL ACETATE 40 MG PO TABS,$1.34 
MELATONIN 0.25 MG (1/4 X 1 MG) PO TABS,$0.03 
MELATONIN 0.5 MG (1/2 X 1 MG) PO TABS,$0.06 
MELATONIN 1 MG PO TABS,$0.12 
MELATONIN 3 MG PO TABS,$0.18 
MELPHALAN 2 MG PO TABS,$30.39 
MELPHALAN HCL (PG FREE) 50 MG IV SOLR,"$8,260.00 "
MEMANTINE HCL 10 MG PO TABS,$1.16 
MEMANTINE HCL 5 MG PO TABS,$1.16 
MEMANTINE HCL ER 14 MG PO CP24,$34.69 
MEMANTINE HCL ER 21 MG PO CP24,$37.99 
MEMANTINE HCL ER 28 MG PO CP24,$37.99 
MEMANTINE HCL ER 7 MG PO CP24,$37.99 
MENINGOCOCCAL A C Y&W-135 OLIG IM SOLR,$331.14 
MENTHOL 3 MG MT LOZG,$0.12 
MENTHOL 9.1 MG MT LOZG,$0.11 
MEPERIDINE HCL 50 MG PO TABS,$3.07 
MEPOLIZUMAB 100 MG SUBQ SOLR,"$7,702.38 "
MEPROBAMATE 200 MG PO TABS,$3.01 
MEPROBAMATE 400 MG PO TABS,$3.93 
MERCAPTOPURINE 12.5 MG (1/4 X 50 MG) PO TABS,$1.92 
MERCAPTOPURINE 25 MG (1/2 X 50 MG) PO TABS,$3.83 
MERCAPTOPURINE 50 MG PO TABS,$7.66 
MEROPENEM 1 G IV SOLR,$29.54 
MEROPENEM 500 MG IV SOLR,$26.85 
MEROPENEM-SODIUM CHLORIDE 500 MG/50ML IV SOLR,$43.71 
MESALAMINE 1.2 G PO TBEC,$25.13 
MESALAMINE 1000 MG PR SUPP,$94.96 
MESALAMINE 400 MG PO CPDR,$9.51 
MESALAMINE 800 MG PO TBEC,$23.06 
MESALAMINE ER 250 MG PO CPCR,$8.15 
MESALAMINE ER 500 MG PO CPCR,$16.30 
MESNA 400 MG PO TABS,$211.02 
METAXALONE 200 MG (1/4 X 800 MG) PO TABS,$2.74 
METAXALONE 800 MG PO TABS,$12.87 
METFORMIN ER 500 MG PO TB24,$0.26 
METFORMIN HCL 1000 MG PO TABS,$0.24 
METFORMIN HCL 125 MG (1/4 X 500 MG) PO TABS,$0.24 
METFORMIN HCL 250 MG (1/2 X 500 MG) PO TABS,$0.12 
METFORMIN HCL 425 MG (1/2 X 850 MG) PO TABS,$0.16 
METFORMIN HCL 500 MG PO TABS,$0.24 
METFORMIN HCL 850 MG PO TABS,$0.32 
METFORMIN HCL ER 750 MG PO TB24,$0.62 
METHADONE HCL 10 MG PO TABS,$0.77 
METHADONE HCL 2.5 MG ( 1/2 X 5 MG) PO TABS,$0.42 
METHADONE HCL 40 MG PO TBSO,$0.71 
METHADONE HCL 5 MG PO TABS,$0.83 
METHAZOLAMIDE 25 MG (1/2 X 50 MG) PO TABS,$3.49 
METHAZOLAMIDE 50 MG PO TABS,$16.46 
METHIMAZOLE 10 MG PO TABS,$1.05 
METHIMAZOLE 10 MG PO TABS,$1.31 
METHIMAZOLE 2.5 MG ( 1/2 X 5 MG) PO TAB,$0.38 
METHIMAZOLE 5 MG PO TABS,$0.76 
METHOHEXITAL 10 MG/ML INJ DIL,$177.94 
METHOHEXITAL SODIUM 0.5 G IJ SOLR,$177.94 
METHOHEXITAL SODIUM 2.5 G IJ SOLR,$675.84 
METHOTREXATE 1.25 MG (1/2 X 2.5 MG) PO TABS,$3.72 
METHOTREXATE 2.5 MG PO TABS,$7.44 
METHOTREXATE SODIUM 1 G IJ SOLR,$214.19 
METHOTREXATE SODIUM 1 G IJ SOLR,$272.35 
METHSUXIMIDE 300 MG PO CAPS,$11.45 
METHYLDOPA 125 MG (1/2 X 250 MG) PO TABS,$0.12 
METHYLDOPA 250 MG PO TABS,$0.50 
METHYLDOPA 500 MG PO TABS,$1.10 
METHYLERGONOVINE MALEATE 0.2 MG PO TABS,$55.33 
METHYLPHENIDATE 2.5 MG (1/2 X 5 MG) PO TABS,$0.79 
METHYLPHENIDATE HCL 10 MG PO TABS,$2.24 
METHYLPHENIDATE HCL 20 MG PO TABS,$3.22 
METHYLPHENIDATE HCL 5 MG PO TABS,$1.57 
METHYLPHENIDATE HCL ER 18 MG PO TBCR,$20.90 
METHYLPHENIDATE HCL ER 27 MG PO TBCR,$21.43 
METHYLPREDNISOLONE 1 MG (1/4 X 4 MG) PO TABS,$0.77 
METHYLPREDNISOLONE 2 MG (1/2 X 4 MG) PO TABS,$1.54 
METHYLPREDNISOLONE 4 MG PO TABS,$3.07 
METHYLPREDNISOLONE 500 MG PIGGYBACK IN ACUDOSE,$46.32 
METHYLPREDNISOLONE SODIUM SUCC 1000 MG IJ SOLR,$112.48 
METHYLPREDNISOLONE SODIUM SUCC 125 MG IJ SOLR,$26.01 
METHYLPREDNISOLONE SODIUM SUCC 2000 MG IJ SOLR,$223.15 
METHYLPREDNISOLONE SODIUM SUCC 40 MG IJ SOLR,$16.15 
METHYLPREDNISOLONE SODIUM SUCC 500 MG IJ SOLR,$62.08 
METOCLOPRAMIDE HCL 1.25 MG (1/4 X 5 MG) PO TABS,$0.08 
METOCLOPRAMIDE HCL 10 MG PO TABS,$2.14 
METOCLOPRAMIDE HCL 2.5 MG (1/2 X 5 MG) PO TABS,$0.15 
METOCLOPRAMIDE HCL 5 MG PO TABS,$0.30 
METOLAZONE 1.25 MG (1/2 X 2.5 MG) PO TABS,$3.72 
METOLAZONE 2.5 MG PO TABS,$7.44 
METOLAZONE 5 MG PO TABS,$8.46 
METOPROLOL SUCCINATE 12.5 MG ( 1/2 X 25 MG) PO TB24,$1.31 
METOPROLOL SUCCINATE 6.25 MG (1/4 X 25 MG) PO TB24,$0.65 
METOPROLOL SUCCINATE ER 25 MG PO TB24,$2.61 
METOPROLOL TARTRATE 100 MG PO TABS,$0.15 
METOPROLOL TARTRATE 12.5 MG ( 1/2 X 25 MG)  PO TABS,$0.16 
METOPROLOL TARTRATE 25 MG PO TABS,$0.16 
METOPROLOL TARTRATE 50 MG PO TABS,$0.78 
METOPROLOL TARTRATE 6.25 MG (1/4 X 25 MG) PO TABS,$0.04 
METOPROLOL XL TBCR 100 MG OR,$3.75 
METOPROLOL XL TBCR 50 MG OR,$2.61 
METRONIDAZOLE 125 MG (1/2 X 250 MG) PO TABS,$0.52 
METRONIDAZOLE 250 MG PO TABS,$1.05 
METRONIDAZOLE 500 MG PO TABS,$1.78 
METRONIDAZOLE 62.5 MG (1/4 X 250 MG) PO TABS,$0.27 
MEXILETINE HCL 150 MG PO CAPS,$3.47 
MEXILETINE HCL 250 MG PO CAPS,$4.95 
MICROFIBRILLAR COLL HEMOSTAT EX PADS,$232.71 
MIDODRINE HCL 10 MG PO TABS,$3.25 
MIDODRINE HCL 2.5 MG PO TABS,$2.50 
MIDODRINE HCL 5 MG PO TABS,$3.06 
MIDOSTAURIN 25 MG PO CAPS,$380.92 
MIGLITOL 25 MG PO TABS,$7.37 
MINOCYCLINE HCL 100 MG PO CAPS,$1.50 
MINOCYCLINE HCL 50 MG PO CAPS,$0.71 
MINOXIDIL 0.625 MG (1/4 X 2.5 MG) PO TABS,$0.14 
MINOXIDIL 1.25 MG (1/2 X 2.5 MG) PO TABS,$0.29 
MINOXIDIL 10 MG PO TABS,$1.24 
MINOXIDIL 2.5 MG PO TABS,$0.57 
MIRTAZAPINE 15 MG PO TABS,$0.80 
MIRTAZAPINE 15 MG PO TBDP,$5.23 
MIRTAZAPINE 3.75 MG (1/2 X 7.5 MG) PO TABS,$0.82 
MIRTAZAPINE 30 MG PO TBDP,$5.17 
MIRTAZAPINE 7.5 MG PO TABS,$5.72 
MISOPROSTOL 100 MCG PO TABS,$1.78 
MISOPROSTOL 200 MCG PO TABS,$4.30 
MISOPROSTOL 25 MCG (1/4 X 100 MCG) PO TABS,$0.45 
MISOPROSTOL 50 MCG (1/2 X 100 MCG) PO TABS,$0.89 
MISOPROSTOL 50 MCG (1/2 X 100 MCG) PO TABS,$1.48 
MITOMYCIN 20 MG IV SOLR,"$2,616.92 "
MITOMYCIN 5 MG IV SOLR,"$1,013.49 "
MITOTANE 500 MG PO TABS,$12.89 
MODAFINIL 100 MG PO TABS,$56.68 
MODAFINIL 200 MG PO TABS,$54.75 
MODAFINIL 50 MG (1/2 X 100 MG) PO TABS,$28.33 
MONTELUKAST SODIUM 10 MG PO TABS,$0.89 
MONTELUKAST SODIUM 2 MG (1/2 X 4 MG) PO CHEW,$7.03 
MONTELUKAST SODIUM 2.5 MG (1/2 X 5 MG) PO CHEW,$6.33 
MONTELUKAST SODIUM 4 MG PO CHEW,$2.02 
MONTELUKAST SODIUM 5 MG (1/2 X 10 MG) PO TABS,$1.09 
MONTELUKAST SODIUM 5 MG PO CHEW,$2.26 
MORPHINE SULFATE 10 MG PR SUPP,$13.43 
MORPHINE SULFATE 15 MG PO TABS,$2.03 
MORPHINE SULFATE 30 MG PO TABS,$1.97 
MORPHINE SULFATE 5 MG PR SUPP,$10.74 
MORPHINE SULFATE 7.5 (1/2 X 15 MG) PO TABS,$0.43 
MORPHINE SULFATE ER 100 MG PO TBCR,$12.35 
MORPHINE SULFATE ER 15 MG PO TBCR,$2.25 
MORPHINE SULFATE ER 30 MG PO TBCR,$4.27 
MORPHINE SULFATE ER 60 MG PO TBCR,$8.34 
MOXIFLOXACIN HCL 400 MG PO TABS,$81.75 
MULTI-VITAMINS PO TABS,$0.03 
MYCOPHENOLATE MOFETIL 250 MG PO CAPS,$1.22 
MYCOPHENOLATE MOFETIL 500 MG PO TABS,$2.67 
MYCOPHENOLATE MOFETIL HCL 500 MG IV SOLR,$289.92 
MYCOPHENOLATE SODIUM 180 MG PO TBEC,$13.97 
MYCOPHENOLATE SODIUM 360 MG PO TBEC,$27.94 
NABUMETONE 250 MG (1/2 X 500 MG) PO TABS,$0.89 
NABUMETONE 500 MG PO TABS,$1.77 
NADOLOL 10 MG ( 1/2 X 20 MG) PO TABS,$3.65 
NADOLOL 20 MG PO TABS,$13.85 
NADOLOL 40 MG PO TABS,$16.17 
NADOLOL 5 MG (1/4 X 20 MG) PO TABS,$1.82 
NAFCILLIN SODIUM 1 G IJ SOLR,$39.98 
NAFCILLIN SODIUM 10 G IV SOLR,$380.06 
NAFCILLIN SODIUM 2 G IJ SOLR,$77.57 
NALOXEGOL OXALATE 12.5 MG PO TABS,$30.88 
NALOXEGOL OXALATE 25 MG PO TABS,$30.88 
NALOXONE HCL 4 MG/0.1ML NA LIQD,$167.81 
NALTREXONE 380 MG IM SUSR,"$3,514.67 "
NALTREXONE HCL 50 MG PO TABS,$5.64 
NAPROXEN 125 MG (1/2 X 250 MG) PO TABS,$0.09 
NAPROXEN 187.5 MG (1/2 X  375 MG) PO TABS,$0.09 
NAPROXEN 250 MG PO TABS,$0.18 
NAPROXEN 375 MG PO TABS,$0.73 
NAPROXEN SODIUM 275 MG PO TABS,$0.57 
NARATRIPTAN HCL 1 MG PO TABS,$29.40 
NARATRIPTAN HCL 2.5 MG PO TABS,$29.40 
NEEDLE-PRO SYR INSULIN 1 ML,$3.06 
NEFAZODONE HCL 100 MG PO TABS,$3.35 
NEFAZODONE HCL 200 MG PO TABS,$3.68 
NEFAZODONE HCL 50 MG PO TABS,$3.18 
NELFINAVIR MESYLATE 250 MG PO TABS,$10.87 
NEOMYCIN SULFATE 250 MG (1/2 X 500 MG) PO TABS,$1.37 
NEOMYCIN SULFATE 500 MG PO TABS,$3.64 
NEPHROCAPS 1 MG PO CAPS,$1.26 
NIACIN 100 MG PO TABS,$0.04 
NIACIN ER (ANTIHYPERLIPIDEMIC) 500 MG PO TBCR,$13.88 
NIACIN ER (ANTIHYPERLIPIDEMIC) 750 MG PO TBCR,$19.79 
NICARDIPINE HCL 20 MG PO CAPS,$4.79 
NICARDIPINE HCL 30 MG PO CAPS,$6.86 
NICOTINE 14 MG/24HR TD PT24,$4.77 
NICOTINE 21 MG/24HR TD PT24,$4.77 
NICOTINE 7 MG/24HR TD PT24,$6.39 
NICOTINE POLACRILEX 2 MG MT GUM,$0.79 
NIFEDIPINE 10 MG PO CAPS,$2.29 
NIFEDIPINE 10 MG/ 0.34 ML CAP PEDIATRICS,$2.29 
NIFEDIPINE 20 MG PO CAPS,$4.95 
NIFEDIPINE ER 30 MG PO TB24,$2.32 
NIFEDIPINE ER 60 MG PO TB24,$4.36 
NIFEDIPINE ER 90 MG PO TB24,$7.92 
NIMODIPINE 30 MG PO CAPS,$36.42 
NITAZOXANIDE 500 MG PO TABS,$280.05 
NITRIC OXIDE FOR INHALATION GAS,"$1,328.22 "
NITRIC OXIDE FOR INHALATION GAS CARDIAC CATH ONLY,$83.02 
NITROFURANTOIN MACROCRYSTAL 100 MG PO CAPS,$7.25 
NITROFURANTOIN MACROCRYSTAL 50 MG PO CAPS,$6.18 
NITROGLYCERIN 0.1 MG/HR TD PT24,$1.64 
NITROGLYCERIN 0.2 MG/HR TD PT24,$1.90 
NITROGLYCERIN 0.3 MG/HR TD PT24,$14.93 
NITROGLYCERIN 0.4 MG SL SUBL,$3.35 
NITROGLYCERIN 0.4 MG SL SUBL,$3.35 
NITROGLYCERIN 0.4 MG/HR TD PT24,$2.19 
NITROGLYCERIN 0.6 MG SL SUBL,$1.53 
NITROGLYCERIN 0.6 MG/HR TD PT24,$2.53 
NITROGLYCERIN 0.8 MG/HR TD PT24,$16.19 
NITROPRUSSIDE DRIP KIT,$805.50 
NOREPINEPHRINE DRIP KIT,$16.92 
NORTRIPTYLINE HCL 10 MG PO CAPS,$0.99 
NORTRIPTYLINE HCL 25 MG PO CAPS,$1.13 
NUTRISOURCE FIBER PO PACK,$1.07 
OCCULT BLOOD VI STRP,$2.12 
OCTREOTIDE ACETATE 20 MG IM KIT,"$8,372.99 "
OCTREOTIDE ACETATE 30 MG IM KIT,"$12,537.91 "
OLANZAPINE 1.25 MG (1/2 X 2.5 MG) PO TABS,$0.49 
OLANZAPINE 10 MG IM SOLR,$88.61 
OLANZAPINE 10 MG PO TABS,$49.49 
OLANZAPINE 10 MG PO TBDP,$7.04 
OLANZAPINE 2.5 MG PO TABS,$0.93 
OLANZAPINE 2.5MG (1/2 X 5MG) TBDP,$38.75 
OLANZAPINE 5 MG PO TABS,$0.97 
OLANZAPINE 5 MG PO TBDP,$4.79 
OLMESARTAN MEDOXOMIL 10 MG (1/2 X 20 MG) PO TABS,$5.12 
OLMESARTAN MEDOXOMIL 20 MG PO TABS,$0.68 
OLMESARTAN MEDOXOMIL 40 MG PO TABS,$26.04 
OLMESARTAN MEDOXOMIL 5 MG (1/4 X 20 MG) PO TABS,$2.56 
OMALIZUMAB 150 MG SUBQ SOLR,"$2,912.31 "
OMEGA-3 FISH OIL 1000 MG PO CAPS,$0.08 
OMEGA-3 FISH OIL 1000 MG PO CAPS,$0.13 
OMEPRAZOLE 20 MG PO CPDR,$0.60 
OMNI-STAT GRANULES 3 GRAM POUCH,$187.95 
ONABOTULINUMTOXINA 100 UNITS IJ SOLR,"$1,613.69 "
ONABOTULINUMTOXINA 200 UNITS IJ SOLR,"$3,227.37 "
ONDANSETRON 4 MG PO TBDP,$1.24 
ONDANSETRON 8 MG PO TBDP,$2.27 
ONDANSETRON 8 MG PO TBDP,$4.83 
ONDANSETRON HCL 2 MG (1/2 X 4 MG) PO TABS,$1.57 
ONDANSETRON HCL 4 MG PO TABS,$1.19 
ONDANSETRON HCL 8 MG PO TABS,$1.43 
ONDANSETRON HCL 8 MG PO TABS,$1.43 
ONDANSETRON HCL 8 MG PO TABS,$1.88 
ONDANSETRON HCL 8 MG PO TABS,$1.88 
ONDANSETRON HCL 8 MG PO TABS,$4.36 
OSELTAMIVIR PHOSPHATE 30 MG PO CAPS,$25.13 
OSELTAMIVIR PHOSPHATE 75 MG PO CAPS,$27.39 
OXAZEPAM 10 MG PO CAPS,$1.56 
OXAZEPAM 15 MG PO CAPS,$3.25 
OXCARBAZEPINE 150 MG PO TABS,$1.13 
OXCARBAZEPINE 300 MG PO TABS,$1.13 
OXCARBAZEPINE 75 MG (1/2 X 150 MG) PO TABS,$0.57 
OXIDIZED CELLULOSE EX PADS,$191.92 
OXIDIZED CELLULOSE EX PADS,$353.23 
OXIDIZED CELLULOSE EX PADS,$441.54 
OXYBUTYNIN CHLORIDE 1.25 MG (1/4 X 5 MG) PO TABS,$0.41 
OXYBUTYNIN CHLORIDE 2.5 MG (1/2 X 5 MG) PO TABS,$0.81 
OXYBUTYNIN CHLORIDE 5 MG PO TABS,$0.58 
OXYBUTYNIN CHLORIDE 5 MG PO TABS,$1.61 
OXYBUTYNIN CHLORIDE ER 10 MG PO TB24,$3.31 
OXYBUTYNIN CHLORIDE ER 10 MG PO TB24,$6.28 
OXYBUTYNIN CHLORIDE ER 15 MG PO TB24,$17.51 
OXYBUTYNIN CHLORIDE ER 5 MG PO TB24,$6.27 
OXYCODONE HCL 15 MG PO TABS,$1.61 
OXYCODONE HCL 2.5MG (1/2 X 5 MG) TAB,$0.58 
OXYCODONE HCL 30 MG PO TABS,$3.32 
OXYCODONE HCL 5 MG PO TABS,$1.16 
OXYCODONE HCL ER 10 MG PO T12A,$9.87 
OXYCODONE HCL ER 15 MG PO T12A,$14.90 
OXYCODONE HCL ER 20 MG PO T12A,$18.88 
OXYCODONE HCL ER 40 MG PO T12A,$31.52 
OXYCODONE HCL ER 80 MG PO T12A,$55.00 
OXYCODONE-ACETAMINOPHEN 2.5-162.5 MG (1/2 X 5-325) PO TABS,$1.65 
OXYCODONE-ACETAMINOPHEN 5-325 MG PO TABS,$1.09 
OXYCODONE-ACETAMINOPHEN 5-325 MG PO TABS,$3.30 
OXYGEN,$53.11 
PACLITAXEL PROTEIN-BOUND PART 100 MG IV SUSR,"$5,502.07 "
PAIN-EASE SPRAY FOR IV THERAPY,$2.93 
PALIFERMIN (KEPIVANCE) 5MG/ML DILUTION,"$6,532.96 "
PALIPERIDONE ER 3 MG PO TB24,$68.31 
PANCRELIPASE (LIP-PROT-AMYL) 10440 UNITS PO TABS,$7.89 
PANCRELIPASE (LIP-PROT-AMYL) 10500 UNITS PO CPEP,$8.06 
PANCRELIPASE (LIP-PROT-AMYL) 12000 UNITS PO CPEP,$7.86 
PANCRELIPASE (LIP-PROT-AMYL) 16800 UNITS PO CPEP,$12.95 
PANCRELIPASE (LIP-PROT-AMYL) 21000 UNITS PO CPEP,$16.13 
PANCRELIPASE (LIP-PROT-AMYL) 24000-76000 UNITS PO CPEP,$15.59 
PANCRELIPASE (LIP-PROT-AMYL) 3000-9500 UNITS PO CPEP,$3.32 
PANCRELIPASE (LIP-PROT-AMYL) 4200 UNITS PO CPEP,$3.23 
PANCRELIPASE (LIP-PROT-AMYL) 6000 UNITS PO CPEP,$3.93 
PANTOPRAZOLE 40 MG IV SOLR,$13.43 
PANTOPRAZOLE SODIUM 40 MG IV SOLR,$13.43 
PANTOPRAZOLE SODIUM 40 MG PO PACK,$38.52 
PANTOPRAZOLE SODIUM 40 MG PO TBEC,$0.77 
PAROXETINE HCL 10 MG PO TABS,$2.15 
PAROXETINE HCL 20 MG PO TABS,$17.26 
PAROXETINE HCL 30 MG PO TABS,$1.99 
PAROXETINE HCL 40 MG PO TABS,$1.91 
PAROXETINE HCL 5 MG (1/2 X 10 MG) PO TABS,$1.07 
PB-HYOSCY-ATROPINE-SCOPOLAMINE 16.2 MG PO TABS,$25.52 
PEGINTERFERON ALFA-2B 150 MCG/0.5ML SUBQ KIT,"$2,337.83 "
PEGINTERFERON ALFA-2B 200 MCG SUBQ KIT,"$5,316.95 "
PEGINTERFERON ALFA-2B 300 MCG SUBQ KIT,"$5,873.98 "
PEGINTERFERON ALFA-2B 300 MCG SUBQ KIT,"$7,975.42 "
PEGINTERFERON ALFA-2B 600 MCG SUBQ KIT,"$11,747.98 "
PEGINTERFERON ALFA-2B 600 MCG SUBQ KIT,"$15,950.83 "
PEMETREXED DISODIUM 100 MG IV SOLR,"$2,800.65 "
PEMETREXED DISODIUM 500 MG IV SOLR,"$13,963.23 "
PENICILLAMINE 250 MG PO TABS,$156.16 
PENICILLIN G 5 MMU PIGGYBACK IN ACUDOSE,$79.21 
PENICILLIN G POTASSIUM 20000000 UNITS IJ SOLR,$135.94 
PENICILLIN G POTASSIUM 5000000 UNITS IJ SOLR,$73.84 
PENICILLIN V POTASSIUM 250 MG PO TABS,$1.47 
PENICILLIN V POTASSIUM 500 MG PO TABS,$2.51 
PENTAMIDINE ISETHIONATE 300 MG IJ SOLR,$448.10 
PENTAMIDINE ISETHIONATE 300 MG IN SOLR,$448.10 
PENTOSTATIN 10 MG IV SOLR,"$7,847.50 "
PENTOXIFYLLINE CR 200 MG (1/2 X 400 MG) PO TABS,$0.47 
PENTOXIFYLLINE ER 400 MG PO TBCR,$1.09 
PERCUSTAY CATHETER FASTENER,$40.28 
PERPHENAZINE 1 MG (1/2 X 2 MG) PO TABS,$2.11 
PERPHENAZINE 2 MG PO TABS,$2.50 
PERPHENAZINE 4 MG PO TABS,$4.71 
PH TEST VI TEST,$89.01 
PHENAZOPYRIDINE HCL 100 MG PO TABS,$4.71 
PHENAZOPYRIDINE HCL 50 MG (1/2 X 100 MG) PO TABS,$0.23 
PHENOBARBITAL 16.2 MG PO TABS,$1.10 
PHENOBARBITAL 24.3 MG (1/4 X 97.2 MG) PO TABS,$0.29 
PHENOBARBITAL 32.4 MG PO TABS,$1.38 
PHENOBARBITAL 4.05 MG (1/4 X 16.2 MG) TAB,$0.13 
PHENOBARBITAL 48.6 MG (1/2 X 97.2 MG) PO TABS,$0.57 
PHENOBARBITAL 64.8 MG PO TABS,$1.72 
PHENOBARBITAL 8.1 MG (1/2 X 16.2 MG) PO TABS,$0.25 
PHENOBARBITAL 97.2 MG PO TABS,$2.56 
PHENOXYBENZAMINE HCL 10 MG PO CAPS,$289.63 
PHENTERMINE HCL 30 MG PO CAPS,$2.77 
PHENTOLAMINE MESYLATE 5 MG IJ SOLR,"$1,141.13 "
PHENYLEPHRINE DRIP KIT 40 MG/ 250 ML,$128.88 
PHENYTOIN 25 MG (1/2 X 50 MG) PO CHEW,$0.76 
PHENYTOIN 50 MG PO CHEW,$3.11 
PHENYTOIN SODIUM EXTENDED 100 MG PO CAPS,$1.44 
PHENYTOIN SODIUM EXTENDED 30 MG PO CAPS,$2.86 
PHOSPHATE ION INJ FOR TPN,$10.00 
PHYTONADIONE 1.25 MG (1/4 X 5 MG) PO TABS,$21.49 
PHYTONADIONE 2.5 MG (1/2 X 5 MG) PO TABS,$42.98 
PHYTONADIONE 5 MG PO TABS,$157.77 
PILOCARPINE HCL 2.5 MG (1/2 X 5 MG) PO TABS,$1.83 
PILOCARPINE HCL 5 MG PO TABS,$3.65 
PIMOZIDE 2 MG PO TABS,$6.31 
PINDOLOL 2.5 MG (1/2 X 5 MG) PO TABS,$1.42 
PINDOLOL 5 MG PO TABS,$2.84 
PIOGLITAZONE HCL 15 MG PO TABS,$0.76 
PIOGLITAZONE HCL 30 MG PO TABS,$1.15 
PIOGLITAZONE HCL 45 MG PO TABS,$2.32 
PIOGLITAZONE HCL 7.5 MG (1/2 X 15 MG) PO TABS,$0.38 
PIPERACILLIN SOD-TAZOBACTAM SO 3.375 (3-0.375) G IV SOLR,$27.66 
PIPERACILLIN SOD-TAZOBACTAM SO 4.5 (4-0.5) G IV SOLR,$36.88 
POLYETHYLENE GLYCOL 3350 PO PACK,$4.53 
POLYMYXIN B SULFATE 500000 UNITS IJ SOLR,$29.54 
POLYVINYL ALCOHOL-POVIDONE PF 1.4-0.6 % OP SOLN,$0.71 
PORFIMER SODIUM 75 MG IV SOLR,"$54,846.50 "
POSACONAZOLE 100 MG PO TBEC,$175.25 
POTASSIUM & SODIUM PHOSPHATES 280-160-250 MG PO PACK,$1.17 
POTASSIUM BICARBONATE 25 MEQ PO TBEF,$0.68 
POTASSIUM CHLORIDE 25 MEQ PO PACK,$30.81 
POTASSIUM CHLORIDE CRYS ER 10 MEQ PO TBCR,$1.33 
POTASSIUM CHLORIDE ER 10 MEQ PO TB CR,$0.87 
POTASSIUM CHLORIDE ER 10 MEQ PO TBCR,$1.21 
POTASSIUM CHLORIDE ER 10 MEQ PO TBCR,$1.21 
POTASSIUM ION INJ FOR TPN,$10.00 
PRALIDOXIME CHLORIDE 1 G IV SOLR,$232.79 
PRAMIPEXOLE DIHYDROCHLORIDE 0.125 MG PO TABS,$0.39 
PRAMIPEXOLE DIHYDROCHLORIDE 0.125 MG PO TABS,$17.46 
PRAMIPEXOLE DIHYDROCHLORIDE 0.25 MG PO TABS,$0.51 
PRAMIPEXOLE DIHYDROCHLORIDE 0.5 MG PO TABS,$6.59 
PRAMIPEXOLE DIHYDROCHLORIDE 1 MG PO TABS,$6.59 
PRAMIPEXOLE DIHYDROCHLORIDE 1 MG PO TABS,$17.46 
PRASUGREL HCL 10 MG PO TABS,$17.13 
PRASUGREL HCL 5 MG PO TABS,$41.08 
PRAVASTATIN SODIUM 10 MG PO TABS,$1.06 
PRAVASTATIN SODIUM 2.5 MG (1/4 X 10 MG) PO TABS,$0.44 
PRAVASTATIN SODIUM 20 MG PO TABS,$0.52 
PRAVASTATIN SODIUM 20 MG PO TABS,$1.89 
PRAVASTATIN SODIUM 40 MG PO TABS,$2.23 
PRAVASTATIN SODIUM 5 MG (1/2 X 10 MG) PO TABS,$0.88 
PRAVASTATIN SODIUM 80 MG PO TABS,$1.03 
PRAZIQUANTEL 600 MG PO TABS,$222.96 
PRAZOSIN HCL 1 MG PO CAPS,$4.05 
PRAZOSIN HCL 2 MG PO CAPS,$5.65 
PRAZOSIN HCL 5 MG PO CAPS,$9.64 
PREDNISONE 0.25 MG (1/4 X 1 MG) PO TABS,$0.14 
PREDNISONE 0.5 MG (1/2 X 1 MG) PO TABS,$0.27 
PREDNISONE 1 MG PO TABS,$0.54 
PREDNISONE 1.25 MG (1/2 X 2.5 MG) PO TABS,$0.20 
PREDNISONE 10 MG PO TABS,$0.57 
PREDNISONE 2.5 MG PO TABS,$0.39 
PREDNISONE 20 MG PO TABS,$0.55 
PREDNISONE 20 MG PO TABS,$0.61 
PREDNISONE 5 MG PO TABS,$0.46 
PREDNISONE 5 MG PO TABS,$0.49 
PREDNISONE 50 MG PO TABS,$0.90 
PREGABALIN 100 MG PO CAPS,$19.95 
PREGABALIN 200 MG PO CAPS,$19.95 
PREGABALIN 25 MG PO CAPS,$19.95 
PREGABALIN 50 MG PO CAPS,$19.95 
PREGABALIN 75 MG PO CAPS,$19.95 
PRENATAL 27-1 MG PO TABS,$0.81 
PRENATAL FORMULA 27-1 MG PO TABS,$0.81 
PRENATAL PLUS 27-1 MG PO TABS,$0.40 
PRIMAQUINE PHOSPHATE 26.3 MG PO TABS,$4.52 
PRIMIDONE 12.5 MG (1/4 X 50 MG) PO TABS,$0.06 
PRIMIDONE 125 MG (1/2 X 250 MG) PO TABS,$0.49 
PRIMIDONE 250 MG PO TABS,$0.97 
PRIMIDONE 50 MG PO TABS,$0.24 
PROBENECID 250 MG (1/2 X 500 MG) PO TABS,$0.80 
PROBENECID 500 MG PO TABS,$1.60 
PROCHLORPERAZINE 25 MG PR SUPP,$26.33 
PROCHLORPERAZINE MALEATE 10 MG PO TABS,$2.17 
PROCHLORPERAZINE MALEATE 5 MG PO TABS,$0.53 
PROGESTERONE 200 MG VA SUPP,$12.42 
PROGESTERONE MICRONIZED 100 MG PO CAPS,$1.99 
PROGESTERONE MICRONIZED 200 MG PO CAPS,$8.70 
PROMETHAZINE HCL 12.5 MG PO TABS,$0.14 
PROMETHAZINE HCL 12.5 MG PR SUPP,$26.17 
PROMETHAZINE HCL 25 MG PO TABS,$0.94 
PROMETHAZINE HCL 25 MG PR SUPP,$7.37 
PROMETHAZINE HCL 6.25 MG (1/4 X 25 MG) PO TABS,$0.23 
PROPAFENONE HCL 150 MG PO TABS,$0.98 
PROPAFENONE HCL 75 MG (1/2 X 150 MG) PO TABS,$0.49 
PROPRANOLOL HCL 10 MG PO TABS,$0.72 
PROPRANOLOL HCL 20 MG PO TABS,$0.17 
PROPRANOLOL HCL 40 MG PO TABS,$0.19 
PROPRANOLOL HCL 5 MG (1/2 X 10 MG) PO TABS,$0.07 
PROPRANOLOL HCL 60 MG PO TABS,$3.28 
PROPRANOLOL HCL 80 MG PO TABS,$1.63 
PROPRANOLOL HCL ER 60 MG PO CP24,$5.35 
PROPRANOLOL HCL ER 80 MG PO CP24,$5.25 
PROPYLTHIOURACIL 12.5 MG (1/4 X 50 MG) PO TABS,$0.51 
PROPYLTHIOURACIL 25 MG (1/2 X 50 MG) PO TABS,$1.01 
PROPYLTHIOURACIL 50 MG PO TABS,$2.02 
PROSOURCE PO PACK,$1.40 
PSEUDOEPHEDRINE HCL 30 MG PO TABS,$0.06 
PSEUDOEPHEDRINE HCL 60 MG PO TABS,$0.08 
PYRAZINAMIDE 250 MG (1/2 X 500 MG) PO TABS,$3.01 
PYRAZINAMIDE 500 MG PO TABS,$13.22 
PYRIDOSTIGMINE BROMIDE 15 MG (1/4 X 60 MG) PO TABS,$2.65 
PYRIDOSTIGMINE BROMIDE 30 MG (1/2 X 60 MG) PO TABS,$5.29 
PYRIDOSTIGMINE BROMIDE 60 MG PO TABS,$38.68 
PYRIDOSTIGMINE BROMIDE 90 MG (1/2 X 180 MG) PO TBCR,$15.37 
PYRIDOSTIGMINE BROMIDE ER 180 MG PO TBCR,$43.30 
PYRIDOXINE HCL 25 MG PO TABS,$0.03 
PYRIDOXINE HCL 25 MG PO TABS,$0.06 
QUETIAPINE FUMARATE 100 MG PO TABS,$1.26 
QUETIAPINE FUMARATE 12.5 MG (1/2 X 25 MG) PO TABS,$0.38 
QUETIAPINE FUMARATE 200 MG PO TABS,$2.55 
QUETIAPINE FUMARATE 25 MG PO TABS,$0.76 
QUETIAPINE FUMARATE 300 MG PO TABS,$44.28 
QUETIAPINE FUMARATE 50 MG PO TABS,$1.26 
QUETIAPINE FUMARATE 6.25 MG (1/4 X 25 MG) PO TABS,$0.19 
QUETIAPINE FUMARATE ER 300 MG PO TB24,$57.14 
QUETIAPINE FUMARATE ER 50 MG PO TB24,$22.05 
QUIKCLOT COMBAT GAUZE 3INX4YD ROLL,$153.44 
QUIKCLOT CONTROL 12IN X 12IN HEMOSTAT DRESSING,"$1,026.24 "
QUIKCLOT CONTROL 8INX8IN HEMOSTAT DRESSING,$631.37 
QUIKCLOT CONTROL ZFOLD 3IN X 2YARDS HEMOSTAT DRESSING,$568.22 
QUIKCLOT GAUZE 4INX4IN HEMOSTAT DRESSING,$71.57 
QUINAPRIL HCL 10 MG PO TABS,$0.45 
QUINAPRIL HCL 2.5 MG (1/2 X 5 MG) PO TABS,$1.23 
QUINAPRIL HCL 20 MG PO TABS,$0.45 
QUINAPRIL HCL 40 MG PO TABS,$0.45 
QUINAPRIL HCL 5 MG PO TABS,$2.46 
QUINIDINE GLUCONATE ER 324 MG PO TBCR,$19.47 
QUINIDINE SULFATE 100 MG (1/2 X 200 MG) PO TABS,$0.24 
QUINIDINE SULFATE 200 MG PO TABS,$0.49 
QUINIDINE SULFATE 300 MG PO TABS,$0.91 
QUININE SULFATE 324 MG PO CAPS,$15.74 
QUINUPRISTIN-DALFOPRISTIN 500 MG IV SOLR,"$1,089.25 "
"RABIES VACCINE, PCEC IM SUSR",$904.85 
"RABIES VIRUS VACCINE, HDC IM INJ",$911.24 
RACEPINEPHRINE HCL 2.25 % IN NEBU,$4.03 
RADIAL GRAFT MIXTURE 100 ML,$23.49 
RALOXIFENE HCL 60 MG PO TABS,$9.86 
RALTEGRAVIR POTASSIUM 400 MG PO TABS,$67.13 
RAMELTEON 8 MG PO TABS,$33.81 
RAMIPRIL 1.25 MG PO CAPS,$13.56 
RAMIPRIL 2.5 MG PO CAPS,$0.46 
RAMIPRIL 5 MG PO CAPS,$0.54 
RANOLAZINE ER 500 MG PO TB12,$15.97 
RASAGILINE MESYLATE 0.5 MG (1/2 X 1 MG) PO TABS,$16.51 
RASAGILINE MESYLATE 1 MG PO TABS,$33.01 
RASBURICASE 1.5 MG IV SOLR,"$2,222.65 "
RASBURICASE 7.5 MG IV SOLR,"$11,113.51 "
REMIFENTANIL HCL 1 MG IV SOLR,$158.42 
REMIFENTANIL HCL 2 MG IV SOLR,$316.83 
REMIFENTANIL HCL 5 MG IV SOLR,$673.94 
REPAGLINIDE 0.25 MG (1/2 X 0.5 MG) PO TABS,$0.73 
REPAGLINIDE 0.5 MG PO TABS,$1.45 
REPAGLINIDE 1 MG PO TABS,$2.46 
REPAGLINIDE 2 MG PO TABS,$7.15 
RESERPINE 0.1 MG PO TABS,$2.35 
RESERPINE 0.25 MG PO TABS,$3.24 
RESOURCE GLUTASOLVE PO PACK,$4.45 
RIFABUTIN 150 MG PO CAPS,$85.22 
RIFAMPIN 150 MG PO CAPS,$7.25 
RIFAMPIN 300 MG PO CAPS,$14.70 
RIFAMPIN 600 MG IV SOLR,$479.43 
RIFAXIMIN 200 MG PO TABS,$51.53 
RIFAXIMIN 550 MG PO TABS,$98.23 
RILUZOLE 50 MG PO TABS,$92.90 
RISPERIDONE 0.125 MG (1/2 X 0.25 MG) PO TABS,$0.38 
RISPERIDONE 0.25 MG PO TABS,$0.76 
RISPERIDONE 0.5 MG PO TABS,$0.88 
RISPERIDONE 0.5 MG PO TBDP,$9.39 
RISPERIDONE 1 MG PO TABS,$1.25 
RISPERIDONE 1 MG PO TBDP,$10.97 
RISPERIDONE 2 MG PO TABS,$48.06 
RISPERIDONE 2 MG PO TBDP,$7.09 
RISPERIDONE MICROSPHERES 25 MG IM SUSR,"$1,217.54 "
RISPERIDONE MICROSPHERES 37.5 MG IM SUSR,"$1,826.39 "
RISPERIDONE MICROSPHERES 50 MG IM SUSR,"$2,435.24 "
RITONAVIR 100 MG PO TABS,$23.02 
RIVAROXABAN 10 MG PO TABS,$37.51 
RIVAROXABAN 15 MG PO TABS,$37.51 
RIVAROXABAN 20 MG PO TABS,$37.51 
RIVASTIGMINE 4.6 MG/24HR TD PT24,$57.92 
RIVASTIGMINE 9.5 MG/24HR TD PT24,$57.92 
RIVASTIGMINE TARTRATE 1.5 MG PO CAPS,$9.11 
RIVASTIGMINE TARTRATE 3 MG PO CAPS,$9.11 
ROFLUMILAST 250 MCG (1/2 X 500 MCG) PO TABS,$12.58 
ROFLUMILAST 500 MCG PO TABS,$31.39 
ROLAPITANT HCL 90 MG PO TABS,$799.46 
ROMIDEPSIN 10 MG IV SOLR,"$12,084.74 "
ROMIPLOSTIM 250 MCG SUBQ SOLR,"$4,844.95 "
ROPINIROLE HCL 0.125 MG (1/2 X 0.25 MG) PO TABS,$4.53 
ROPINIROLE HCL 0.25 MG PO TABS,$15.09 
ROPINIROLE HCL 0.5 MG PO TABS,$1.35 
ROPINIROLE HCL 1 MG PO TABS,$0.81 
ROPINIROLE HCL 2 MG PO TABS,$1.34 
ROSUVASTATIN CALCIUM 10 MG PO TABS,$3.72 
ROSUVASTATIN CALCIUM 2.5 MG (1/2 X 5 MG) PO TAB,$1.88 
ROSUVASTATIN CALCIUM 20 MG PO TABS,$23.35 
ROSUVASTATIN CALCIUM 40 MG PO TABS,$23.35 
ROSUVASTATIN CALCIUM 5 MG PO TABS,$3.76 
RUFINAMIDE 100 MG (1/2 X 200 MG) PO TABS,$7.58 
RUFINAMIDE 200 MG PO TABS,$30.97 
RUFINAMIDE 50 MG (1/4 X 200 MG) PO TABS,$3.79 
SACUBITRIL-VALSARTAN 24-26 MG PO TABS,$20.73 
SACUBITRIL-VALSARTAN 49-51 MG PO TABS,$20.73 
SACUBITRIL-VALSARTAN 97-103 MG PO TABS,$20.73 
SALMETEROL XINAFOATE 50 MCG/DOSE IN AEPB,$21.30 
SAQUINAVIR MESYLATE 200 MG PO CAPS,$11.70 
SARGRAMOSTIM 250 MCG IV SOLR,$586.72 
SCOPOLAMINE 1 MG/3DAYS TD PT72,$47.88 
SECRETIN ACETATE (HUMAN) 16 MCG IV SOLR,"$1,409.63 "
SELEGILINE 6 MG/24HR TD PT24,$147.64 
SELEGILINE HCL 1.25 MG (1/4 X 5 MG) PO TABS,$1.59 
SELEGILINE HCL 2.5 MG (1/2 X 5 MG) PO TABS,$3.18 
SELEGILINE HCL 5 MG PO CAPS,$4.50 
SELEGILINE HCL 5 MG PO TABS,$6.36 
SELENIUM 100 MCG (1/2 X 200 MCG) PO TABS,$0.05 
SELENIUM 200 MCG PO CAPS,$0.36 
SELENIUM 200 MCG PO TABS,$0.09 
SELENIUM 50 MCG PO TABS,$0.05 
SELEXIPAG 200 MCG PO TABS,$473.23 
SENNOSIDES 8.6 MG PO TABS,$0.09 
SENNOSIDES-DOCUSATE SODIUM 8.6-50 MG PO TABS,$0.11 
SERTRALINE HCL 100 MG PO TABS,$0.66 
SERTRALINE HCL 12.5 MG (1/2 X 25 MG) PO TABS,$0.41 
SERTRALINE HCL 25 MG PO TABS,$0.55 
SERTRALINE HCL 50 MG PO TABS,$0.64 
SEVELAMER CARBONATE 800 MG PO TABS,$8.46 
SEVELAMER HCL 400 MG PO TABS,$9.47 
SEVELAMER HCL 800 MG PO TABS,$18.95 
SILDENAFIL CITRATE 10 MG ( 1/2 X 20 MG) PO TAB,$31.37 
SILDENAFIL CITRATE 20 MG PO TABS,$128.06 
SILDENAFIL CITRATE 5 MG (1/4 X 20 MG) PO TAB,$27.35 
SILVER NITRATE-POT NITRATE 75-25 % EX MISC,$1.63 
SIMETHICONE 20 MG (1/4 X 80 MG) PO CHEW,$0.03 
SIMETHICONE 40 MG (1/2 X 80 MG) PO CHEW,$0.05 
SIMETHICONE 80 MG PO CHEW,$0.11 
SIMVASTATIN 10 MG PO TABS,$0.45 
SIMVASTATIN 2.5 MG (1/2 X 5 MG) PO TABS,$0.28 
SIMVASTATIN 20 MG PO TABS,$0.64 
SIMVASTATIN 40 MG PO TABS,$0.32 
SIMVASTATIN 5 MG PO TABS,$0.55 
SIMVASTATIN 80 MG PO TABS,$0.36 
SINCALIDE 5 MCG IJ SOLR,$271.64 
SINUS RINSE KIT NA PACK,$1.48 
SIROLIMUS 0.5 MG PO TABS,$18.64 
SIROLIMUS 1 MG PO TABS,$37.27 
SITAGLIPTIN PHOSPHATE 100 MG PO TABS,$38.45 
SITAGLIPTIN PHOSPHATE 25 MG PO TABS,$38.45 
SITAGLIPTIN PHOSPHATE 50 MG PO TABS,$38.45 
SODIUM BICARBONATE 150 MEQ + D5W 1000 ML,$69.01 
SODIUM BICARBONATE 162.5 MG (1/2 X 325 MG) PO TABS,$0.05 
SODIUM BICARBONATE 325 MG PO TABS,$0.11 
SODIUM BICARBONATE 650 MG PO TABS,$0.12 
SODIUM CHLORIDE 1 G PO TABS,$0.11 
SODIUM CHLORIDE 250 MG (1/4 X 1 GM) PO TABS,$0.03 
SODIUM CHLORIDE 500 MG (1/2 X 1 GM) PO TABS,$0.05 
SODIUM ION INJ FOR TPN,$10.00 
SORBSAN WOUND DRESSING EX PADS,$39.88 
SOTALOL HCL 10 MG (1/8 X 80 MG) PO TABS,$2.22 
SOTALOL HCL 160 MG PO TABS,$1.27 
SOTALOL HCL 20 MG (1/4 X 80 MG) PO TABS,$1.39 
SOTALOL HCL 40 MG (1/2 X 80 MG) PO TABS,$5.56 
SOTALOL HCL 80 MG PO TABS,$0.76 
SPIRONOLACTONE 100 MG PO TABS,$2.86 
SPIRONOLACTONE 12.5 MG (1/2 X 25 MG) PO TABS,$0.46 
SPIRONOLACTONE 25 MG PO TABS,$1.17 
SPIRONOLACTONE 50 MG PO TABS,$1.12 
SPIRONOLACTONE 6.25 MG (1/4 X 25 MG) PO TABS,$0.23 
SPIRONOLACTONE-HCTZ 25-25 MG PO TABS,$4.83 
STAVUDINE 20 MG PO CAPS,$19.07 
STAVUDINE 30 MG PO CAPS,$20.25 
STAVUDINE 40 MG PO CAPS,$20.63 
STREPTOMYCIN SULFATE 1 G IM SOLR,$201.38 
STREPTOZOCIN 1 G IV SOLR,"$1,450.58 "
SUB Q BUTTON,$19.28 
SUCCIMER 100 MG PO CAPS,$22.13 
SUCRALFATE 1 G PO TABS,$0.85 
SUCRALFATE 250 MG (1/4 X 1 GM) PO TABS,$0.21 
SUCRALFATE 500 MG (1/2 X 1 GM) PO TABS,$0.43 
SULFADIAZINE 500 MG PO TABS,$10.84 
SULFAMETHOXAZOLE-TRIMETHOPRIM 100-20 MG (1/4 X 400-80 MG) PO TABS,$0.13 
SULFAMETHOXAZOLE-TRIMETHOPRIM 200-40 MG (1/2 X 400-80 MG) PO TABS,$0.26 
SULFAMETHOXAZOLE-TRIMETHOPRIM 400-80 MG PO TABS,$0.50 
SULFAMETHOXAZOLE-TRIMETHOPRIM 800-160 MG PO TABS,$3.22 
SULFASALAZINE 125 MG (1/4 X 500 MG) PO TABS,$0.07 
SULFASALAZINE 250 MG (1/2 X 500 MG) PO TABS,$0.13 
SULFASALAZINE 500 MG PO TABS,$0.50 
SULFASALAZINE 500 MG PO TBEC,$5.29 
SUMATRIPTAN 20 MG/ACT NA SOLN,$212.51 
SUMATRIPTAN 5 MG/ACT NA SOLN,$212.51 
SUMATRIPTAN SUCCINATE 12.5 MG (1/2 X 25 MG) PO TABS,$2.54 
SUMATRIPTAN SUCCINATE 25 MG PO TABS,$5.08 
SUMATRIPTAN SUCCINATE 50 MG PO TABS,$4.73 
SUNITINIB MALATE 12.5 MG PO CAPS,$468.74 
SUNITINIB MALATE 25 MG PO CAPS,$937.48 
SUNITINIB MALATE 50 MG PO CAPS,"$1,632.02 "
SURGICEL 0.5X2 ABSORB HEMOSTAT,$55.47 
SURGICEL 1X2 FIBRILLAR,$191.85 
SURGICEL 2X3 ABSORB HEMOSTAT,$112.80 
SURGICEL 3X4 NU-KNIT,$219.24 
SURGICEL 4X8 ABSORB HEMOSTAT,$205.99 
SURGICEL 6X9 NU-KNIT,$686.54 
T.E.D. KNEE LENGTH 2X-LARGE,$21.76 
T.E.D. KNEE LENGTH 3X-LARGE,$22.57 
T.E.D. KNEE LENGTH/L-LONG MISC,$7.54 
T.E.D. KNEE LENGTH/L-REGULAR MISC,$15.34 
T.E.D. KNEE LENGTH/M-REGULAR MISC,$7.54 
T.E.D. KNEE LENGTH/S-REGULAR MISC,$7.54 
T.E.D. KNEE LENGTH/XL-REGULAR MISC,$7.54 
T.E.D. THIGH BELTED/XL-LONG MISC,$18.76 
T.E.D. THIGH LENGTH/L-REGULAR MISC,$12.68 
T.E.D. THIGH LENGTH/M-REGULAR MISC,$22.08 
T.E.D. THIGH LENGTH/S-REGULAR MISC,$22.08 
TACROLIMUS 0.5 MG PO CAPS,$1.14 
TACROLIMUS 1 MG PO CAPS,$9.76 
TACROLIMUS 5 MG PO CAPS,$48.79 
TALC 2 G PL POWD,$268.50 
TALC 2 G PL POWD,$268.50 
TALC 5 G PL SUSR,$190.18 
TALIGLUCERASE ALFA 200 UNITS IV SOLR,"$2,092.83 "
TAMOXIFEN CITRATE 10 MG PO TABS,$1.29 
TAMOXIFEN CITRATE 2.5 MG (1/4 X 10 MG) PO TABS,$0.32 
TAMOXIFEN CITRATE 5 MG (1/2 X 10 MG) PO TABS,$0.64 
TAMSULOSIN HCL 0.4 MG PO CAPS,$1.19 
TELMISARTAN 20 MG PO TABS,$7.07 
TELMISARTAN 40 MG PO TABS,$7.07 
TELMISARTAN 80 MG PO TABS,$7.07 
TEMAZEPAM 15 MG PO CAPS,$0.24 
TEMAZEPAM 30 MG PO CAPS,$0.44 
TEMAZEPAM 7.5 MG PO CAPS,$18.68 
TEMOZOLOMIDE 20 MG PO CAPS,$156.13 
TEMOZOLOMIDE 5 MG PO CAPS,$25.86 
TENECTEPLASE 50 MG IV KIT,"$15,739.12 "
TENOFOVIR DISOPROXIL FUMARATE 300 MG PO TABS,$102.05 
TERAZOSIN HCL 1 MG PO CAPS,$0.48 
TERAZOSIN HCL 5 MG PO CAPS,$0.78 
TERBINAFINE HCL 250 MG PO TABS,$1.15 
TERBUTALINE SULFATE 2.5 MG PO TABS,$11.69 
TERBUTALINE SULFATE 5 MG PO TABS,$14.28 
TESTOSTERONE 2 MG/24HR TD PT24,$25.17 
TESTOSTERONE 4 MG/24HR TD PT24,$50.34 
TETANUS IMMUNE GLOBULIN 250 UNIT/ML IM INJ,"$1,337.21 "
TETRACYCLINE HCL 250 MG PO CAPS,$16.92 
TETRACYCLINE HCL 500 MG PO CAPS,$33.83 
THEOPHYLLINE 200 MG (1/2 X 400 MG) PO TB24,$1.52 
THEOPHYLLINE ER 100 MG PO CP24,$4.04 
THEOPHYLLINE ER 150 MG (1/2 X 300 MG) PO TAB TB12,$0.74 
THEOPHYLLINE ER 200 MG PO CP24,$6.00 
THEOPHYLLINE ER 225 MG (1/2 X 450 MG) PO TAB TB12,$1.02 
THEOPHYLLINE ER 300 MG PO TB12,$9.23 
THEOPHYLLINE ER 400 MG PO TB24,$3.28 
THEOPHYLLINE ER 450 MG PO TB12,$12.98 
THERAPEUTIC-M PO TABS,$0.12 
THIAMINE HCL 100 MG PO TABS,$0.10 
THIOGUANINE 20 MG (1/2 X 40 MG) PO TABS,$16.86 
THIOGUANINE 40 MG PO TABS,$67.87 
THIORIDAZINE HCL 25 MG PO TABS,$1.80 
THIORIDAZINE HCL 50 MG PO TABS,$1.78 
THIOTEPA 15 MG IJ SOLR,"$2,464.38 "
THIOTHIXENE 1 MG PO CAPS,$2.55 
THIOTHIXENE 10 MG PO CAPS,$11.43 
THIOTHIXENE 5 MG PO CAPS,$5.12 
THROMBIN (RECOMBINANT) 5000 UNITS EX SOLR,$230.91 
THROMBIN 5000 UNITS EX SOLR,$192.71 
THYROID 15 MG PO TABS,$1.58 
THYROID 30 MG PO TABS,$1.85 
THYROID 60 MG PO TABS,$2.05 
THYROTROPIN ALFA 1.1 MG IM SOLR,"$3,992.45 "
TIAGABINE HCL 12 MG PO TABS,$21.37 
TIAGABINE HCL 2 MG (1/2 X 4 MG) PO TABS,$7.19 
TIAGABINE HCL 4 MG PO TABS,$14.38 
TICAGRELOR 60 MG PO TABS,$15.79 
TICAGRELOR 90 MG PO TABS,$15.79 
TIGECYCLINE 50 MG IV SOLR,$420.21 
TIOTROPIUM BROMIDE MONOHYDRATE 18 MCG IN CAPS,$35.59 
TIOTROPIUM BROMIDE MONOHYDRATE 18 MCG IN CAPS,$42.29 
TISSEEL DUPLOCATH DRIP APPLICATOR 921020,$199.91 
TISSEEL DUPLOSPRAY APPLICATOR 40CM KIT 0601130MR,"$3,387.68 "
TISSEEL TIP SPRAY DUPL 40CM 0601130,$338.77 
TISSEEL TIP SPRAY KIT 0600065PR,"$1,885.37 "
TISSEEL TIP SPRAY SET 0600065,$188.54 
TIZANIDINE HCL 1 MG (1/4 X 4 MG) PO TABS,$0.50 
TIZANIDINE HCL 2 MG (1/2 X 4 MG) PO TABS,$1.00 
TIZANIDINE HCL 4 MG PO TABS,$0.54 
TO GO ACETAZOLAMIDE ER 500 MG #2 CAPSULE,$59.24 
TO GO ALBUTEROL HFA INHALER,$45.67 
TO GO AMOXICILLIN 250 MG/5ML 150ML,$12.49 
TO GO AUGMENTIN 875MG #1 TAB,$4.53 
TO GO BELLADONNA-OPIUM 16.2-60 MG SUPP,$119.76 
TO GO CEPHALEXIN #8 250MG CAPS,$2.84 
TO GO CIPROFLOXACIN 250 MG #2 TABS,$0.78 
TO GO LEVOFLOXACIN 750 MG #1 TAB,$1.45 
TO GO ONDANSETRON ODT 4MG #2,$2.86 
TO GO ONDANSETRON ODT 8MG #2,$9.85 
TO GO OXYCODONE 5 MG IMMED RELEASE TAB/CAP,$1.23 
TO GO OXYCODONE-ACETAMINOPHEN #6 5-325 MG TAB,$6.23 
TO GO POLYTRIM OPHTHALMIC SOLUTION,$28.87 
TO GO SULFAMETHOX/TMP #4 800-160 TABS,$3.22 
TO GO TRAMADOL 50 MG #3 TABS,$1.14 
TOBRAMYCIN BEADS 6.4 MM STRING,$447.50 
TOBRAMYCIN SULFATE 1.2 G IJ SOLR,$469.88 
TOLMETIN SODIUM 200 MG PO TABS,$1.61 
TOLTERODINE TARTRATE 1 MG PO TABS,$7.18 
TOLTERODINE TARTRATE 2 MG PO TABS,$19.73 
TOLTERODINE TARTRATE ER 2 MG PO CP24,$27.15 
TOLTERODINE TARTRATE ER 4 MG PO CP24,$27.15 
TOLVAPTAN 15 MG PO TABS,"$1,152.75 "
TOLVAPTAN 30 MG PO TABS,"$1,195.85 "
TOPIRAMATE 100 MG PO TABS,$1.12 
TOPIRAMATE 12.5 MG (1/2 X 25 MG) PO TABS,$0.09 
TOPIRAMATE 15 MG PO CPSP,$2.91 
TOPIRAMATE 200 MG PO TABS,$0.72 
TOPIRAMATE 25 MG PO CPSP,$17.47 
TOPIRAMATE 25 MG PO TABS,$0.43 
TOPIRAMATE 25 MG TAB FOR QSYMIA DISCONTINUATION,$0.43 
TOPOTECAN HCL 4 MG IV SOLR,$505.00 
TOPOTECAN HCL 4 MG IV SOLR,$979.38 
TORSEMIDE 10 MG PO TABS,$1.41 
TORSEMIDE 100 MG PO TABS,$1.21 
TORSEMIDE 20 MG PO TABS,$1.65 
TORSEMIDE 5 MG PO TABS,$1.27 
TRAMADOL HCL 50 MG PO TABS,$0.19 
TRAMADOL HCL ER 100 MG PO TB24,$7.24 
TRAMADOL HCL ER 200 MG PO TB24,$11.97 
TRANYLCYPROMINE SULFATE 10 MG PO TABS,$15.06 
TRASTUZUMAB 150 MG IV SOLR,"$4,184.36 "
TRASTUZUMAB 440 MG IV SOLR,"$11,232.48 "
TRAZODONE HCL 100 MG PO TABS,$0.48 
TRAZODONE HCL 12.5 MG (1/4 X 50 MG) PO TABS,$0.04 
TRAZODONE HCL 25 MG (1/2 X 50 MG) PO TABS,$0.08 
TRAZODONE HCL 50 MG PO TABS,$0.33 
TRETINOIN 10 MG PO CAPS,$72.21 
TRIAMTERENE-HCTZ 18.75-12.5 MG (1/4 X 75-50 MG) PO TABS,$0.07 
TRIAMTERENE-HCTZ 37.5-25 MG PO TABS,$0.74 
TRIAMTERENE-HCTZ 75-50 MG PO TABS,$1.91 
TRIAMTERENE-HCTZ 75-50 MG PO TABS,$1.92 
TRIFLUOPERAZINE HCL 1 MG PO TABS,$1.64 
TRIFLUOPERAZINE HCL 10 MG PO TABS,$3.06 
TRIFLUOPERAZINE HCL 2 MG PO TABS,$2.42 
TRIFLUOPERAZINE HCL 5 MG PO TABS,$3.05 
TRIHEXYPHENIDYL HCL .5 MG (1/4 X 2 MG) PO TABS,$0.10 
TRIHEXYPHENIDYL HCL 1 MG (1/2 X 2 MG) PO TABS,$0.21 
TRIHEXYPHENIDYL HCL 2 MG PO TABS,$0.21 
TRIHEXYPHENIDYL HCL 2.5 MG (1/2 X 5 MG) PO TABS,$0.41 
TRIHEXYPHENIDYL HCL 5 MG PO TABS,$0.46 
TRIMETHOBENZAMIDE HCL 300 MG PO CAPS,$12.19 
TRIMETHOPRIM 100 MG PO TABS,$0.83 
TRIPTORELIN PAMOATE 11.25 MG IM SUSR,"$6,550.65 "
TRIPTORELIN PAMOATE 3.75 MG IM SUSR,"$2,183.55 "
TUCKS 50 % EX PADS,$0.21 
ULIPRISTAL ACETATE 30 MG PO TABS,$95.99 
UMECLIDINIUM BROMIDE 62.5 MCG/INH IN AEPB,$26.35 
UMECLIDINIUM-VILANTEROL 62.5-25 MCG/INH IN AEPB,$18.33 
UNASYN 1.5 GM PIGGYBACK IN ACUDOSE,$20.40 
UNASYN 3 GM PIGGYBACK IN ACUDOSE,$20.70 
UREA 15 G PO PACK,$9.40 
URSODIOL 300 MG PO CAPS,$13.71 
VALACYCLOVIR HCL 1 G PO TABS,$3.48 
VALACYCLOVIR HCL 250 MG (1/2 X 500 MG) PO TABS,$3.89 
VALACYCLOVIR HCL 500 MG PO TABS,$1.54 
VALACYCLOVIR HCL 500 MG PO TABS,$7.77 
VALGANCICLOVIR HCL 450 MG PO TABS,$62.90 
VALPROIC ACID 250 MG PO CAPS,$0.94 
VALSARTAN 10 MG (1/4 X 40 MG) PO TABS,$2.42 
VALSARTAN 160 MG PO TABS,$21.39 
VALSARTAN 20 MG (1/2 X 40 MG) PO TABS,$4.84 
VALSARTAN 40 MG PO TABS,$16.64 
VALSARTAN 80 MG PO TABS,$0.90 
VALSARTAN-HYDROCHLOROTHIAZIDE 160-12.5 MG PO TABS,$0.40 
VALSARTAN-HYDROCHLOROTHIAZIDE 80-12.5 MG PO TABS,$0.34 
VANCOMYCIN 1 GM PIGGYBACK IN ACUDOSE,$61.76 
VANCOMYCIN HCL 1 G IV SOLR,$47.69 
VANCOMYCIN HCL 10 G IV SOLR,$570.56 
VANCOMYCIN HCL 125 MG PO CAPS,$70.05 
VANCOMYCIN HCL 250 MG PO CAPS,$129.14 
VANCOMYCIN HCL 500 MG IV SOLR,$21.59 
VARICELLA VIRUS VACCINE LIVE 1350 PFU/0.5ML SUBQ INJ,$327.63 
VARICELLA-ZOSTER IMMUNE GLOB 125 UNITS IM SOLR,"$1,832.51 "
VASOPRESSIN 40 UNIT/ 100 ML KIT,$898.15 
VECURONIUM BROMIDE 10 MG IV SOLR,$13.43 
VECURONIUM BROMIDE 20 MG IV SOLR,$26.85 
VEDOLIZUMAB 300 MG IV SOLR,"$16,371.98 "
VENLAFAXINE HCL 12.5 MG (1/2 X 25 MG) PO TABS,$0.42 
VENLAFAXINE HCL 18.75 MG (1/4 X 75 MG) PO TABS,$0.41 
VENLAFAXINE HCL 25 MG PO TABS,$0.86 
VENLAFAXINE HCL 37.5 MG PO TABS,$0.86 
VENLAFAXINE HCL 50 MG PO TABS,$0.89 
VENLAFAXINE HCL 75 MG PO TABS,$1.50 
VENLAFAXINE HCL ER 150 MG PO CP24,$1.57 
VENLAFAXINE HCL ER 37.5 MG PO CP24,$0.62 
VENLAFAXINE HCL ER 75 MG PO CP24,$1.47 
VERAPAMIL HCL 10 MG (1/4 X 40 MG) PO TABS,$0.10 
VERAPAMIL HCL 120 MG PO TABS,$0.26 
VERAPAMIL HCL 20 MG (1/2 X 40 MG) PO TABS,$0.21 
VERAPAMIL HCL 40 MG PO TABS,$0.42 
VERAPAMIL HCL 60 MG (1/2 X 120 MG) PO TABS,$0.13 
VERAPAMIL HCL 80 MG PO TABS,$0.21 
VERAPAMIL HCL CR 60 MG (1/2 X 120 MG) PO TBCR,$0.94 
VERAPAMIL HCL CR 90 MG (1/2 X 180 MG) PO TBCR,$1.61 
VERAPAMIL HCL ER 120 MG PO TBCR,$5.18 
VERAPAMIL HCL ER 180 MG PO TBCR,$1.00 
VERAPAMIL HCL ER 240 MG PO TBCR,$5.67 
VERTEPORFIN 15 MG IV SOLR,"$4,442.36 "
V-GO 20 KIT,$32.02 
VIGABATRIN 500 MG PO PACK,$356.98 
VIGABATRIN 500 MG PO TABS,$356.98 
VINCRISTINE SULFATE LIPOSOME 5 MG/31ML IV SUSP,"$56,760.35 "
VITAMIN A 10000 UNITS PO CAPS,$0.05 
VITAMIN B-1 25 MG (1/2 X 50 MG) PO TABS,$0.02 
VITAMIN B-1 50 MG PO TABS,$0.04 
VITAMIN B-12 100 MCG PO TABS,$0.04 
VITAMIN B-12 25 MCG (1/4 X 100 MCG) PO TAB,$0.01 
VITAMIN B-12 250 (1/2 X 500 MCG) PO TABS,$0.03 
VITAMIN B-12 50 MCG (1/2 X 100MCG) PO TABS,$0.02 
VITAMIN B-12 500 MCG PO TABS,$0.06 
VITAMIN B-2 100 MG PO TABS,$0.14 
VITAMIN B-2 100 MG PO TABS,$0.20 
VITAMIN B-2 25 MG (1/4 X 100 MG) PO TABS,$0.05 
VITAMIN B-2 50 MG (1/2 X 100 MG) PO TABS,$0.10 
VITAMIN B-6 100 MG PO TABS,$0.06 
VITAMIN C 125 MG (1/2 X 250 MG) PO TABS,$0.02 
VITAMIN C 250 MG PO TABS,$0.04 
VITAMIN C 500 MG PO TABS,$0.06 
VITAMIN D2 (ERGOCALCIFEROL)50000 UNIT PO CAPS,$0.98 
VITAMIN D3 1000 UNITS PO TABS,$0.04 
VITAMIN D3 1000 UNITS PO TABS,$0.10 
VITAMIN E 100 UNITS PO CAPS,$0.11 
VITAMIN E 400 UNITS PO CAPS,$0.25 
VIVONEX PEDIATRIC PO PACK,$13.45 
VIVONEX PLUS PO PACK,$21.00 
VORICONAZOLE 200 MG IV SOLR,$400.58 
VORICONAZOLE 200 MG PO TABS,$55.24 
VORICONAZOLE 50 MG PO TABS,$15.34 
VORICONAZOLE 50 MG PO TABS,$21.74 
WARFARIN SODIUM 0.5 MG (1/2 X 1MG) PO TABS,$0.22 
WARFARIN SODIUM 1 MG PO TABS,$0.84 
WARFARIN SODIUM 1.25 MG (1/2 X 2.5 MG) PO TABS,$0.24 
WARFARIN SODIUM 1.5 MG (1/2 X 3 MG) PO TABS,$0.57 
WARFARIN SODIUM 10 MG PO TABS,$1.40 
WARFARIN SODIUM 2 MG PO TABS,$0.87 
WARFARIN SODIUM 2.5 MG PO TABS,$0.90 
WARFARIN SODIUM 3 MG PO TABS,$0.91 
WARFARIN SODIUM 3.75 MG (1/2 X 7.5 MG) PO TABS,$0.35 
WARFARIN SODIUM 4 MG PO TABS,$0.91 
WARFARIN SODIUM 5 MG PO TABS,$0.91 
WARFARIN SODIUM 6 MG PO TABS,$8.00 
WARFARIN SODIUM 7.5 MG PO TABS,$1.34 
WARFARIN SODIUM 7.5 MG PO TABS,$1.55 
XEROFORM PETROLATUM DRESSING EX PADS 1X8,$1.60 
XEROFORM PETROLATUM DRESSING EX PADS 1X8,$5.18 
XEROFORM PETROLATUM DRESSING EX PADS 5X9,$2.35 
YELLOW FEVER VACCINE SUBQ INJ,$377.67 
ZAFIRLUKAST 10 MG (1/2 X 20 MG) PO TABS,$2.42 
ZAFIRLUKAST 20 MG PO TABS,$6.48 
ZANAMIVIR 5 MG/BLISTER IN AEPB,$7.92 
ZILEUTON ER 600 MG PO TB12,$84.11 
ZINC 50 MG PO TABS,$0.08 
ZINC GLUCONATE 12.5 MG (1/4 X 50 MG) PO TABS,$0.02 
ZINC GLUCONATE 25 MG (1/2 X 50 MG) PO TABS,$0.04 
ZINC SULFATE 220 (50 ZN) MG PO CAPS,$0.26 
ZIPRASIDONE HCL 20 MG PO CAPS,$7.44 
ZIPRASIDONE HCL 40 MG PO CAPS,$7.44 
ZIPRASIDONE HCL 60 MG PO CAPS,$7.44 
ZIPRASIDONE HCL 80 MG PO CAPS,$7.44 
ZIPRASIDONE MESYLATE 20 MG IM SOLR,$133.39 
ZOLPIDEM TARTRATE 1.25 MG (1/4 X 5 MG) PO TABS,$0.03 
ZOLPIDEM TARTRATE 2.5 MG (1/2 X 5 MG) PO TABS,$0.06 
ZOLPIDEM TARTRATE 5 MG PO TABS,$0.30 
ZONISAMIDE 100 MG PO CAPS,$2.19 
ZONISAMIDE 25 MG PO CAPS,$29.52 
ZOSTER VACCINE LIVE 19400 UNT/0.65ML SUBQ SUSR,$571.01 
ZOSYN 4.5 GM PIGGYBACK IN ACUDOSE (GLH),$49.94 
