Geisinger Wyoming Valley Hospital: MEDICATIONS,
"Published: January 1, 2019",
,
Medication,Charge
GLUCARPIDASE 1000 UNITS IV SOLR,"$344,084.30 "
PORFIMER SODIUM 75 MG IV SOLR,"$233,125.42 "
GEMTUZUMAB OZOGAMICIN 4.5 MG IV SOLR,"$121,942.15 "
BRENTUXIMAB VEDOTIN 50 MG IV SOLR,"$109,676.05 "
ALTEPLASE 100 MG IV SOLR,"$100,442.19 "
ALTEPLASE FOR PE WITHOUT CARDIAC ARREST,"$100,442.19 "
ALTEPLASE INJ BOLUS FOR ISCHEMIC STROKE,"$100,442.19 "
ALTEPLASE IV SOLN FOR ISCHEMIC STROKE,"$100,442.19 "
LEUPROLIDE ACETATE (6 MONTH) 45 MG IM KIT,"$99,923.42 "
LEUPROLIDE ACETATE (3 MONTH) 11.25 MG (PED) IM KIT,"$91,568.60 "
HEMIN 350 MG IV SOLR,"$85,014.78 "
ADO-TRASTUZUMAB EMTANSINE 160 MG IV SOLR,"$71,103.38 "
VEDOLIZUMAB 300 MG IV SOLR,"$69,597.93 "
TENECTEPLASE 50 MG IV KIT,"$66,908.12 "
LEUPROLIDE ACETATE (4 MONTH) 30 MG IM KIT,"$66,618.83 "
INTERFERON BETA-1A 30 MCG/0.5ML IM PSKT,"$66,441.75 "
OCTREOTIDE ACETATE 30 MG IM KIT,"$60,429.34 "
ASPARAGINASE ERWINIA CHRYSANTH 10000 UNITS IJ SOLR,"$58,209.58 "
ALDESLEUKIN 22000000 UNITS IV SOLR,"$58,067.98 "
CARMUSTINE 100 MG IV SOLR,"$57,321.36 "
OCTREOTIDE ACETATE 30 MG IM KIT,"$53,302.07 "
IXABEPILONE 45 MG IV SOLR,"$51,154.86 "
PEMETREXED DISODIUM 500 MG IV SOLR,"$50,317.05 "
ALTEPLASE 50 MG IV SOLR,"$50,227.39 "
ALTEPLASE INJ BOLUS FOR CARDIAC ARREST WITH PE,"$50,227.39 "
LEUPROLIDE ACETATE (3 MONTH) 22.5 MG IM KIT,"$49,967.20 "
PEGINTERFERON ALFA-2B 600 MCG SUBQ KIT,"$49,944.66 "
TRASTUZUMAB 440 MG IV SOLR,"$47,753.65 "
RASBURICASE 7.5 MG IV SOLR,"$47,248.01 "
COLLAGENASE CLOSTRID HISTOLYT 0.9 MG IJ SOLR,"$47,060.28 "
CERTOLIZUMAB PEGOL 2 X 200 MG SUBQ KIT,"$46,166.24 "
CERTOLIZUMAB PEGOL 2 X 200 MG/ML SUBQ KIT,"$46,166.24 "
ALLOPURINOL SODIUM 500 MG IV SOLR,"$45,512.81 "
ADO-TRASTUZUMAB EMTANSINE 100 MG IV SOLR,"$44,448.77 "
BENDAMUSTINE HCL 100 MG IV SOLR,"$44,209.27 "
ROMIDEPSIN 10 MG IV SOLR,"$43,546.28 "
CARMUSTINE IN POLIFEPROSAN 7.7 MG IL WAFR,"$43,490.56 "
ETHACRYNATE SODIUM 50 MG IV SOLR,"$43,378.10 "
TRABECTEDIN 1 MG IV SOLR,"$42,625.21 "
LEUPROLIDE ACETATE (3 MONTH) 11.25 MG IM KIT,"$41,933.34 "
BASILIXIMAB 20 MG IV SOLR,"$40,917.10 "
DIGOXIN IMMUNE FAB 40 MG IV SOLR,"$40,525.10 "
ELOTUZUMAB 400 MG IV SOLR,"$36,840.07 "
CROTALIDAE POLYVAL IMMUNE FAB IV SOLR,"$36,508.08 "
OCTREOTIDE ACETATE 20 MG IM KIT,"$35,600.06 "
CARFILZOMIB (KYPROLIS) 2MG/ML INJ VIAL,"$33,537.64 "
CARFILZOMIB (KYPROLIS) 2MG/ML INJ VIAL,"$33,537.64 "
CARFILZOMIB 60 MG IV SOLR,"$33,537.64 "
MEPOLIZUMAB 100 MG SUBQ SOLR,"$32,749.72 "
PEMBROLIZUMAB 50 MG IV SOLR,"$32,590.92 "
C1 ESTERASE INHIBITOR (HUMAN) 500 UNITS IV SOLR,"$31,495.83 "
MELPHALAN HCL (PG FREE) 50 MG IV SOLR,"$29,760.55 "
PENTOSTATIN 10 MG IV SOLR,"$28,273.75 "
LEUPROLIDE ACETATE (6 MONTH) 45 MG SUBQ KIT,"$28,154.49 "
ADALIMUMAB 40 MG/0.8ML SUBQ PSKT,"$27,812.32 "
PALIFERMIN (KEPIVANCE) 5MG/ML DILUTION,"$27,779.40 "
PALIFERMIN 6.25 MG IV SOLR,"$27,779.40 "
ELOTUZUMAB 300 MG IV SOLR,"$27,636.41 "
DANTROLENE SODIUM 250 MG IV SUSR,"$27,306.20 "
DINOPROSTONE 20 MG VA SUPP,"$25,201.59 "
DACTINOMYCIN 0.5 MG IV SOLR,"$25,143.42 "
PEGINTERFERON ALFA-2B 300 MCG SUBQ KIT,"$24,978.53 "
ARIPIPRAZOLE ER 400 MG IM SRER,"$24,735.55 "
BORTEZOMIB 3.5 MG IJ SOLR,"$23,857.95 "
BORTEZOMIB SUBCUTANEOUS 2.5 MG/ML INJ,"$23,857.95 "
GOSERELIN ACETATE 10.8 MG SUBQ IMPL,"$20,725.28 "
ROMIPLOSTIM 250 MCG SUBQ SOLR,"$20,604.88 "
CYCLOPHOSPHAMIDE 2 G IJ SOLR,"$20,444.88 "
IMMUNE GLOBULIN (HUMAN) 10 G IV SOLR,"$20,419.44 "
PACLITAXEL PROTEIN-BOUND PART 100 MG IV SUSR,"$19,819.93 "
BELIMUMAB 400 MG IV SOLR,"$19,433.25 "
CAPSAICIN-CLEANSING GEL 8 % EX KIT,"$19,117.24 "
VERTEPORFIN 15 MG IV SOLR,"$18,893.75 "
LEUPROLIDE ACETATE (4 MONTH) 30 MG SUBQ KIT,"$18,773.83 "
ARIPIPRAZOLE ER 300 MG IM SRER,"$18,554.81 "
IMIGLUCERASE 400 UNITS IV SOLR,"$18,111.93 "
TRASTUZUMAB 150 MG IV SOLR,"$17,797.15 "
IXABEPILONE 15 MG IV SOLR,"$17,067.99 "
THYROTROPIN ALFA 1.1 MG IM SOLR,"$16,981.53 "
LEUPROLIDE ACETATE 7.5 MG IM KIT,"$16,664.13 "
PEGINTERFERON ALFA-2B 200 MCG SUBQ KIT,"$16,656.71 "
LEUPROLIDE ACETATE (3 MONTH) 22.5 MG SUBQ KIT,"$15,476.52 "
DECITABINE 50 MG IV SOLR,"$14,149.15 "
LEUPROLIDE ACETATE 3.75 MG IM KIT,"$13,985.92 "
"EPOETIN ALFA 60,000 SUBCUTANEOUS INJ","$13,888.07 "
ONABOTULINUMTOXINA 200 UNITS IJ SOLR,"$13,729.72 "
INTERFERON ALFA-2B 50000000 UNITS IJ SOLR,"$13,708.14 "
INFLIXIMAB 100 MG IV SOLR,"$13,339.62 "
OMALIZUMAB 150 MG SUBQ SOLR,"$12,390.62 "
AMIFOSTINE 500 MG IV SOLR,"$12,142.34 "
ABATACEPT 250 MG IV SOLR,"$11,952.31 "
HEXAMINOLEVULINATE HCL 100 MG IS SOLR,"$11,699.25 "
"EPOETIN ALFA 50,000 SUBCUTANEOUS INJ","$11,573.72 "
FIBRIN SEALANT PATCH 2X4 (EVARREST),"$11,413.95 "
BENDAMUSTINE HCL 25 MG IV SOLR,"$11,070.73 "
INFLIXIMAB-DYYB 100 MG IV SOLR,"$10,811.49 "
BELATACEPT 250 MG IV SOLR,"$10,810.73 "
RISPERIDONE MICROSPHERES 50 MG IM SUSR,"$10,362.99 "
CORTICORELIN OVINE TRIFLUTATE 100 MCG IV SOLR,"$10,109.65 "
PEMETREXED DISODIUM 100 MG IV SOLR,"$10,083.00 "
PEGINTERFERON ALFA-2B 150 MCG/0.5ML SUBQ KIT,"$9,948.93 "
CAPSAICIN-CLEANSING GEL 8 % EX KIT,"$9,559.60 "
PEGINTERFERON ALFA-2B 120 MCG/0.5ML SUBQ KIT,"$9,475.52 "
RASBURICASE 1.5 MG IV SOLR,"$9,459.38 "
HYDROXOCOBALAMIN 5 G IV SOLR,"$9,374.82 "
PARAGARD INTRAUTERINE COPPER IU IUD,"$9,228.55 "
ANTI-THYMOCYTE GLOB (RABBIT) 25 MG IV SOLR,"$9,122.70 "
PEGINTERFERON ALFA-2B 80 MCG/0.5ML SUBQ KIT,"$9,024.46 "
ALGLUCOSIDASE ALFA 50 MG IV SOLR,"$8,960.37 "
IMMUNE GLOBULIN (HUMAN) 5 G IV SOLR,"$8,944.10 "
THIOTEPA 15 MG IJ SOLR,"$8,871.01 "
MITOMYCIN 20 MG IV SOLR,"$8,794.44 "
DEGARELIX ACETATE 120 MG SUBQ SOLR,"$8,709.49 "
PEGINTERFERON ALFA-2B 50 MCG/0.5ML SUBQ KIT,"$8,596.23 "
LEUPROLIDE ACETATE 1 MG/0.2ML IJ KIT,"$8,485.91 "
AMOBARBITAL SODIUM 500 MG IJ SOLR,"$8,367.52 "
LENALIDOMIDE 10 MG PO CAPS,"$7,938.75 "
LENALIDOMIDE 5 MG PO CAPS,"$7,938.75 "
VARICELLA-ZOSTER IMMUNE GLOB 125 UNITS IM SOLR,"$7,801.19 "
RISPERIDONE MICROSPHERES 37.5 MG IM SUSR,"$7,775.13 "
SPY-ELITE KIT 1 EACH,"$7,562.40 "
SUNITINIB MALATE 50 MG PO CAPS,"$6,938.49 "
GOSERELIN ACETATE 3.6 MG SUBQ IMPL,"$6,916.76 "
ONABOTULINUMTOXINA 100 UNITS IJ SOLR,"$6,871.11 "
DEXRAZOXANE 500 MG IV SOLR,"$6,272.08 "
INDOMETHACIN SODIUM 1 MG IV SOLR,"$6,123.63 "
SECRETIN ACETATE (HUMAN) 16 MCG IV SOLR,"$6,003.80 "
AZACITIDINE 10 MG/ML INJ,"$5,971.75 "
AZACITIDINE 100 MG IJ SUSR,"$5,971.75 "
DAPTOMYCIN 500 MG IV SOLR,"$5,871.61 "
BELIMUMAB 120 MG IV SOLR,"$5,838.90 "
BIVALIRUDIN TRIFLUOROACETATE 250 MG IV SOLR,"$5,809.80 "
TETANUS IMMUNE GLOBULIN 250 UNIT/ML IM INJ,"$5,696.06 "
NITRIC OXIDE FOR INHALATION GAS,"$5,669.91 "
DEGARELIX ACETATE 80 MG SUBQ SOLR,"$5,586.69 "
CYCLOPHOSPHAMIDE 500 MG IJ SOLR,"$5,469.96 "
RISPERIDONE MICROSPHERES 25 MG IM SUSR,"$5,187.37 "
DAPTOMYCIN 500 MG IV SOLR (PIGGYBACK COMPONENT),"$5,085.90 "
TOLVAPTAN 30 MG PO TABS,"$5,084.63 "
INTERFERON ALFA-2B 18000000 UNITS IJ SOLR,"$4,942.39 "
TOLVAPTAN 15 MG PO TABS,"$4,901.46 "
IVACAFTOR 150 MG PO TABS,"$4,871.64 "
PHENTOLAMINE MESYLATE 5 MG IJ SOLR,"$4,862.60 "
CASPOFUNGIN ACETATE 70 MG IV SOLR,"$4,615.70 "
TOPOTECAN HCL 4 MG IV SOLR,"$4,484.95 "
CASPOFUNGIN ACETATE 50 MG IV SOLR,"$4,444.72 "
ROWASA 4 G PR KIT,"$4,339.75 "
CEFTAZIDIME-AVIBACTAM 2.5 (2-0.5) G IV SOLR,"$4,322.19 "
DINOPROSTONE 10 MG VA INST,"$4,281.07 "
SUNITINIB MALATE 25 MG PO CAPS,"$3,986.50 "
APREPITANT 125 MG PO CAPS,"$3,902.92 "
"RABIES VIRUS VACCINE, HDC IM INJ","$3,885.54 "
IMATINIB MESYLATE 400 MG PO TABS,"$3,852.52 "
"RABIES VACCINE, PCEC IM SUSR","$3,847.79 "
FOSAPREPITANT DIMEGLUMINE 150 MG IV SOLR,"$3,831.34 "
DOXORUBICIN HCL 50 MG IV SOLR,"$3,649.62 "
TOPOTECAN HCL 4 MG IV SOLR,"$3,518.53 "
EPIPEN 2-PAK 0.3 MG/0.3ML IJ SOAJ,"$3,485.22 "
EPIPEN JR 2-PAK 0.15 MG/0.3ML IJ SOAJ,"$3,474.67 "
NITROPRUSSIDE DRIP KIT,"$3,425.55 "
ISAVUCONAZONIUM SULFATE 372 MG IV SOLR,"$3,408.05 "
MITOMYCIN 5 MG IV SOLR,"$3,400.33 "
ROLAPITANT HCL 90 MG PO TABS,"$3,399.87 "
ESTROGENS CONJUGATED 25 MG IJ SOLR,"$3,399.58 "
AMPHOTERICIN B LIPOSOME 50 MG IV SUSR,"$3,262.91 "
DEXRAZOXANE 250 MG IV SOLR,"$3,142.34 "
TISSEEL VH 4 ML EX KIT,"$2,924.94 "
REMIFENTANIL HCL 5 MG IV SOLR,"$2,876.91 "
QUIKCLOT CONTROL 12IN X 12IN HEMOSTAT DRESSING,"$2,728.09 "
BUDESONIDE 180 MCG/ACT IN AEPB,"$2,621.00 "
BCG LIVE 81 MG/VIAL IS SUSR,"$2,561.90 "
GELATIN ADSORBABLE OP FILM,"$2,555.74 "
ALBENDAZOLE 200 MG PO TABS,"$2,521.82 "
SARGRAMOSTIM 250 MCG IV SOLR,"$2,506.21 "
MICAFUNGIN SODIUM 100 MG IV SOLR,"$2,471.92 "
ZOSTER VACCINE LIVE 19400 UNT/0.65ML SUBQ SUSR,"$2,439.44 "
VANCOMYCIN HCL 10 G IV SOLR,"$2,437.55 "
TELAVANCIN HCL 250 MG IV SOLR,"$2,396.37 "
RIFAMPIN 600 MG IV SOLR,"$2,360.90 "
BCG VACCINE IJ INJ,"$2,359.82 "
CEFTAROLINE FOSAMIL 400 MG IV SOLR,"$2,320.06 "
CEFTAROLINE FOSAMIL 600 MG IV SOLR,"$2,320.06 "
MEASLES-MUMPS-RUBELLA-VARICELL SUBQ SUSR,"$2,317.59 "
CHLOROTHIAZIDE SODIUM 500 MG IV SOLR,"$2,283.49 "
MECHLORETHAMINE HCL 10 MG IJ SOLR,"$2,238.71 "
LETERMOVIR 240 MG PO TABS,"$2,227.29 "
LETERMOVIR 480 MG PO TABS,"$2,227.29 "
FINGOLIMOD HCL 0.5 MG PO CAPS,"$2,220.15 "
PENTAMIDINE ISETHIONATE 300 MG IJ SOLR,"$2,207.44 "
MEROPENEM-VABORBACTAM 2 (1-1) G IV SOLR,"$2,182.58 "
ETOPOSIDE PHOSPHATE 100 MG IV SOLR,"$2,120.07 "
FIDAXOMICIN 200 MG PO TABS,"$2,102.67 "
BOSENTAN 125 MG PO TABS,"$2,071.52 "
TIGECYCLINE 50 MG IV SOLR,"$2,070.81 "
SELEXIPAG 200 MCG PO TABS,"$2,013.32 "
TOBRAMYCIN SULFATE 1.2 G IJ SOLR,"$2,009.60 "
SUNITINIB MALATE 12.5 MG PO CAPS,"$1,994.22 "
VORICONAZOLE 200 MG IV SOLR,"$1,974.67 "
VORICONAZOLE 200 MG IV SOLR,"$1,974.67 "
GLUCAGON HCL RDNA (DIAGNOSTIC) 1 MG IJ SOLR,"$1,970.80 "
APREPITANT 80 MG PO CAPS,"$1,939.71 "
PENTAMIDINE ISETHIONATE 300 MG IN SOLR,"$1,917.07 "
OXIDIZED CELLULOSE EX PADS,"$1,878.60 "
NAFCILLIN SODIUM 10 G IV SOLR,"$1,874.17 "
SURGICEL 6X9 NU-KNIT,"$1,825.68 "
TOPOTECAN HCL 4 MG IV SOLR,"$1,808.71 "
BCG LIVE 50 MG IS SUSR,"$1,804.95 "
ALVIMOPAN 12 MG PO CAPS,"$1,797.86 "
FLOXURIDINE 0.5 G IJ SOLR,"$1,793.84 "
ERTAPENEM SODIUM 1 G IV SOLR,"$1,789.07 "
ALTEPLASE 2 MG IJ SOLR,"$1,759.20 "
ALTEPLASE 2 MG INJ SOLUTION,"$1,759.20 "
LINEZOLID 600 MG PO TABS,"$1,748.67 "
NINTEDANIB ESYLATE 150 MG PO CAPS,"$1,743.88 "
ERTAPENEM SODIUM 1 G IJ SOLR,"$1,704.64 "
HEMOSTAT MICROFIBRILLAR COLLAGEN 1 G/UNIT,"$1,700.82 "
FLUCYTOSINE 500 MG PO CAPS,"$1,698.85 "
QUIKCLOT CONTROL 8INX8IN HEMOSTAT DRESSING,"$1,679.13 "
MIDOSTAURIN 25 MG PO CAPS,"$1,620.97 "
YELLOW FEVER VACCINE IJ SUSR,"$1,617.69 "
ZOSTER VAC RECOMB ADJUVANTED 50 MCG/0.5ML IM SUSR,"$1,610.18 "
ZOSTER VAC RECOMB ADJUVANTED 50 MCG/0.5ML IM SUSR,"$1,610.18 "
ZOSTER VAC RECOMB ADJUVANTED 50 MCG/0.5ML IM SUSR,"$1,610.18 "
ZOSTER VAC RECOMB ADJUVANTED 50 MCG/0.5ML IM SUSR,"$1,610.18 "
YELLOW FEVER VACCINE SUBQ INJ,"$1,607.16 "
IFOSFAMIDE 3 G IV SOLR,"$1,580.24 "
ERTAPENEM SODIUM 1 G IJ SOLR,"$1,552.21 "
VIGABATRIN 500 MG PO PACK,"$1,519.23 "
VIGABATRIN 500 MG PO TABS,"$1,519.23 "
QUIKCLOT CONTROL ZFOLD 3IN X 2YARDS HEMOSTAT DRESSING,"$1,511.38 "
OXIDIZED CELLULOSE EX PADS,"$1,503.27 "
FLUDARABINE PHOSPHATE 50 MG IV SOLR,"$1,429.58 "
MENINGOCOCCAL A C Y&W-135 OLIG IM SOLR,"$1,407.97 "
CEFTOLOZANE-TAZOBACTAM 1.5 (1-0.5) G IV SOLR,"$1,399.25 "
VARICELLA VIRUS VACCINE LIVE 1350 PFU/0.5ML SUBQ INJ,"$1,393.04 "
MIAMI J COLLAR ADULT SMALL,"$1,393.00 "
MIAMI J COLLAR JR P0,"$1,393.00 "
MIAMI J COLLAR JR P1,"$1,393.00 "
MIAMI J COLLAR JR P2,"$1,393.00 "
MIAMI J COLLAR JR P3,"$1,393.00 "
MIAMI J COLLAR MEDIUM,"$1,393.00 "
MIAMI J COLLAR PA 100,"$1,393.00 "
MIAMI J COLLAR PICU SMALL,"$1,393.00 "
MIAMI J COLLAR STOUT,"$1,393.00 "
MIAMI J COLLAR SUPER SHORT,"$1,393.00 "
MIAMI J COLLAR TALL,"$1,393.00 "
MIAMI J COLLAR XSMALL,"$1,393.00 "
APREPITANT 40 MG PO CAPS,"$1,349.04 "
REMIFENTANIL HCL 2 MG IV SOLR,"$1,348.57 "
MYCOPHENOLATE MOFETIL HCL 500 MG IV SOLR,"$1,244.74 "
MICAFUNGIN SODIUM 50 MG IV SOLR,"$1,242.21 "
PHENOXYBENZAMINE HCL 10 MG PO CAPS,"$1,232.97 "
COSYNTROPIN 0.25 MG IJ SOLR,"$1,228.79 "
LEVOTHYROXINE SODIUM 100 MCG IV SOLR,"$1,217.42 "
ELVITEG-COBIC-EMTRICIT-TENOFDF 150-150-200-300 MG PO TABS,"$1,177.39 "
CHORIONIC GONADOTROPIN 10000 UNITS IM SOLR,"$1,170.72 "
SINCALIDE 5 MCG IJ SOLR,"$1,167.05 "
HYDROMORPHONE HCL 250 MG IJ SOLR,"$1,158.84 "
TALC 2 G PL POWD,"$1,143.15 "
TALC 2 G PL POWD,"$1,143.15 "
GEMCITABINE HCL 1 G IV SOLR,"$1,139.65 "
ACETYLCHOLINE CHLORIDE 20 MG IO SOLR,"$1,076.87 "
IMATINIB MESYLATE 100 MG PO TABS,"$1,070.55 "
DTAP-IPV-HIB VACCINE IM SUSR,"$1,061.93 "
VANCOMYCIN HCL 5 G IV SOLR,"$1,058.08 "
STREPTOMYCIN SULFATE 1 G IM SOLR,"$1,040.00 "
EFAVIRENZ-EMTRICITAB-TENOFOVIR 600-200-300 MG PO TABS,"$1,038.19 "
DANTROLENE 0.33 MG/ML IN STERILE WATER INJ DIL,"$1,024.06 "
PRALIDOXIME CHLORIDE 1 G IV SOLR,"$1,001.92 "
ISAVUCONAZONIUM SULFATE 186 MG PO CAPS,$998.50 
THROMBIN (RECOMBINANT) 5000 UNITS EX SOLR,$993.93 
ERYTHROMYCIN LACTOBIONATE 500 MG IV SOLR,$991.05 
ABIRATERONE ACETATE 250 MG PO TABS,$975.03 
INDOMETHACIN 50 MG PR SUPP,$971.97 
METHOTREXATE SODIUM 1 G IJ SOLR,$970.16 
LOMUSTINE 100 MG PO CAPS,$969.00 
GANCICLOVIR SODIUM 500 MG IV SOLR,$959.44 
ETOPOSIDE 50 MG PO CAPS,$957.12 
LOMUSTINE 10 MG PO CAPS,$954.40 
INDOCYANINE GREEN 25 MG IV SOLR,$953.59 
PRAZIQUANTEL 600 MG PO TABS,$949.59 
STREPTOZOCIN 1 G IV SOLR,$939.06 
GEMCITABINE HCL 1 G IV SOLR,$916.63 
FOSFOMYCIN TROMETHAMINE 3 G PO PACK,$907.87 
SUMATRIPTAN 5 MG/ACT NA SOLN,$905.18 
MESNA 400 MG PO TABS,$898.83 
IFOSFAMIDE 1 G IV SOLR,$887.64 
THROMBIN 5000 UNITS EX KIT,$837.40 
THROMBIN 5000 UNITS EX SOLR,$831.50 
OXIDIZED CELLULOSE EX PADS,$817.67 
"MEASLES, MUMPS & RUBELLA VAC SUBQ INJ",$817.55 
DANTROLENE SODIUM 20 MG IV SOLR,$811.34 
TALC 5 G PL SUSR,$810.30 
FLOSEAL APPLICATOR TIPS,$809.06 
SURGICEL 3X4 NU-KNIT,$778.54 
METHOHEXITAL SODIUM 0.5 G IJ SOLR,$768.74 
DOLUTEGRAVIR SODIUM 50 MG PO TABS,$761.38 
GEMCITABINE HCL 1 G IV SOLR,$753.08 
POSACONAZOLE 100 MG PO TBEC,$746.81 
CLONIDINE 0.3 MG/24HR TD PTWK,$737.64 
NALOXONE HCL 4 MG/0.1ML NA LIQD,$715.20 
FENTANYL CITRATE 200 MCG BU TABS,$711.24 
CHLOROTHIAZIDE SODIUM 500 MG IV SOLR,$697.22 
PENICILLAMINE 250 MG PO TABS,$693.35 
REMIFENTANIL HCL 1 MG IV SOLR,$685.81 
PHYTONADIONE 5 MG PO TABS,$672.52 
OMNI-STAT GRANULES 3 GRAM POUCH,$667.65 
METHYLPREDNISOLONE SODIUM SUCC 1000 MG IJ SOLR,$660.70 
METHOHEXITAL 10 MG/ML INJ DIL,$651.67 
LEVOFLOXACIN 750 MG PO TABS,$643.79 
SELEGILINE 6 MG/24HR TD PT24,$629.45 
GEMCITABINE HCL 200 MG IV SOLR,$619.27 
VALGANCICLOVIR HCL 450 MG PO TABS,$614.37 
EMTRICITABINE-TENOFOVIR DF 200-300 MG PO TABS,$613.44 
DARUNAVIR ETHANOLATE 800 MG PO TABS,$603.23 
PENICILLIN G POTASSIUM 20000000 UNITS IJ SOLR,$590.33 
ZIPRASIDONE MESYLATE 20 MG IM SOLR,$579.45 
LEVOLEUCOVORIN CALCIUM 50 MG IV SOLR,$572.55 
PHENYLEPHRINE DRIP KIT 40 MG/ 250 ML,$563.99 
FENTANYL CITRATE 100 MCG BU TABS,$563.33 
GRANISETRON HCL 1 MG PO TABS,$563.13 
VANCOMYCIN HCL 250 MG PO CAPS,$551.30 
EPOPROSTENOL SODIUM 1.5 MG IV SOLR,$547.06 
SILDENAFIL CITRATE 20 MG PO TABS,$546.25 
DOXORUBICIN HCL 50 MG IV SOLR,$544.93 
BLEOMYCIN SULFATE 15 UNITS IJ SOLR,$537.50 
CLONIDINE 0.2 MG/24HR TD PTWK,$532.28 
EPOPROSTENOL SODIUM 1.5 MG IV SOLR,$527.66 
CEFOTETAN DISODIUM 2 G IJ SOLR,$518.46 
CEFTRIAXONE SODIUM 1 G IJ SOLR,$516.66 
AMPHOTERICIN B 50 MG IJ SOLR,$512.28 
FENTANYL 100 MCG/HR TD PT72,$509.92 
LOMUSTINE 40 MG PO CAPS,$508.72 
METHYLPREDNISOLONE SODIUM SUCC 1000 MG IJ SOLR,$490.57 
VORICONAZOLE 200 MG PO TABS,$479.78 
LEUCOVORIN CALCIUM 200 MG IJ SOLR,$468.98 
LURASIDONE HCL 40 MG PO TABS,$467.33 
AZTREONAM 1 G IJ SOLR,$445.86 
FENTANYL 75 MCG/HR TD PT72,$444.09 
FLUTTER DEVI,$443.60 
IMIPENEM-CILASTATIN 500 MG IV SOLR,$441.94 
TENOFOVIR DISOPROXIL FUMARATE 300 MG PO TABS,$435.69 
RIFAXIMIN 550 MG PO TABS,$419.45 
ESOMEPRAZOLE SODIUM 40 MG IV SOLR,$410.78 
ULIPRISTAL ACETATE 30 MG PO TABS,$409.93 
QUIKCLOT COMBAT GAUZE 3INX4YD ROLL,$409.55 
MESALAMINE 1000 MG PR SUPP,$405.55 
OLANZAPINE 10 MG IM SOLR,$404.79 
RILUZOLE 50 MG PO TABS,$396.81 
PENICILLIN G 5 MMU PIGGYBACK IN ACUDOSE,$396.10 
ONDANSETRON HCL 8 MG PO TABS,$394.45 
ONDANSETRON HCL 8 MG PO TABS,$394.45 
PIRFENIDONE 267 MG PO CAPS,$394.36 
ONDANSETRON HCL 8 MG PO TABS,$394.33 
ONDANSETRON HCL 8 MG PO TABS,$394.33 
NAFCILLIN SODIUM 2 G IJ SOLR,$392.46 
ONDANSETRON HCL 8 MG PO TABS,$387.77 
PH TEST VI TEST,$380.26 
EFAVIRENZ 600 MG PO TABS,$374.98 
PENICILLIN G POTASSIUM 5000000 UNITS IJ SOLR,$374.18 
ALENDRONATE SODIUM 70 MG PO TABS,$366.69 
RIFABUTIN 150 MG PO CAPS,$364.15 
ESTRADIOL 0.05 MG/24HR TD PTWK,$360.10 
ESTRADIOL 0.1 MG/24HR TD PTWK,$360.10 
NITRIC OXIDE FOR INHALATION GAS CARDIAC CATH ONLY,$356.20 
ONDANSETRON 8 MG PO TBDP,$355.08 
ONDANSETRON 8 MG PO TBDP,$353.72 
ESLICARBAZEPINE ACETATE 800 MG PO TABS,$351.04 
MOXIFLOXACIN HCL 400 MG PO TABS,$349.41 
ZOSYN 4.5 GM PIGGYBACK IN ACUDOSE,$348.21 
SODIUM BICARBONATE 150 MEQ + D5W 1000 ML,$347.14 
MODAFINIL 200 MG PO TABS,$338.47 
VANCOMYCIN 1 GM PIGGYBACK IN ACUDOSE,$335.27 
COLISTIMETHATE 75 MG/ML ORAL SOLN,$332.04 
COLISTIMETHATE SODIUM (CBA) 150 MG IJ SOLR,$331.94 
CABERGOLINE 0.5 MG PO TABS,$331.13 
FENTANYL CITRATE 800 MCG BU LPOP,$330.75 
ANTIVENIN LATRODECTUS MACTANS IJ KIT,$328.71 
CEFTAZIDIME 2 G IJ SOLR,$324.35 
BELLADONNA ALKALOIDS-OPIUM 16.2-60 MG PR SUPP,$320.09 
APRACLONIDINE HCL 1 % OP SOLN,$318.38 
CLONIDINE 0.1 MG/24HR TD PTWK,$316.95 
GELATIN ABSORBABLE 100 EX MISC,$314.85 
CINACALCET HCL 30 MG PO TABS,$308.82 
ARIPIPRAZOLE 2 MG PO TABS,$307.32 
ARIPIPRAZOLE 5 MG PO TABS,$306.98 
ARIPIPRAZOLE 10 MG PO TABS,$306.79 
ITRACONAZOLE 100 MG PO CAPS,$303.84 
MEROPENEM-SODIUM CHLORIDE 1 GM/50ML IV SOLR,$303.84 
DARUNAVIR ETHANOLATE 600 MG PO TABS,$302.59 
HYDROCORTISONE NA SUCCINATE PF 250 MG IJ SOLR,$296.00 
ARIPIPRAZOLE 15 MG PO TABS,$294.30 
PALIPERIDONE ER 3 MG PO TB24,$292.27 
EVEROLIMUS 0.75 MG PO TABS,$291.30 
THIOGUANINE 40 MG PO TABS,$290.42 
DOXYCYCLINE HYCLATE 100 MG IV SOLR,$288.21 
RALTEGRAVIR POTASSIUM 400 MG PO TABS,$287.25 
TRETINOIN 10 MG PO CAPS,$286.13 
NARATRIPTAN HCL 1 MG PO TABS,$282.40 
NARATRIPTAN HCL 2.5 MG PO TABS,$282.40 
OXISENSORS NELLCOR,$281.00 
ETHACRYNIC ACID 25 MG PO TABS,$280.90 
ATAZANAVIR SULFATE 150 MG PO CAPS,$280.26 
CHLORAMBUCIL 2 MG PO TABS,$279.58 
FENTANYL CITRATE 600 MCG BU LPOP,$279.45 
CEFOXITIN SODIUM-DEXTROSE 2-2.2 GM-%(50ML) IV SOLR,$278.31 
METHYLPREDNISOLONE SODIUM SUCC 500 MG IJ SOLR,$276.31 
CEFAZOLIN SODIUM 10 G IJ SOLR,$275.54 
SUMATRIPTAN SUCCINATE 25 MG PO TABS,$270.61 
BUSULFAN 2 MG PO TABS,$269.26 
CEFOTETAN DISODIUM 1 G IJ SOLR,$265.41 
BELLADONNA ALKALOIDS-OPIUM 16.2-30 MG PR SUPP,$263.65 
METHYLERGONOVINE MALEATE 0.2 MG PO TABS,$259.67 
FENTANYL 50 MCG/HR TD PT72,$252.86 
MODAFINIL 100 MG PO TABS,$252.80 
EMTRICITABINE 200 MG PO CAPS,$250.14 
RIVASTIGMINE 13.3 MG/24HR TD PT24,$248.14 
RIVASTIGMINE 4.6 MG/24HR TD PT24,$248.14 
RIVASTIGMINE 9.5 MG/24HR TD PT24,$248.14 
SUMATRIPTAN SUCCINATE 50 MG PO TABS,$241.03 
LEUCOVORIN CALCIUM 100 MG IJ SOLR,$240.74 
IMIPENEM-CILASTATIN 250 MG IV SOLR,$240.64 
PYRIDOSTIGMINE BROMIDE ER 180 MG PO TBCR,$237.87 
SURGICEL 0.5X2 ABSORB HEMOSTAT,$237.68 
LEVOFLOXACIN 750 MG PO TABS,$236.03 
OXYCODONE HCL ER 80 MG PO T12A,$235.72 
CEFEPIME HCL 1 G IJ SOLR,$235.36 
LEUCOVORIN CALCIUM 350 MG IJ SOLR,$228.76 
MEROPENEM-SODIUM CHLORIDE 500 MG/50ML IV SOLR,$228.62 
ONDANSETRON HCL 4 MG PO TABS,$226.67 
VORICONAZOLE 100 MG (1/2 X 200 MG ) PO TABS,$224.99 
FLUCYTOSINE 250 MG PO CAPS,$222.20 
ONDANSETRON 4 MG PO TBDP,$221.76 
RIFAXIMIN 200 MG PO TABS,$220.98 
TESTOSTERONE 4 MG/24HR TD PT24,$215.92 
TACROLIMUS 5 MG PO CAPS,$214.00 
TO GO ONDANSETRON ODT 4MG #2,$213.55 
OLANZAPINE 10 MG PO TABS,$212.39 
CLOBAZAM 10 MG PO TABS,$210.85 
NAFCILLIN SODIUM 1 G IJ SOLR,$208.31 
RISPERIDONE 2 MG PO TABS,$206.22 
SCOPOLAMINE 1 MG/3DAYS TD PT72,$205.46 
FENTANYL 25 MCG/HR TD PT72,$204.19 
FLUTICASONE-SALMETEROL 500-50 MCG/DOSE IN AEPB,$203.53 
DACARBAZINE 200 MG IV SOLR,$202.97 
GEMCITABINE HCL 200 MG IV SOLR,$202.97 
OLANZAPINE 10 MG PO TBDP,$201.40 
OXYGEN,$197.19 
AMPICILLIN SODIUM 2 G IJ SOLR,$196.11 
ETRAVIRINE 200 MG PO TABS,$195.84 
FENTANYL 12 (12.5) MCG/HR TD PT72,$195.02 
EVEROLIMUS 0.5 MG PO TABS,$194.85 
LURASIDONE HCL 20 MG (1/2 X 40 MG) PO TABS,$194.62 
VANCOMYCIN HCL 1 G IV SOLR,$193.95 
PIPERACILLIN SOD-TAZOBACTAM SO 4.5 (4-0.5) G IV SOLR,$193.13 
QUIKCLOT GAUZE 4INX4IN HEMOSTAT DRESSING,$192.06 
AMPICILLIN SODIUM 1 G IV SOLR,$191.92 
QUETIAPINE FUMARATE 300 MG PO TABS,$190.14 
CEFUROXIME AXETIL 250 MG PO TABS,$189.84 
PHYTONADIONE 2.5 MG (1/2 X 5 MG) PO TABS,$184.64 
DESVENLAFAXINE SUCCINATE ER 50 MG PO TB24,$184.30 
HAEMOPHILUS B POLYSAC CONJ VAC IM SOLR,$183.69 
VANCOMYCIN HCL 1 G IV SOLR,$183.48 
AZITHROMYCIN 500 MG PO TABS,$182.45 
TIOTROPIUM BROMIDE MONOHYDRATE 18 MCG IN CAPS,$181.71 
BUDESONIDE 3 MG PO CPEP,$181.17 
ESZOPICLONE 3 MG PO TABS,$180.89 
FENTANYL CITRATE 200 MCG BU LPOP,$180.78 
HAEMOPHILUS B POLYSAC CONJ VAC IM SOLR,$180.26 
CEFOXITIN SODIUM 2 G IV SOLR,$180.19 
UNASYN 3 GM PIGGYBACK IN ACUDOSE,$179.66 
LAMOTRIGINE 150 MG PO TABS,$179.11 
EMPAGLIFLOZIN 10 MG PO TABS,$178.82 
EMPAGLIFLOZIN 25 MG PO TABS,$178.82 
CANAGLIFLOZIN 100 MG PO TABS,$178.67 
CANAGLIFLOZIN 300 MG PO TABS,$178.67 
BICALUTAMIDE 50 MG PO TABS,$178.46 
UNASYN 1.5 GM PIGGYBACK IN ACUDOSE,$177.65 
PRASUGREL HCL 10 MG PO TABS,$176.55 
PRASUGREL HCL 5 MG PO TABS,$176.55 
CABERGOLINE 0.25 MG (1/2 X 0.5 MG) PO TABS,$176.27 
OXISENSORS NELLCOR,$176.00 
LETROZOLE 2.5 MG PO TABS,$174.22 
LAMIVUDINE-ZIDOVUDINE 150-300 MG PO TABS,$173.40 
PROMETHAZINE HCL 12.5 MG PR SUPP,$170.32 
CEFEPIME-DEXTROSE 1-5 GM-%(50ML) IV SOLR,$168.63 
OLANZAPINE 2.5MG (1/2 X 5MG) TBDP,$166.63 
GEMCITABINE HCL 200 MG IV SOLR,$166.54 
PYRIDOSTIGMINE BROMIDE 60 MG PO TABS,$166.34 
HYDROCORTISONE NA SUCCINATE PF 100 MG IJ SOLR,$165.80 
PANTOPRAZOLE SODIUM 40 MG PO PACK,$165.68 
ATOMOXETINE HCL 40 MG PO CAPS,$165.37 
SITAGLIPTIN PHOSPHATE 100 MG PO TABS,$165.37 
SITAGLIPTIN PHOSPHATE 25 MG PO TABS,$165.37 
SITAGLIPTIN PHOSPHATE 50 MG PO TABS,$165.37 
CYCLOPHOSPHAMIDE 50 MG PO CAPS,$165.34 
DACARBAZINE 100 MG IV SOLR,$165.05 
SIROLIMUS 1 MG PO TABS,$164.07 
MEMANTINE HCL ER 21 MG PO CP24,$163.41 
MEMANTINE HCL ER 7 MG PO CP24,$163.41 
LEVOFLOXACIN 500 MG PO TABS,$161.92 
RIVAROXABAN 10 MG PO TABS,$161.37 
RIVAROXABAN 15 MG PO TABS,$161.37 
RIVAROXABAN 20 MG PO TABS,$161.37 
EDTA (ETHYLENEDIAMINETETRAACETIC ACID) 2 % INJ,$160.00 
CEFUROXIME SODIUM 1.5 G IJ SOLR,$159.93 
LANSOPRAZOLE 15 MG PO TBDP,$159.85 
LANSOPRAZOLE 30 MG PO TBDP,$159.85 
NIMODIPINE 30 MG PO CAPS,$159.31 
LINAGLIPTIN 5 MG PO TABS,$158.48 
BACITRACIN 50000 UNITS IM SOLR,$158.36 
LEFLUNOMIDE 10 MG PO TABS,$157.97 
FLUCONAZOLE 200 MG PO TABS,$157.39 
MEROPENEM 1 G IV SOLR,$157.17 
TYPHOID VACCINE PO CPDR,$156.20 
CEFOXITIN SODIUM-DEXTROSE 1-4 GM-%(50ML) IV SOLR,$156.19 
LACOSAMIDE 100 MG PO TABS,$155.59 
OLANZAPINE 7.5 MG PO TABS,$154.90 
TIOTROPIUM BROMIDE MONOHYDRATE 18 MCG IN CAPS,$153.22 
ATOMOXETINE HCL 25 MG PO CAPS,$152.36 
PARICALCITOL 1 MCG PO CAPS,$150.43 
MEMANTINE HCL ER 14 MG PO CP24,$149.38 
MEMANTINE HCL ER 28 MG PO CP24,$149.38 
LINACLOTIDE 72 MCG PO CAPS,$149.18 
OSELTAMIVIR PHOSPHATE 75 MG PO CAPS,$148.95 
PIPERACILLIN SOD-TAZOBACTAM SO 3.375 (3-0.375) G IV SOLR,$147.98 
ESLICARBAZEPINE ACETATE 400 MG (1/2 X 800 MG) PO TABS,$146.43 
RAMELTEON 8 MG PO TABS,$145.63 
PERCUSTAY CATHETER FASTENER,$144.60 
BUPRENORPHINE HCL 900 MCG BU FILM,$144.31 
CEFEPIME HCL 2 G IJ SOLR,$144.02 
MEROPENEM 500 MG IV SOLR,$144.02 
CHLORPROMAZINE HCL 100 MG PO TABS,$143.53 
RASAGILINE MESYLATE 1 MG PO TABS,$142.27 
LEVOFLOXACIN 250 MG PO TABS,$141.99 
BUPRENORPHINE HCL 750 MCG BU FILM,$140.24 
HYDROCORTISONE ACETATE 25 MG PR SUPP,$139.13 
LANTHANUM CARBONATE 500 MG PO CHEW,$138.97 
POTASSIUM CHLORIDE 25 MEQ PO PACK,$138.34 
POLYMYXIN B SULFATE 500000 UNITS IJ SOLR,$138.03 
OLANZAPINE 5 MG PO TBDP,$137.70 
OSELTAMIVIR PHOSPHATE 30 MG PO CAPS,$136.80 
SUMATRIPTAN SUCCINATE 12.5 MG (1/2 X 25 MG) PO TABS,$136.28 
OXYCODONE HCL ER 40 MG PO T12A,$135.92 
ROFLUMILAST 500 MCG PO TABS,$135.34 
SILDENAFIL CITRATE 10 MG ( 1/2 X 20 MG) PO TAB,$135.27 
CEFAZOLIN 2 GM IVPB ADS,$135.24 
BANZEL 200 MG PO TABS,$133.57 
RUFINAMIDE 200 MG PO TABS,$133.57 
BUPRENORPHINE HCL 600 MCG BU FILM,$133.46 
NALOXEGOL OXALATE 12.5 MG PO TABS,$133.20 
NALOXEGOL OXALATE 25 MG PO TABS,$133.20 
EZETIMIBE 10 MG PO TABS,$133.19 
LEUCOVORIN CALCIUM 25 MG PO TABS,$132.12 
QUETIAPINE FUMARATE ER 200 MG PO TB24,$131.80 
MELPHALAN 2 MG PO TABS,$131.13 
LEECH,$130.34 
ARIPIPRAZOLE 2.5 MG (1/2 X 5 MG) PO TABS,$129.23 
ARIPIPRAZOLE 7.5 MG (1/2 X 15 MG) PO TABS,$129.23 
CYCLOSPORINE 100 MG PO CAPS,$128.18 
OLANZAPINE 5 MG PO TABS,$127.63 
ZONISAMIDE 25 MG PO CAPS,$127.41 
MODAFINIL 50 MG (1/2 X 100 MG) PO TABS,$127.37 
AMLODIPINE BESY-BENAZEPRIL HCL 10-20 MG PO CAPS,$127.35 
CEFTAZIDIME 1 G IJ SOLR,$127.18 
ERYTHROMYCIN STEARATE 250 MG PO TABS,$126.78 
LEUCOVORIN CALCIUM 50 MG IJ SOLR,$126.62 
VECURONIUM BROMIDE 20 MG IV SOLR,$126.62 
DRONABINOL 2.5 MG PO CAPS,$126.55 
EFAVIRENZ 200 MG PO CAPS,$126.29 
METHYLPHENIDATE HCL ER 18 MG PO TBCR,$126.23 
HYDROCORTISONE NA SUCCINATE PF 100 MG IJ SOLR,$125.96 
TERBINAFINE HCL 250 MG PO TABS,$125.80 
FLUTICASONE-SALMETEROL 100-50 MCG/DOSE IN AEPB,$125.64 
FLUTICASONE-SALMETEROL 250-50 MCG/DOSE IN AEPB,$125.64 
BUPRENORPHINE HCL 450 MCG BU FILM,$125.20 
QUETIAPINE FUMARATE 200 MG PO TABS,$124.98 
BENZOCAINE 20 % MT SOLN,$123.54 
METHYLPREDNISOLONE SODIUM SUCC 125 MG IJ SOLR,$123.05 
FAMCICLOVIR 500 MG PO TABS,$122.66 
VALACYCLOVIR HCL 1 G PO TABS,$122.18 
DRONEDARONE HCL 400 MG PO TABS,$121.90 
VORICONAZOLE 50 MG PO TABS,$121.41 
MYCOPHENOLATE SODIUM 360 MG PO TBEC,$120.72 
DOFETILIDE 125 MCG PO CAPS,$120.56 
DOFETILIDE 250 MCG PO CAPS,$120.56 
DOFETILIDE 500 MCG PO CAPS,$120.56 
PYRIDOSTIGMINE BROMIDE 90 MG (1/2 X 180 MG) PO TBCR,$119.91 
DEFEROXAMINE MESYLATE (213 MG/ML) IM DILUTION,$119.90 
DEFEROXAMINE MESYLATE (95 MG/ML) IV  DILUTION,$119.90 
DEFEROXAMINE MESYLATE 500 MG IJ SOLR,$119.90 
DRONABINOL 5 MG PO CAPS,$118.58 
PROCHLORPERAZINE 25 MG PR SUPP,$118.52 
VANCOMYCIN HCL 500 MG IV SOLR,$118.24 
TOLTERODINE TARTRATE ER 4 MG PO CP24,$117.33 
TOLTERODINE TARTRATE ER 2 MG PO CP24,$117.02 
CHLOROQUINE PHOSPHATE 500 MG PO TABS,$116.60 
ISO MED REFILL KIT,$116.07 
ANASTROZOLE 1 MG PO TABS,$116.03 
CILOSTAZOL 25 MG (1/2 X 50 MG) PO TABS,$115.96 
ONDANSETRON HCL 2 MG (1/2 X 4 MG) PO TABS,$114.36 
UMECLIDINIUM BROMIDE 62.5 MCG/INH IN AEPB,$113.92 
AMPICILLIN-SULBACTAM SODIUM 3 (2-1) G IJ SOLR,$113.90 
CLARITHROMYCIN 500 MG PO TABS,$113.10 
OLMESARTAN MEDOXOMIL 40 MG PO TABS,$112.65 
AMPICILLIN-SULBACTAM SODIUM 1.5 (1-0.5) G IJ SOLR,$112.43 
AZITHROMYCIN 500 MG IV SOLR,$110.22 
TESTOSTERONE 2 MG/24HR TD PT24,$108.93 
CLOMIPRAMINE HCL 25 MG PO CAPS,$108.86 
CLOMIPRAMINE HCL 50 MG PO CAPS,$108.86 
MESALAMINE 1.2 G PO TBEC,$108.78 
OLANZAPINE 2.5 MG PO TABS,$108.43 
ANAGRELIDE HCL 0.5 MG PO CAPS,$108.12 
AMPICILLIN SODIUM 1 G IJ SOLR,$107.20 
PIOGLITAZONE HCL 30 MG PO TABS,$103.78 
DEMECLOCYCLINE HCL 150 MG PO TABS,$103.06 
CEFAZOLIN 3 GM IVPB ADS,$101.57 
ASPIRIN-DIPYRIDAMOLE ER 25-200 MG PO CP12,$101.25 
ROSUVASTATIN CALCIUM 20 MG PO TABS,$101.20 
ROSUVASTATIN CALCIUM 40 MG PO TABS,$101.20 
PB-HYOSCY-ATROPINE-SCOPOLAMINE 16.2 MG PO TABS,$100.64 
LACOSAMIDE 50 MG PO TABS,$100.23 
GELATIN ABSORBABLE 12-7 MM EX MISC,$100.04 
RITONAVIR 100 MG PO TABS,$99.78 
ZIPRASIDONE HCL 60 MG PO CAPS,$99.65 
ZIPRASIDONE HCL 80 MG PO CAPS,$99.65 
LOPINAVIR-RITONAVIR 200-50 MG PO TABS,$99.34 
CYCLOSPORINE 0.05 % OP EMUL,$98.82 
EVEROLIMUS 0.25 MG PO TABS,$98.40 
BACITRACIN 50000 UNITS IM SOLR,$97.99 
T.E.D. KNEE LENGTH 3X-LARGE,$97.91 
METHYLPHENIDATE HCL ER 27 MG PO TBCR,$96.81 
TEMAZEPAM 7.5 MG PO CAPS,$96.48 
RIBAVIRIN 200 MG PO CAPS,$96.42 
SUCCIMER 100 MG PO CAPS,$96.01 
CEFAZOLIN SODIUM 1 G IJ SOLR,$94.70 
METHYLPHENIDATE HCL ER 18 MG PO TBCR,$94.49 
T.E.D. KNEE LENGTH 2X-LARGE,$94.48 
VORICONAZOLE 50 MG PO TABS,$94.35 
PHYTONADIONE 1.25 MG (1/4 X 5 MG) PO TABS,$93.29 
VALSARTAN 160 MG PO TABS,$92.88 
TIAGABINE HCL 12 MG PO TABS,$92.79 
BUPRENORPHINE HCL 300 MCG BU FILM,$92.66 
SALMETEROL XINAFOATE 50 MCG/DOSE IN AEPB,$92.48 
CONSULT PHARMACY MED COMPREHENSIVE,$92.20 
CEFEPIME HCL 1 G IJ SOLR,$91.41 
VIVONEX PLUS PO PACK,$91.23 
CYCLOPHOSPHAMIDE 25 MG PO CAPS,$90.98 
RISPERIDONE 2 MG PO TBDP,$90.76 
CINACALCET HCL 15 MG (1/2 X 30 MG) PO TABS,$90.57 
SACUBITRIL-VALSARTAN 24-26 MG PO TABS,$90.06 
SACUBITRIL-VALSARTAN 49-51 MG PO TABS,$90.06 
SACUBITRIL-VALSARTAN 97-103 MG PO TABS,$90.06 
STAVUDINE 40 MG PO CAPS,$89.62 
LACTULOSE 20 G PO PACK,$89.32 
NOREPINEPHRINE DRIP KIT,$88.94 
DANAZOL 200 MG PO CAPS,$88.20 
QUINIDINE GLUCONATE ER 324 MG PO TBCR,$88.14 
STAVUDINE 30 MG PO CAPS,$88.03 
FLUTICASONE FUROATE 200 MCG/ACT IN AEPB,$87.77 
TO GO AMOXICILLIN 250 MG/5ML 150ML,$87.54 
CEFAZOLIN 1 GM IN NSS IVPB ADS,$87.36 
PREGABALIN 100 MG PO CAPS,$86.76 
PREGABALIN 200 MG PO CAPS,$86.76 
PREGABALIN 25 MG PO CAPS,$86.76 
PREGABALIN 50 MG PO CAPS,$86.76 
PREGABALIN 75 MG PO CAPS,$86.76 
CEFUROXIME SODIUM 750 MG IJ SOLR,$86.68 
MEMANTINE HCL 5 MG PO TABS,$86.54 
LACTULOSE 10 G PO PACK,$86.26 
NIACIN ER (ANTIHYPERLIPIDEMIC) 750 MG PO TBCR,$86.08 
FLUCONAZOLE 100 MG PO TABS,$85.67 
ETIDRONATE DISODIUM 400 MG PO TABS,$84.12 
SUB Q BUTTON,$83.93 
IVABRADINE HCL 5 MG PO TABS,$83.65 
IVABRADINE HCL 7.5 MG PO TABS,$83.65 
DRONEDARONE HCL 200 MG (1/2 X 400 MG) PO TABS,$83.30 
AMPHETAMINE-DEXTROAMPHET ER 25 MG PO CP24,$83.24 
O-2 SUSPENSORY MISC,$82.98 
O-2 SUSPENSORY MISC,$82.98 
O-2 SUSPENSORY MISC,$82.98 
O-2 SUSPENSORY MISC,$82.98 
STAVUDINE 20 MG PO CAPS,$82.98 
SIROLIMUS 0.5 MG PO TABS,$82.54 
SEVELAMER HCL 800 MG PO TABS,$82.47 
ZIPRASIDONE HCL 20 MG PO CAPS,$82.46 
ZIPRASIDONE HCL 40 MG PO CAPS,$82.46 
OXYCODONE HCL ER 20 MG PO T12A,$82.18 
APIXABAN 2.5 MG PO TABS,$81.65 
APIXABAN 2.5 MG PO TABS,$81.65 
APIXABAN 5 MG PO TABS,$81.65 
APIXABAN 5 MG PO TABS,$81.65 
AMLODIPINE BESY-BENAZEPRIL HCL 2.5-10 MG PO CAPS,$81.63 
METHYLPREDNISOLONE SODIUM SUCC 40 MG IJ SOLR,$81.15 
T.E.D. THIGH BELTED/XL-REGULAR MISC,$80.96 
UMECLIDINIUM-VILANTEROL 62.5-25 MCG/INH IN AEPB,$79.87 
PRAMIPEXOLE DIHYDROCHLORIDE 0.5 MG PO TABS,$79.83 
TOPIRAMATE 200 MG PO TABS,$79.46 
ROSUVASTATIN CALCIUM 10 MG PO TABS,$78.43 
DABIGATRAN ETEXILATE MESYLATE 150 MG PO CAPS,$78.13 
DABIGATRAN ETEXILATE MESYLATE 75 MG PO CAPS,$78.13 
METHYLPREDNISOLONE 16 MG PO TABS,$77.69 
MYCOPHENOLATE MOFETIL 500 MG PO TABS,$77.33 
OXYBUTYNIN CHLORIDE ER 15 MG PO TB24,$76.37 
TOPIRAMATE 25 MG PO CPSP,$76.19 
PRAMIPEXOLE DIHYDROCHLORIDE 0.125 MG PO TABS,$76.14 
TO GO OXYCODONE-ACETAMINOPHEN #6 5-325 MG TAB,$76.13 
TRAMADOL HCL ER (BIPHASIC) 200 MG PO TB24,$75.98 
DONEPEZIL HCL 5 MG PO TABS,$75.97 
APIXABAN 2.5 MG PO TABS,$75.82 
BUPRENORPHINE HCL 8 MG SL SUBL,$75.56 
AMPHETAMINE-DEXTROAMPHETAMINE 10 MG PO TABS,$75.34 
PAROXETINE HCL 20 MG PO TABS,$75.30 
RADIAL GRAFT MIXTURE 100 ML,$74.89 
METHAZOLAMIDE 50 MG PO TABS,$74.82 
CIPROFLOXACIN HCL 750 MG PO TABS,$74.80 
PRASUGREL HCL 10 MG PO TABS,$74.76 
SILDENAFIL CITRATE 5 MG (1/4 X 20 MG) PO TAB,$74.61 
MORPHINE SULFATE ER 100 MG PO TBCR,$74.57 
DESMOPRESSIN ACETATE 0.2 MG PO TABS,$74.37 
CELECOXIB 200 MG PO CAPS,$73.97 
THIOGUANINE 20 MG (1/2 X 40 MG) PO TABS,$73.62 
IMIQUIMOD 5 % EX CREA,$73.28 
VALSARTAN 40 MG PO TABS,$72.69 
AMIODARONE HCL 100 MG PO TABS,$72.61 
LUBIPROSTONE 24 MCG PO CAPS,$72.53 
RASAGILINE MESYLATE 0.5 MG (1/2 X 1 MG) PO TABS,$72.13 
URSODIOL 300 MG PO CAPS,$71.86 
RALOXIFENE HCL 60 MG PO TABS,$71.69 
QUININE SULFATE 324 MG PO CAPS,$71.62 
MESALAMINE ER 500 MG PO CPCR,$71.25 
NITROGLYCERIN 0.8 MG/HR TD PT24,$70.76 
VALACYCLOVIR HCL 500 MG PO TABS,$70.65 
PANCRELIPASE (LIP-PROT-AMYL) 21000 UNITS PO CPEP,$70.49 
LAMIVUDINE 150 MG PO TABS,$70.05 
ROSUVASTATIN CALCIUM 5 MG PO TABS,$69.89 
RANOLAZINE ER 500 MG PO TB12,$69.82 
FENOFIBRATE 160 MG PO TABS,$69.75 
FENOFIBRATE 160 MG PO TABS,$69.75 
PANTOPRAZOLE SODIUM 40 MG IV SOLR,$69.56 
VECURONIUM BROMIDE 10 MG IV SOLR,$69.56 
BISOPROLOL-HYDROCHLOROTHIAZIDE 5-6.25 MG PO TABS,$69.38 
TRAMADOL HCL ER (BIPHASIC) 200 MG PO TB24,$69.25 
TICAGRELOR 60 MG PO TABS,$69.08 
TICAGRELOR 90 MG PO TABS,$69.07 
T.E.D. KNEE LENGTH/XL-REGULAR MISC,$69.05 
PIOGLITAZONE HCL 15 MG PO TABS,$68.59 
INSUFLON CANNULA,$68.52 
MILNACIPRAN HCL 50 MG PO TABS,$68.29 
PANCRELIPASE (LIP-PROT-AMYL) 24000-76000 UNITS PO CPEP,$68.20 
TOPIRAMATE 100 MG PO TABS,$68.04 
RIVASTIGMINE TARTRATE 1.5 MG PO CAPS,$67.36 
RIVASTIGMINE TARTRATE 3 MG PO CAPS,$67.36 
QUETIAPINE FUMARATE 100 MG PO TABS,$67.17 
LEUCOVORIN CALCIUM 12.5 MG (1/2 X 25 MG) PO TABS,$67.00 
ROPINIROLE HCL 0.25 MG PO TABS,$66.08 
FLUTICASONE FUROATE 100 MCG/ACT IN AEPB,$66.05 
COLCHICINE 0.6 MG PO TABS,$66.01 
TRANYLCYPROMINE SULFATE 10 MG PO TABS,$65.97 
DIVALPROEX SODIUM ER 500 MG PO TB24,$65.63 
TIAGABINE HCL 4 MG PO TABS,$65.63 
ARIPIPRAZOLE 3.75 MG (1/4 X 15 MG) PO TABS,$65.59 
NITROGLYCERIN 0.3 MG/HR TD PT24,$65.40 
OXYCODONE HCL ER 15 MG PO T12A,$65.30 
TERBUTALINE SULFATE 5 MG PO TABS,$65.15 
RIFAMPIN 300 MG PO CAPS,$64.41 
QUETIAPINE FUMARATE 50 MG PO TABS,$64.40 
ESTROGENS CONJUGATED 0.3 MG PO TABS,$63.06 
ESTROGENS CONJUGATED 0.45 MG PO TABS,$63.06 
ESTROGENS CONJUGATED 0.625 MG PO TABS,$63.06 
ESTROGENS CONJUGATED 1.25 MG PO TABS,$63.06 
GALANTAMINE HYDROBROMIDE 8 MG PO TABS,$62.85 
CLOBAZAM 5 MG (1/2 X 10MG) ORAL TAB,$62.53 
DONEPEZIL HCL 10 MG PO TABS,$62.53 
FAMCICLOVIR 250 MG (1/2 X 500 MG) PO TABS,$62.31 
OLMESARTAN MEDOXOMIL 20 MG PO TABS,$61.70 
MORPHINE SULFATE 10 MG PR SUPP,$61.39 
MYCOPHENOLATE SODIUM 180 MG PO TBEC,$61.33 
METHOTREXATE 2.5 MG PO TABS,$61.26 
NIACIN ER (ANTIHYPERLIPIDEMIC) 500 MG PO TBCR,$60.93 
NADOLOL 20 MG PO TABS,$60.83 
CIPROFLOXACIN HCL 500 MG PO TABS,$60.69 
PYRAZINAMIDE 500 MG PO TABS,$60.48 
CHLORPROMAZINE HCL 25 MG PO TABS,$60.37 
AMPHETAMINE-DEXTROAMPHET ER 10 MG PO CP24,$60.27 
FLUVASTATIN SODIUM 20 MG PO CAPS,$60.06 
BUPRENORPHINE HCL 150 MCG BU FILM,$59.70 
BUPRENORPHINE HCL 75 MCG BU FILM,$59.70 
RAMIPRIL 1.25 MG PO CAPS,$59.61 
DUTASTERIDE 0.5 MG PO CAPS,$59.50 
THEOPHYLLINE ER 450 MG PO TB12,$59.44 
TRAMADOL HCL ER 200 MG PO TB24,$59.17 
CLARITHROMYCIN 250 MG PO TABS,$59.15 
VIVONEX PEDIATRIC PO PACK,$59.11 
LEFLUNOMIDE 20 MG PO TABS,$59.01 
OLANZAPINE 1.25 MG (1/2 X 2.5 MG) PO TABS,$58.92 
METAXALONE 800 MG PO TABS,$58.91 
FELBAMATE 600 MG PO TABS,$58.85 
LAMOTRIGINE 150 MG PO TABS,$58.79 
AMPICILLIN SODIUM 500 MG IJ SOLR,$58.37 
DULOXETINE HCL 30 MG PO CPEP,$58.30 
DULOXETINE HCL 60 MG PO CPEP,$58.30 
AMOXICILLIN-POT CLAVULANATE 250-125 MG PO TABS,$58.23 
LANSOPRAZOLE 30 MG PO TBDP,$58.09 
ALBUTEROL SULFATE 2 MG PO TABS,$57.82 
DOXAZOSIN MESYLATE 4 MG PO TABS,$57.73 
PENTOXIFYLLINE ER 400 MG PO TBCR,$57.52 
PANCRELIPASE (LIP-PROT-AMYL) 16800 UNITS PO CPEP,$56.97 
FLUOXYMESTERONE 10 MG PO TABS,$56.90 
T.E.D. KNEE LENGTH/L-REGULAR MISC,$56.89 
T.E.D. THIGH LENGTH/L-REGULAR MISC,$56.89 
MITOTANE 500 MG PO TABS,$56.72 
RISPERIDONE 1 MG PO TBDP,$56.58 
DISOPYRAMIDE PHOSPHATE ER 150 MG PO CP12,$56.03 
MONTELUKAST SODIUM 4 MG PO CHEW,$55.75 
MONTELUKAST SODIUM 5 MG PO CHEW,$55.75 
LAMOTRIGINE 200 MG PO TABS,$55.71 
TACROLIMUS 1 MG PO CP24,$55.70 
FLUTICASONE FUROATE-VILANTEROL 100-25 MCG/INH IN AEPB,$55.50 
FLUTICASONE FUROATE-VILANTEROL 200-25 MCG/INH IN AEPB,$55.50 
ROFLUMILAST 250 MCG (1/2 X 500 MCG) PO TABS,$55.40 
FLUCONAZOLE 50 MG PO TABS,$55.23 
MONTELUKAST SODIUM 10 MG PO TABS,$55.01 
CEFOXITIN SODIUM 1 G IV SOLR,$54.72 
DOXYCYCLINE HYCLATE 100 MG PO TABS,$54.56 
DOXYCYCLINE HYCLATE 100 MG PO TABS,$54.56 
TELMISARTAN 20 MG PO TABS,$54.45 
TELMISARTAN 40 MG PO TABS,$54.45 
TELMISARTAN 80 MG PO TABS,$54.45 
T.E.D. THIGH LENGTH/S-REGULAR MISC,$54.27 
CYCLOSPORINE MODIFIED 100 MG PO CAPS,$54.22 
PHENOL 89 % EX SWAB,$53.86 
TRIMETHOBENZAMIDE HCL 300 MG PO CAPS,$53.74 
DANAZOL 100 MG PO CAPS,$53.71 
TERBUTALINE SULFATE 2.5 MG PO TABS,$53.70 
MORPHINE SULFATE ER 60 MG PO TBCR,$52.58 
B & B A-3 ATHLETIC SUPPORTER MISC,$52.54 
B & B A-3 ATHLETIC SUPPORTER MISC,$52.54 
DESMOPRESSIN ACETATE 0.1 MG PO TABS,$52.22 
PANTOPRAZOLE SODIUM 40 MG PO TBEC,$52.04 
SAQUINAVIR MESYLATE 200 MG PO CAPS,$51.65 
FELBAMATE 400 MG PO TABS,$51.59 
TRANEXAMIC ACID 650 MG PO TABS,$51.59 
EZETIMIBE 5 MG (1/2 X 10 MG) PO TABS,$51.40 
LANTHANUM CARBONATE 250 MG (1/2 X 500 MG) PO CHEW,$51.33 
ESCITALOPRAM OXALATE 20 MG PO TABS,$51.21 
CEFAZOLIN SODIUM 500 MG IJ SOLR,$50.86 
METHSUXIMIDE 300 MG PO CAPS,$50.60 
CEFDINIR 300 MG PO CAPS,$50.58 
CHOLESTYRAMINE LIGHT 4 G PO PACK,$50.57 
THIOTHIXENE 10 MG PO CAPS,$50.53 
MANNITOL IN KIT,$50.09 
AMOXICILLIN-POT CLAVULANATE 875-125 MG PO TABS,$49.99 
CEFTRIAXONE SODIUM 2 G IJ SOLR,$49.98 
SULFADIAZINE 500 MG PO TABS,$49.95 
MORPHINE SULFATE 5 MG PR SUPP,$49.50 
NEFAZODONE HCL 200 MG PO TABS,$49.33 
MIDODRINE HCL 10 MG PO TABS,$49.29 
SIMVASTATIN 20 MG PO TABS,$48.75 
SIMVASTATIN 80 MG PO TABS,$48.75 
RISPERIDONE 0.5 MG PO TBDP,$48.70 
SIMVASTATIN 40 MG PO TABS,$48.58 
NEFAZODONE HCL 150 MG PO TABS,$48.45 
NELFINAVIR MESYLATE 250 MG PO TABS,$48.13 
VALSARTAN 80 MG PO TABS,$48.05 
DISOPYRAMIDE PHOSPHATE ER 100 MG PO CP12,$47.71 
NEFAZODONE HCL 100 MG PO TABS,$47.59 
PRAVASTATIN SODIUM 80 MG PO TABS,$47.54 
BUPROPION HCL ER (XL) 150 MG PO TB24,$47.34 
PRAVASTATIN SODIUM 40 MG PO TABS,$47.32 
PRAVASTATIN SODIUM 40 MG PO TABS,$47.32 
BUPROPION HCL ER (XL) 300 MG PO TB24,$47.29 
LAMOTRIGINE 100 MG PO TABS,$47.13 
NEFAZODONE HCL 50 MG PO TABS,$46.51 
FAMOTIDINE 40 MG PO TABS,$46.48 
B & B S-10 SWIMMER SUPPORTER MISC,$46.46 
CINACALCET HCL 7.5 MG (1/4 X 30 MG) PO TABS,$46.26 
CONSULT PHARMACY MED INTERMEDIATE,$46.10 
ZOLPIDEM TARTRATE 5 MG PO TABS,$45.89 
LOSARTAN POTASSIUM-HCTZ 100-25 MG PO TABS,$45.87 
ISOMETHEPTENE-DICHLORAL-APAP 65-100-325 MG PO CAPS,$45.74 
CIPROFLOXACIN HCL 250 MG PO TABS,$45.64 
PYRIDOSTIGMINE BROMIDE 30 MG (1/2 X 60 MG) PO TABS,$45.30 
RISPERIDONE 1 MG PO TABS,$45.14 
ENTACAPONE 200 MG PO TABS,$45.12 
NATEGLINIDE 120 MG PO TABS,$44.62 
PIROXICAM 20 MG PO CAPS,$44.61 
TACROLIMUS 1 MG PO CAPS,$44.36 
PROMETHAZINE HCL 25 MG PR SUPP,$44.24 
GEMFIBROZIL 600 MG PO TABS,$44.09 
OXYCODONE HCL ER 10 MG PO T12A,$43.90 
AMIODARONE 150 MG IN D5W 100 ML IVPB,$43.79 
CEFPROZIL 250 MG PO TABS,$43.59 
CELECOXIB 100 MG PO CAPS,$43.47 
ETIDRONATE DISODIUM 200 MG PO TABS,$43.04 
ESCITALOPRAM OXALATE 10 MG PO TABS,$43.03 
PRAZOSIN HCL 5 MG PO CAPS,$42.92 
CHLORPROMAZINE HCL 10 MG PO TABS,$42.84 
LUBIPROSTONE 8 MCG PO CAPS,$42.82 
THEOPHYLLINE ER 300 MG PO TB12,$42.80 
ACETAZOLAMIDE ER 500 MG PO CP12,$42.74 
VALSARTAN-HYDROCHLOROTHIAZIDE 160-12.5 MG PO TABS,$42.64 
SOTALOL HCL 160 MG PO TABS,$42.60 
RISPERIDONE 0.5 MG PO TABS,$42.58 
MESALAMINE 400 MG PO CPDR,$42.39 
RIVASTIGMINE TARTRATE 1.5 MG PO CAPS,$42.31 
RIVASTIGMINE TARTRATE 3 MG PO CAPS,$42.31 
SEVELAMER HCL 400 MG PO TABS,$42.22 
CYCLOSPORINE 25 MG PO CAPS,$42.20 
TAMSULOSIN HCL 0.4 MG PO CAPS,$41.98 
VENLAFAXINE HCL ER 75 MG PO CP24,$41.86 
LIDOCAINE 4 % EX PTCH,$41.83 
ACETAZOLAMIDE 250 MG PO TABS,$41.78 
DONEPEZIL HCL 2.5 MG (1/2 X 5 MG) PO TABS,$41.60 
CANDESARTAN CILEXETIL 32 MG PO TABS,$41.58 
EPLERENONE 25 MG PO TABS,$41.57 
COLESEVELAM HCL 625 MG PO TABS,$41.55 
VENLAFAXINE HCL ER 37.5 MG PO CP24,$41.55 
LAMOTRIGINE 25 MG PO TABS,$41.51 
BUPRENORPHINE HCL 2 MG SL SUBL,$41.32 
ESCITALOPRAM OXALATE 5 MG PO TABS,$41.30 
CEFAZOLIN SODIUM 1 G IJ SOLR,$41.13 
MERCAPTOPURINE 50 MG PO TABS,$40.85 
HYDROXYCHLOROQUINE SULFATE 200 MG PO TABS,$40.83 
DEXTROAMPHETAMINE SULFATE ER 5 MG PO CP24,$40.47 
PROGESTERONE MICRONIZED 200 MG PO CAPS,$40.47 
FLECAINIDE ACETATE 100 MG PO TABS,$40.13 
QUETIAPINE FUMARATE 25 MG PO TABS,$39.95 
QUETIAPINE FUMARATE 6.25 MG (1/4 X 25 MG) PO TABS,$39.95 
MYCOPHENOLATE MOFETIL 250 MG PO CAPS,$39.64 
VALSARTAN-HYDROCHLOROTHIAZIDE 80-12.5 MG PO TABS,$39.35 
RISPERIDONE 0.25 MG PO TABS,$38.97 
AMOXICILLIN-POT CLAVULANATE 500-125 MG PO TABS,$37.95 
SEVELAMER CARBONATE 800 MG PO TABS,$37.92 
METOLAZONE 5 MG PO TABS,$37.90 
DOXAZOSIN MESYLATE 1 MG PO TABS,$37.76 
BROMOCRIPTINE MESYLATE 2.5 MG PO TABS,$37.66 
CEFOTAXIME SODIUM 1 G IJ SOLR,$37.61 
AMIODARONE HCL 50 MG (1/2 X 100 MG) PO TABS,$37.28 
AZITHROMYCIN 125 MG (1/2 X 250 MG) PO TABS,$37.14 
IRBESARTAN 300 MG PO TABS,$37.07 
IRBESARTAN 300 MG PO TABS,$37.07 
ACYCLOVIR 800 MG PO TABS,$36.82 
REPAGLINIDE 1 MG PO TABS,$36.76 
MESALAMINE ER 250 MG PO CPCR,$36.59 
GLYBURIDE MICRONIZED 3 MG PO TABS,$36.45 
VALACYCLOVIR HCL 250 MG (1/2 X 500 MG) PO TABS,$36.30 
PANCRELIPASE (LIP-PROT-AMYL) 10500 UNITS PO CPEP,$36.22 
DIVALPROEX SODIUM 500 MG PO TBEC,$36.20 
OXYCODONE HCL 30 MG PO TABS,$36.08 
LAMIVUDINE 75 MG (1/2 X 150 MG) PO TABS,$36.00 
WARFARIN SODIUM 6 MG PO TABS,$35.97 
ROSUVASTATIN CALCIUM 2.5 MG (1/2 X 5 MG) PO TAB,$35.92 
THEOPHYLLINE ER 200 MG PO CP24,$35.84 
NORETHIN ACE-ETH ESTRAD-FE 1-20 MG-MCG(24) PO TABS,$35.78 
INSPIREASE BAGS MISC,$35.75 
ZANAMIVIR 5 MG/BLISTER IN AEPB,$35.62 
NIFEDIPINE ER 90 MG PO TB24,$35.60 
PANCRELIPASE (LIP-PROT-AMYL) 10440 UNITS PO TABS,$35.49 
MELOXICAM 7.5 MG PO TABS,$35.42 
PANCRELIPASE (LIP-PROT-AMYL) 12000 UNITS PO CPEP,$35.37 
PIOGLITAZONE HCL 7.5 MG (1/2 X 15 MG) PO TABS,$35.24 
MEXILETINE HCL 250 MG PO CAPS,$35.22 
CITALOPRAM HYDROBROMIDE 40 MG PO TABS,$35.16 
LABETALOL HCL 200 MG PO TABS,$35.12 
T.E.D. KNEE LENGTH/M-REGULAR MISC,$34.92 
T.E.D. KNEE LENGTH/S-REGULAR MISC,$34.92 
CLOZAPINE 100 MG PO TABS,$34.55 
MINOCYCLINE HCL 100 MG PO CAPS,$34.26 
RUFINAMIDE 100 MG (1/2 X 200 MG) PO TABS,$34.14 
MORPHINE SULFATE ER 30 MG PO TBCR,$34.09 
NITROFURANTOIN MACROCRYSTAL 100 MG PO CAPS,$34.09 
DISOPYRAMIDE PHOSPHATE 150 MG PO CAPS,$34.06 
IRBESARTAN 150 MG PO TABS,$33.88 
TIAGABINE HCL 2 MG (1/2 X 4 MG) PO TABS,$33.79 
TOLTERODINE TARTRATE 1 MG PO TABS,$33.75 
AMINOCAPROIC ACID 500 MG PO TABS,$33.67 
FINASTERIDE 5 MG PO TABS,$33.63 
REPAGLINIDE 2 MG PO TABS,$33.62 
METOLAZONE 2.5 MG PO TABS,$33.58 
MIGLITOL 25 MG PO TABS,$33.29 
OXYBUTYNIN CHLORIDE ER 10 MG PO TB24,$33.26 
OXYBUTYNIN CHLORIDE ER 5 MG PO TB24,$33.18 
CEFTRIAXONE SODIUM 500 MG IJ SOLR,$33.04 
PRAVASTATIN SODIUM 20 MG PO TABS,$32.87 
RIFAMPIN 150 MG PO CAPS,$32.78 
NICARDIPINE HCL 30 MG PO CAPS,$32.31 
OMEPRAZOLE 20 MG PO CPDR,$32.24 
KETOCONAZOLE 200 MG PO TABS,$32.00 
NITROGLYCERIN 0.6 MG/HR TD PT24,$31.94 
MONTELUKAST SODIUM 2 MG (1/2 X 4 MG) PO CHEW,$31.84 
CORTISONE ACETATE 25 MG PO TABS,$31.67 
METHOTREXATE 1.25 MG (1/2 X 2.5 MG) PO TABS,$31.62 
LOSARTAN POTASSIUM 100 MG PO TABS,$31.26 
IRBESARTAN 150 MG PO TABS,$31.16 
CANDESARTAN CILEXETIL 16 MG PO TABS,$31.01 
CANDESARTAN CILEXETIL 8 MG PO TABS,$31.01 
INDINAVIR SULFATE 400 MG PO CAPS,$30.91 
TORSEMIDE 100 MG PO TABS,$30.86 
LIOTHYRONINE SODIUM 25 MCG PO TABS,$30.69 
LAMOTRIGINE 75 MG (1/2 X 150 MG) PO TABS,$30.39 
ZAFIRLUKAST 20 MG PO TABS,$30.39 
SELEGILINE HCL 5 MG PO TABS,$30.12 
PRAMIPEXOLE DIHYDROCHLORIDE 0.25 MG PO TABS,$30.00 
PRAMIPEXOLE DIHYDROCHLORIDE 0.5 MG PO TABS,$29.97 
PRAMIPEXOLE DIHYDROCHLORIDE 1 MG PO TABS,$29.97 
COLCHICINE 0.3 MG (1/2 X 0.6 MG) PO TABS,$29.90 
AZITHROMYCIN 250 MG PO TABS,$29.77 
IRBESARTAN 75 MG PO TABS,$29.72 
DEXTROAMPHETAMINE SULFATE 5 MG PO TABS,$29.53 
PRAVASTATIN SODIUM 10 MG PO TABS,$29.46 
AMLODIPINE BESY-BENAZEPRIL HCL 5-20 MG PO CAPS,$29.14 
DISOPYRAMIDE PHOSPHATE 100 MG PO CAPS,$29.12 
NICOTINE 7 MG/24HR TD PT24,$29.11 
SERTRALINE HCL 25 MG PO TABS,$29.03 
CLORAZEPATE DIPOTASSIUM 7.5 MG PO TABS,$29.00 
MONTELUKAST SODIUM 2.5 MG (1/2 X 5 MG) PO CHEW,$28.86 
PIMOZIDE 2 MG PO TABS,$28.76 
PAROXETINE HCL 10 MG PO TABS,$28.71 
FLUCONAZOLE 25 MG (1/2 X 50 MG) PO TABS,$28.48 
SIMVASTATIN 10 MG PO TABS,$28.47 
OXCARBAZEPINE 300 MG PO TABS,$28.45 
POLYETHYLENE GLYCOL 3350 PO PACK,$28.42 
DOXYCYCLINE HYCLATE 50 MG (1/2 X 100 MG) PO TABS,$28.26 
NITROFURANTOIN MACROCRYSTAL 50 MG PO CAPS,$28.24 
MONTELUKAST SODIUM 5 MG (1/2 X 10 MG) PO TABS,$28.13 
DAPSONE 25 MG PO TABS,$27.99 
PAROXETINE HCL 30 MG PO TABS,$27.90 
GALANTAMINE HYDROBROMIDE 4 MG PO TABS,$27.79 
FELODIPINE ER 10 MG PO TB24,$27.77 
MIRTAZAPINE 15 MG PO TABS,$27.77 
SERTRALINE HCL 100 MG PO TABS,$27.74 
SERTRALINE HCL 50 MG PO TABS,$27.74 
MIDODRINE HCL 5 MG PO TABS,$27.72 
AMLODIPINE BESY-BENAZEPRIL HCL 5-10 MG PO CAPS,$27.69 
MIRTAZAPINE 15 MG PO TABS,$27.63 
PHENAZOPYRIDINE HCL 100 MG PO TABS,$27.63 
CITALOPRAM HYDROBROMIDE 20 MG PO TABS,$27.54 
DILTIAZEM HCL ER COATED BEADS 300 MG PO CP24,$27.44 
MIRTAZAPINE 30 MG PO TBDP,$27.40 
BETHANECHOL CHLORIDE 25 MG PO TABS,$27.34 
AMANTADINE HCL 100 MG PO CAPS,$27.15 
FELBAMATE 200 MG (1/2 X 400 MG) PO TABS,$27.01 
LEVETIRACETAM 250 MG PO TABS,$27.01 
DILTIAZEM HCL ER COATED BEADS 300 MG PO CP24,$26.99 
MIRTAZAPINE 7.5 MG PO TABS,$26.99 
FLUVOXAMINE MALEATE 100 MG PO TABS,$26.91 
FLUOXETINE HCL 10 MG PO CAPS,$26.66 
MIRTAZAPINE 15 MG PO TBDP,$26.65 
FLUVOXAMINE MALEATE 50 MG PO TABS,$26.43 
SOTALOL HCL 80 MG PO TABS,$26.31 
AMITRIPTYLINE HCL 100 MG PO TABS,$26.11 
CHLORPROPAMIDE 250 MG PO TABS,$26.11 
MEXILETINE HCL 150 MG PO CAPS,$26.07 
VERAPAMIL HCL ER 240 MG PO TBCR,$26.06 
TOPIRAMATE 25 MG PO TABS,$25.97 
PRAZOSIN HCL 2 MG PO CAPS,$25.95 
NALTREXONE HCL 25MG (1/2 50MG) PO TABS,$25.92 
NALTREXONE HCL 50 MG PO TABS,$25.92 
ROPINIROLE HCL 1 MG PO TABS,$25.77 
BENZONATATE 100 MG PO CAPS,$25.75 
ROPINIROLE HCL 0.5 MG PO TABS,$25.74 
ROPINIROLE HCL 2 MG PO TABS,$25.73 
PRAVASTATIN SODIUM 20 MG PO TABS,$25.68 
CETIRIZINE HCL 5 MG PO TABS,$25.67 
SOTALOL HCL 40 MG (1/2 X 80 MG) PO TABS,$25.63 
FLUOXETINE HCL 20 MG PO CAPS,$25.57 
NIFEDIPINE ER 60 MG PO TB24,$25.56 
BACLOFEN 10 MG PO TABS,$25.45 
DIVALPROEX SODIUM ER 250 MG PO TB24,$25.30 
CITALOPRAM HYDROBROMIDE 10 MG PO TABS,$25.20 
CITALOPRAM HYDROBROMIDE 10 MG PO TABS,$25.03 
LAMINARIA,$25.00 
TOPIRAMATE 15 MG PO CPSP,$24.95 
THEOPHYLLINE ER 100 MG PO CP24,$24.75 
TO GO TRAMADOL 50 MG #3 TABS,$24.66 
PROPRANOLOL HCL ER 80 MG PO CP24,$24.63 
THIOTHIXENE 5 MG PO CAPS,$24.60 
ISOSORBIDE DINITRATE ER 40 MG PO TBCR,$24.55 
LOVASTATIN 20 MG PO TABS,$24.52 
SULFASALAZINE 500 MG PO TBEC,$24.45 
PAROXETINE HCL 40 MG PO TABS,$24.06 
VERAPAMIL HCL ER 120 MG PO TBCR,$23.98 
ZOLPIDEM TARTRATE 2.5 MG (1/2 X 5 MG) PO TABS,$23.95 
NIFEDIPINE 20 MG PO CAPS,$23.85 
CIPROFLOXACIN HCL 125 MG (1/2 X 250 MG) PO TABS,$23.80 
LOSARTAN POTASSIUM-HCTZ 50-12.5 MG PO TABS,$23.70 
LABETALOL HCL 100 MG PO TABS,$23.64 
PYRIDOSTIGMINE BROMIDE 15 MG (1/4 X 60 MG) PO TABS,$23.62 
ENTACAPONE 100 MG (1/2 X 200 MG) PO TABS,$23.54 
LOSARTAN POTASSIUM 50 MG PO TABS,$23.47 
AMLODIPINE BESYLATE 10 MG PO TABS,$23.40 
LOSARTAN POTASSIUM 50 MG PO TABS,$23.35 
CETIRIZINE HCL 10 MG PO TABS,$23.32 
ETHOSUXIMIDE 250 MG PO CAPS,$23.17 
TACROLIMUS 0.5 MG PO CAPS,$23.16 
NICARDIPINE HCL 20 MG PO CAPS,$23.15 
CONSULT PHARMACY MED BRIEF,$23.05 
GEMFIBROZIL 300 MG (1/2 X 600 MG) PO TABS,$23.03 
VENLAFAXINE HCL 75 MG PO TABS,$22.73 
PROPRANOLOL HCL ER 60 MG PO CP24,$22.69 
ACETAZOLAMIDE 125 MG PO TABS,$22.68 
NITROGLYCERIN 0.4 MG/HR TD PT24,$22.62 
ETIDRONATE DISODIUM 100 MG (1/2 X 200 MG) PO TABS,$22.54 
SPIRONOLACTONE-HCTZ 25-25 MG PO TABS,$22.49 
DIVALPROEX SODIUM 125 MG PO CSDR,$22.46 
LEVORPHANOL TARTRATE 2 MG PO TABS,$22.31 
CARVEDILOL 12.5 MG PO TABS,$22.27 
CARVEDILOL 25 MG PO TABS,$22.27 
CARVEDILOL 6.25 MG PO TABS,$22.27 
OLMESARTAN MEDOXOMIL 10 MG (1/2 X 20 MG) PO TABS,$22.26 
NICOTINE 14 MG/24HR TD PT24,$22.24 
NICOTINE 21 MG/24HR TD PT24,$22.24 
IRBESARTAN 75 MG (1/2 X 150 MG) PO TABS,$22.11 
CARVEDILOL 3.125 MG PO TABS,$21.93 
PROGESTERONE MICRONIZED 100 MG PO CAPS,$21.92 
LAMOTRIGINE 12.5 MG (1/2 X 25 MG) PO TABS,$21.73 
BUPRENORPHINE HCL 1 MG (1/2 OF 2 MG) SL SUBL,$21.64 
ESCITALOPRAM OXALATE 2.5 MG (1/2 X 5 MG) PO TAB,$21.63 
VENLAFAXINE HCL 50 MG PO TABS,$21.55 
PIOGLITAZONE HCL 45 MG PO TABS,$21.54 
AMPHETAMINE-DEXTROAMPHETAMINE 5 MG PO TABS,$21.51 
ISOSORBIDE MONONITRATE ER 60 MG PO TB24,$21.51 
MERCAPTOPURINE 25 MG (1/2 X 50 MG) PO TABS,$21.45 
TO GO OXYCODONE 5 MG IMMED RELEASE TAB/CAP,$21.26 
LEUCOVORIN CALCIUM 5 MG PO TABS,$21.22 
ROPINIROLE HCL 0.125 MG (1/2 X 0.25 MG) PO TABS,$21.21 
FOSINOPRIL SODIUM 10 MG PO TABS,$21.19 
FOSINOPRIL SODIUM 20 MG PO TABS,$21.19 
FOSINOPRIL SODIUM 40 MG PO TABS,$21.19 
FLECAINIDE ACETATE 50 MG PO TABS,$21.16 
BUSPIRONE HCL 15 MG PO TABS,$21.15 
DIFLUNISAL 500 MG PO TABS,$21.11 
CEFTRIAXONE SODIUM 250 MG IJ SOLR,$21.06 
HYDROCORTISONE 10 MG PO TABS,$21.04 
VENLAFAXINE HCL 37.5 MG PO TABS,$20.97 
QUETIAPINE FUMARATE 12.5 MG (1/2 X 25 MG) PO TABS,$20.95 
ISRADIPINE 5 MG PO CAPS,$20.93 
RESOURCE GLUTASOLVE PO PACK,$20.87 
ZONISAMIDE 100 MG PO CAPS,$20.73 
VITAMIN D2 (ERGOCALCIFEROL)50000 UNIT PO CAPS,$20.70 
VALSARTAN 20 MG (1/2 X 40 MG) PO TABS,$20.67 
BUPROPION HCL 100 MG PO TABS,$20.63 
ATORVASTATIN CALCIUM 80 MG PO TABS,$20.60 
RISPERIDONE 0.125 MG (1/2 X 0.25 MG) PO TABS,$20.50 
NAPROXEN 500 MG PO TBEC,$20.48 
ENALAPRIL MALEATE 10 MG PO TABS,$20.44 
VENLAFAXINE HCL 25 MG PO TABS,$20.43 
BUPROPION HCL ER (SR) 150 MG PO TB12,$20.37 
RAMIPRIL 2.5 MG PO CAPS,$20.37 
CALCITRIOL 0.5 MCG PO CAPS,$20.34 
LOXAPINE SUCCINATE 25 MG PO CAPS,$20.26 
MISOPROSTOL 200 MCG PO TABS,$20.21 
AMITRIPTYLINE HCL 75 MG PO TABS,$20.10 
NITROGLYCERIN 0.2 MG/HR TD PT24,$20.04 
TRIFLUOPERAZINE HCL 10 MG PO TABS,$20.04 
RAMIPRIL 5 MG PO CAPS,$19.97 
ACYCLOVIR 400 MG PO TABS,$19.89 
BROMOCRIPTINE MESYLATE 1.25 MG (1/2 X 2.5 MG) PO TABS,$19.83 
MORPHINE SULFATE ER 15 MG PO TBCR,$19.75 
CAPTOPRIL 25 MG PO TABS,$19.67 
NITROGLYCERIN 0.1 MG/HR TD PT24,$19.63 
AMIODARONE HCL 25 MG (1/4 X 100) PO TABS,$19.62 
MEPROBAMATE 400 MG PO TABS,$19.36 
CILOSTAZOL 100 MG PO TABS,$19.31 
CILOSTAZOL 50 MG PO TABS,$19.31 
ESTROGENS CONJUGATED 0.15 MG (1/2 X 0.3 MG) PO TABS,$19.22 
PILOCARPINE HCL 5 MG PO TABS,$19.20 
PRAZOSIN HCL 1 MG PO CAPS,$19.18 
DILTIAZEM HCL ER COATED BEADS 180 MG PO CP24,$19.13 
DULOXETINE HCL 20 MG PO CPEP,$19.07 
RACEPINEPHRINE HCL 2.25 % IN NEBU,$19.07 
PINDOLOL 10 MG PO TABS,$19.05 
HALOPERIDOL 10 MG PO TABS,$19.00 
CARBAMAZEPINE ER 100 MG PO CP12,$18.94 
CARBAMAZEPINE ER 100 MG PO CP12,$18.94 
CARBAMAZEPINE ER 200 MG PO CP12,$18.94 
CARBAMAZEPINE ER 300 MG PO CP12,$18.94 
DEXAMETHASONE 6 MG PO TABS,$18.92 
DICLOFENAC SODIUM 75 MG PO TBEC,$18.82 
DIVALPROEX SODIUM 250 MG PO TBEC,$18.71 
MONTELUKAST SODIUM 2.5 MG(1/4 X 10 MG) PO TABS,$18.69 
PANCRELIPASE (LIP-PROT-AMYL) 6000 UNITS PO CPEP,$18.67 
CARBIDOPA-LEVODOPA ER 50-200 MG PO TBCR,$18.52 
PROPRANOLOL HCL 60 MG PO TABS,$18.52 
FAMOTIDINE 20 MG PO TABS,$18.50 
AMLODIPINE BESYLATE 2.5 MG PO TABS,$18.39 
CAPTOPRIL 12.5 MG PO TABS,$18.27 
AMPHETAMINE-DEXTROAMPHETAMINE 20 MG PO TABS,$18.25 
BUTALBITAL-ASPIRIN-CAFFEINE 50-325-40 MG PO CAPS,$18.12 
MINOCYCLINE HCL 50 MG PO CAPS,$18.11 
NADOLOL 10 MG ( 1/2 X 20 MG) PO TABS,$18.09 
RUFINAMIDE 50 MG (1/4 X 200 MG) PO TABS,$18.05 
BUPROPION HCL ER (SR) 100 MG PO TB12,$18.01 
BUTALBITAL-APAP-CAFFEINE 50-325-40 MG PO TABS,$18.00 
MINOXIDIL 10 MG PO TABS,$18.00 
ISOSORBIDE MONONITRATE ER 30 MG PO TB24,$17.90 
METOPROLOL XL TBCR 100 MG OR,$17.88 
AMINOCAPROIC ACID 250 MG (1/2 X 500 MG) PO TABS,$17.81 
FINASTERIDE 2.5 MG (1/2 X 5 MG) PO TABS,$17.79 
METOLAZONE 1.25 MG (1/2 X 2.5 MG) PO TABS,$17.77 
RESERPINE 0.25 MG PO TABS,$17.61 
AMLODIPINE BESYLATE 5 MG PO TABS,$17.57 
CYCLOBENZAPRINE HCL 2.5 MG (1/2 X 5 MG) PO TABS,$17.56 
CYCLOBENZAPRINE HCL 5 MG PO TABS,$17.56 
NEOMYCIN SULFATE 500 MG PO TABS,$17.43 
METHAZOLAMIDE 25 MG (1/2 X 50 MG) PO TABS,$17.40 
NABUMETONE 750 MG PO TABS,$17.40 
TRIFLUOPERAZINE HCL 5 MG PO TABS,$17.38 
CLOTRIMAZOLE 10 MG MT TROC,$17.24 
TERAZOSIN HCL 5 MG PO CAPS,$17.22 
NEBIVOLOL 2.5 MG ( 1/2 X 5 MG) PO TABS,$17.21 
TERAZOSIN HCL 1 MG PO CAPS,$17.21 
AMLODIPINE BESYLATE 0.625 MG (1/4 X 2.5 MG) PO TABS,$17.10 
BUSPIRONE HCL 7.5 MG PO TABS,$16.98 
KETOCONAZOLE 100 MG (1/2 X 200 MG) PO TABS,$16.98 
DILTIAZEM HCL 60 MG PO TABS,$16.85 
CORTISONE ACETATE 12.5 MG (1/2 X 25 MG) PO TABS,$16.82 
INDAPAMIDE 2.5 MG PO TABS,$16.69 
BUPROPION HCL 75 MG PO TABS,$16.66 
DIPYRIDAMOLE 25 MG PO TABS,$16.60 
IRBESARTAN 37.5 MG (1/4 X 150 MG) PO TABS,$16.56 
ACYCLOVIR 200 MG PO CAPS,$16.49 
OXCARBAZEPINE 150 MG PO TABS,$16.46 
FELODIPINE ER 2.5 MG PO TB24,$16.32 
FELODIPINE ER 5 MG PO TB24,$16.32 
DESMOPRESSIN ACETATE 0.05 MG (1/2 X 0.1 MG) PO TABS,$16.31 
ASPIRIN 600 MG PR SUPP,$16.29 
METAXALONE 200 MG (1/4 X 800 MG) PO TABS,$16.19 
NITROGLYCERIN 0.4 MG SL SUBL,$16.18 
ATENOLOL 100 MG PO TABS,$16.15 
PANCRELIPASE (LIP-PROT-AMYL) 3000-9500 UNITS PO CPEP,$16.07 
SELEGILINE HCL 2.5 MG (1/2 X 5 MG) PO TABS,$16.04 
SPIRONOLACTONE 100 MG PO TABS,$16.00 
TIZANIDINE HCL 4 MG PO TABS,$15.88 
ASPIRIN 300 MG PR SUPP,$15.82 
ENALAPRIL MALEATE 2.5 MG PO TABS,$15.81 
OXAZEPAM 15 MG PO CAPS,$15.79 
PRAVASTATIN SODIUM 5 MG (1/2 X 10 MG) PO TABS,$15.74 
PANCRELIPASE (LIP-PROT-AMYL) 4200 UNITS PO CPEP,$15.65 
SULFAMETHOXAZOLE-TRIMETHOPRIM 800-160 MG PO TABS,$15.65 
TO GO SULFAMETHOX/TMP #4 800-160 TABS,$15.65 
VERAPAMIL HCL ER 180 MG PO TBCR,$15.64 
ETODOLAC 200 MG PO CAPS,$15.62 
PYRAZINAMIDE 250 MG (1/2 X 500 MG) PO TABS,$15.55 
MEPERIDINE HCL 50 MG PO TABS,$15.54 
METHYLPREDNISOLONE 4 MG PO TABS,$15.54 
DICLOFENAC SODIUM 25 MG PO TBEC,$15.47 
DIGOXIN 125 MCG PO TABS,$15.47 
NATEGLINIDE 30 MG (1/2 X 60 MG) PO TABS,$15.47 
PAROXETINE HCL 5 MG (1/2 X 10 MG) PO TABS,$15.33 
BISOPROLOL FUMARATE 10 MG PO TABS,$15.29 
MEPROBAMATE 200 MG PO TABS,$15.26 
ISOSORBIDE DINITRATE 5 MG PO TABS,$15.24 
NIFEDIPINE ER 30 MG PO TB24,$15.21 
PHENYTOIN 50 MG PO CHEW,$15.16 
CEPHALEXIN 500 MG PO CAPS,$15.04 
CYCLOSPORINE MODIFIED 25 MG PO CAPS,$15.03 
METFORMIN HCL 1000 MG PO TABS,$15.00 
NEEDLE-PRO SYR INSULIN 1 ML,$14.98 
OXYCODONE-ACETAMINOPHEN 5-325 MG PO TABS,$14.97 
ISRADIPINE 2.5 MG PO CAPS,$14.93 
THEOPHYLLINE ER 400 MG PO TB24,$14.86 
FLUPHENAZINE HCL 5 MG PO TABS,$14.79 
BUSPIRONE HCL 10 MG PO TABS,$14.74 
BETHANECHOL CHLORIDE 12.5 MG (1/2 X 25 MG) PO TABS,$14.65 
CLOZAPINE 25 MG PO TABS,$14.53 
LORAZEPAM 2 MG PO TABS,$14.50 
MIRTAZAPINE 3.75 MG (1/2 X 7.5 MG) PO TABS,$14.48 
GLYCOPYRROLATE 1 MG PO TABS,$14.44 
AZATHIOPRINE 50 MG PO TABS,$14.42 
PHENTERMINE HCL 30 MG PO CAPS,$14.24 
AMILORIDE HCL 5 MG PO TABS,$14.22 
TRIFLUOPERAZINE HCL 2 MG PO TABS,$14.21 
ISONIAZID 300 MG PO TABS,$14.20 
FLUVOXAMINE MALEATE 25 MG (1/2 X 50 MG) PO TABS,$14.19 
CLORAZEPATE DIPOTASSIUM 3.75 MG PO TABS,$14.17 
DANTROLENE SODIUM 25 MG PO CAPS,$14.16 
PHENYTOIN SODIUM EXTENDED 30 MG PO CAPS,$14.10 
TOPIRAMATE 12.5 MG (1/2 X 25 MG) PO TABS,$14.10 
CHLORPROPAMIDE 125 MG (1/2 X 250 MG) PO TABS,$14.03 
CARBIDOPA-LEVODOPA 25-100 MG PO TABS,$14.00 
LOSARTAN POTASSIUM-HCTZ 25-6.25 MG (1/2 X 50-12.5 MG) PO TABS,$13.85 
SOTALOL HCL 20 MG (1/4 X 80 MG) PO TABS,$13.77 
ENALAPRIL MALEATE 5 MG PO TABS,$13.71 
GLIMEPIRIDE 2 MG PO TABS,$13.65 
GLIMEPIRIDE 4 MG PO TABS,$13.63 
QUINAPRIL HCL 10 MG PO TABS,$13.58 
QUINAPRIL HCL 40 MG PO TABS,$13.58 
QUINAPRIL HCL 20 MG PO TABS,$13.57 
QUINAPRIL HCL 5 MG PO TABS,$13.57 
BISOPROLOL FUMARATE 5 MG PO TABS,$13.55 
CITALOPRAM HYDROBROMIDE 5 MG (1/2 X 10MG) PO TABS,$13.50 
CARBIDOPA-LEVODOPA 10-100 MG PO TABS,$13.49 
CALCITRIOL 0.25 MCG PO CAPS,$13.46 
ACARBOSE 50 MG PO TABS,$13.45 
CHLORTHALIDONE 25 MG PO TABS,$13.43 
MIDODRINE HCL 2.5 MG PO TABS,$13.37 
BENZTROPINE MESYLATE 0.5 MG PO TABS,$13.36 
METFORMIN HCL 850 MG PO TABS,$13.36 
METFORMIN HCL ER 750 MG PO TB24,$13.33 
RESERPINE 0.1 MG PO TABS,$13.30 
ISOSORBIDE DINITRATE 20 MG PO TABS,$13.29 
PENICILLIN V POTASSIUM 250 MG PO TABS,$13.27 
PHENOBARBITAL 97.2 MG PO TABS,$13.27 
DEXAMETHASONE 4 MG PO TABS,$13.26 
HYDROCORTISONE 5 MG PO TABS,$13.25 
THIOTHIXENE 1 MG PO CAPS,$13.25 
CLONAZEPAM 2 MG PO TABS,$13.21 
MONTELUKAST SODIUM 2.5 MG(1/4 X 10 MG) PO TABS,$13.08 
DOXEPIN HCL 50 MG PO CAPS,$13.06 
PENICILLIN V POTASSIUM 500 MG PO TABS,$13.05 
AMITRIPTYLINE HCL 50 MG PO TABS,$13.04 
PERPHENAZINE 2 MG PO TABS,$13.02 
ZOLPIDEM TARTRATE 1.25 MG (1/4 X 5 MG) PO TABS,$12.98 
MAPROTILINE HCL 25 MG PO TABS,$12.92 
CIPROFLOXACIN HCL 62.5 MG (1/4 X 250 MG) PO TABS,$12.88 
BISOPROLOL-HYDROCHLOROTHIAZIDE 10-6.25 MG PO TABS,$12.81 
BISOPROLOL-HYDROCHLOROTHIAZIDE 2.5-6.25 MG PO TABS,$12.81 
LABETALOL HCL 50 MG (1/2 X 100 MG) PO TABS,$12.80 
ALUM SULFATE-CA ACETATE EX PACK,$12.72 
CARBAMAZEPINE 200 MG PO TABS,$12.59 
HYDROXYZINE HCL 50 MG PO TABS,$12.55 
METOPROLOL SUCCINATE ER 25 MG PO TB24,$12.55 
METOPROLOL XL TBCR 50 MG OR,$12.55 
SACCHAROMYCES BOULARDII 250 MG PO CAPS,$12.55 
HYDROXYUREA 500 MG PO CAPS,$12.45 
HYOSCYAMINE SULFATE 0.125 MG SL SUBL,$12.37 
ACETAZOLAMIDE 62.5 MG (1/2 X 125 MG) PO TABS,$12.32 
PAIN-EASE SPRAY FOR IV THERAPY,$12.32 
HYDROCORTISONE 20 MG PO TABS,$12.29 
ISOSORBIDE DINITRATE 10 MG PO TABS,$12.26 
DEXMETHYLPHENIDATE HCL 5 MG PO TABS,$12.24 
ZAFIRLUKAST 10 MG (1/2 X 20 MG) PO TABS,$12.23 
GLYBURIDE MICRONIZED 6 MG PO TABS,$12.17 
NIFEDIPINE 10 MG PO CAPS,$12.11 
NIFEDIPINE 10 MG/ 0.34 ML CAP PEDIATRICS,$12.11 
OLMESARTAN MEDOXOMIL 5 MG (1/4 X 20 MG) PO TABS,$12.11 
CYPROHEPTADINE HCL 4 MG PO TABS,$12.10 
LISINOPRIL 20 MG PO TABS,$12.07 
CARVEDILOL 1.5625 (1/2 X 3.125 MG) PO TABS,$11.95 
XEROFORM PETROLATUM DRESSING EX PADS 5X9,$11.93 
PROCHLORPERAZINE MALEATE 5 MG PO TABS,$11.91 
MEGESTROL ACETATE 40 MG PO TABS,$11.90 
METHYLPHENIDATE HCL 10 MG PO TABS,$11.86 
T.E.D. THIGH LENGTH/M-REGULAR MISC,$11.84 
AMPHETAMINE-DEXTROAMPHETAMINE 2.5 MG (1/2 X 5 MG) PO TABS,$11.74 
CALCIUM ACETATE 667 MG PO CAPS,$11.72 
HALOPERIDOL 5 MG PO TABS,$11.69 
MERCAPTOPURINE 12.5 MG (1/4 X 50 MG) PO TABS,$11.65 
LEUCOVORIN CALCIUM 2.5 MG (1/2 X 5 MG) PO TABS,$11.58 
FLECAINIDE ACETATE 25 MG (1/2 X 50 MG) PO TABS,$11.56 
ACEBUTOLOL HCL 200 MG PO CAPS,$11.53 
BUMETANIDE 0.5 MG PO TABS,$11.43 
WARFARIN SODIUM 10 MG PO TABS,$11.43 
PRIMIDONE 250 MG PO TABS,$11.42 
HYOSCYAMINE SULFATE ER 0.375 MG PO TB12,$11.35 
NAPROXEN 375 MG PO TABS,$11.34 
VALSARTAN 10 MG (1/4 X 40 MG) PO TABS,$11.31 
PERPHENAZINE 1 MG (1/2 X 2 MG) PO TABS,$11.30 
PROBENECID 500 MG PO TABS,$11.30 
PROCHLORPERAZINE MALEATE 10 MG PO TABS,$11.19 
VENLAFAXINE HCL 12.5 MG (1/2 X 25 MG) PO TABS,$11.19 
CYCLOBENZAPRINE HCL 10 MG PO TABS,$11.17 
METOCLOPRAMIDE HCL 10 MG PO TABS,$11.05 
POTASSIUM CHLORIDE ER 10 MEQ PO CPCR,$11.04 
WARFARIN SODIUM 7.5 MG PO TABS,$11.03 
MEMANTINE HCL 10 MG PO TABS,$11.02 
THIORIDAZINE HCL 50 MG PO TABS,$11.01 
BENAZEPRIL HCL 10 MG PO TABS,$11.00 
BENAZEPRIL HCL 20 MG PO TABS,$11.00 
DICLOFENAC SODIUM 50 MG PO TBEC,$10.95 
BROMOCRIPTINE MESYLATE 0.625 MG (1/4 X 2.5 MG) PO TABS,$10.89 
ETHAMBUTOL HCL 400 MG PO TABS,$10.85 
CARBIDOPA-LEVODOPA ER 25-100 MG PO TBCR,$10.80 
DILTIAZEM HCL ER COATED BEADS 120 MG PO CP24,$10.78 
LORATADINE 10 MG PO TABS,$10.75 
DOXAZOSIN MESYLATE 2 MG PO TABS,$10.74 
THYROID 60 MG PO TABS,$10.68 
HYDROXYZINE HCL 25 MG PO TABS,$10.65 
TRIAMTERENE-HCTZ 75-50 MG PO TABS,$10.61 
MORPHINE SULFATE 15 MG PO TABS,$10.59 
PREDNISONE 1.25 MG (1/2 X 2.5 MG) PO TABS,$10.56 
GLYBURIDE 5 MG PO TABS,$10.55 
BETHANECHOL CHLORIDE 5 MG PO TABS,$10.52 
PROPYLTHIOURACIL 50 MG PO TABS,$10.51 
ALPRAZOLAM 1 MG PO TABS,$10.49 
PROPRANOLOL HCL 80 MG PO TABS,$10.48 
DIVALPROEX SODIUM 125 MG PO TBEC,$10.39 
MORPHINE SULFATE 30 MG PO TABS,$10.34 
NORTRIPTYLINE HCL 25 MG PO CAPS,$10.34 
NAPROXEN 250 MG PO TABS,$10.28 
DIPHENOXYLATE-ATROPINE 2.5-0.025 MG PO TABS,$10.27 
TRIFLUOPERAZINE HCL 1 MG PO TABS,$10.27 
GUANFACINE HCL 1 MG PO TABS,$10.24 
OXAZEPAM 10 MG PO CAPS,$10.23 
AMLODIPINE BESYLATE 1.25 MG (1/2 X 2.5 MG) PO TABS,$10.18 
CARBIDOPA-LEVODOPA 25-250 MG PO TABS,$10.10 
DILTIAZEM HCL 90 MG PO TABS,$10.10 
MECLIZINE HCL 25 MG PO TABS,$10.09 
NADOLOL 5 MG (1/4 X 20 MG) PO TABS,$10.02 
ACETATE ION INJ FOR TPN,$10.00 
CALCIUM ION INJ FOR TPN,$10.00 
MAGNESIUM ION INJ FOR TPN,$10.00 
NAPROXEN SODIUM 275 MG PO TABS,$10.00 
PHOSPHATE ION INJ FOR TPN,$10.00 
POTASSIUM ION INJ FOR TPN,$10.00 
SODIUM ION INJ FOR TPN,$10.00 
DOXEPIN HCL 25 MG PO CAPS,$9.97 
ISOSORBIDE MONONITRATE CR 15 MG (1/2 X 30 MG) PO TB24,$9.93 
LOSARTAN POTASSIUM 12.5 MG (1/2 X 25 MG) PO TABS,$9.93 
LOSARTAN POTASSIUM 12.5 MG (1/2 X 25 MG) PO TABS,$9.93 
THIORIDAZINE HCL 25 MG PO TABS,$9.92 
PENTOXIFYLLINE CR 200 MG (1/2 X 400 MG) PO TABS,$9.90 
CARBIDOPA-LEVODOPA ER 25-100 MG PO TBCR,$9.89 
CYPROHEPTADINE HCL 2 MG (1/2 X 4 MG) PO TABS,$9.89 
PHENELZINE SULFATE 15 MG PO TABS,$9.89 
AMINOCAPROIC ACID 125 MG (1/4 X 500 MG) PO TABS,$9.88 
METRONIDAZOLE 500 MG PO TABS,$9.83 
THYROID 30 MG PO TABS,$9.81 
VALPROIC ACID 250 MG PO CAPS,$9.80 
HYDROCHLOROTHIAZIDE 12.5 MG PO TABS,$9.79 
MISOPROSTOL 100 MCG PO TABS,$9.79 
NABUMETONE 500 MG PO TABS,$9.79 
CYCLOBENZAPRINE HCL 2.5 MG (1/2 X 5 MG) PO TABS,$9.76 
TORSEMIDE 20 MG PO TABS,$9.76 
XEROFORM PETROLATUM DRESSING EX PADS 1X8,$9.72 
SPIRONOLACTONE 50 MG PO TABS,$9.71 
LEVOTHYROXINE SODIUM 175 MCG OR TABS,$9.62 
LEVOTHYROXINE SODIUM 200 MCG OR TABS,$9.62 
BENZTROPINE MESYLATE 2 MG PO TABS,$9.61 
GLIPIZIDE ER 10 MG PO TB24,$9.61 
ACETAMINOPHEN 80 MG PR SUPP,$9.58 
PHENOBARBITAL 64.8 MG PO TABS,$9.58 
METOPROLOL TARTRATE 100 MG PO TABS,$9.57 
FENOFIBRATE 54 MG PO TABS,$9.48 
LIOTHYRONINE SODIUM 5 MCG PO TABS,$9.48 
CALCIUM ACETATE (PHOS BINDER) 667 MG PO CAPS,$9.46 
CLONAZEPAM 1 MG PO TABS,$9.46 
KETOCONAZOLE 50 MG (1/4 X 200 MG) PO TABS,$9.46 
TRAZODONE HCL 100 MG PO TABS,$9.41 
BUTALBITAL-ASPIRIN-CAFFEINE 50-325-40 MG PO TABS,$9.37 
CAPTOPRIL 6.25 MG (1/2 X 12.5 MG) PO TABS,$9.36 
SULFAMETHOXAZOLE-TRIMETHOPRIM 400-80 MG PO TABS,$9.34 
LIOTHYRONINE SODIUM 12.5 MCG (1/2 X 25 MCG) PO TABS,$9.29 
BUSPIRONE HCL 5 MG PO TABS,$9.28 
BUSPIRONE HCL 5 MG PO TABS,$9.28 
METHIMAZOLE 10 MG PO TABS,$9.25 
OXCARBAZEPINE 75 MG (1/2 X 150 MG) PO TABS,$9.21 
PILOCARPINE HCL 2.5 MG (1/2 X 5 MG) PO TABS,$9.20 
DIGOXIN 250 MCG PO TABS,$9.18 
ALLOPURINOL 300 MG PO TABS,$9.16 
COENZYME Q10 200 MG PO CAPS,$9.16 
FLUPHENAZINE HCL 2.5 MG PO TABS,$9.16 
DESMOPRESSIN ACETATE 0.025 MG (1/4 X 0.1 MG) PO TABS,$9.13 
TOLMETIN SODIUM 200 MG PO TABS,$9.08 
VERAPAMIL HCL 120 MG PO TABS,$9.08 
CLONAZEPAM 0.5 MG PO TABS,$9.07 
FLUDROCORTISONE ACETATE 0.1 MG PO TABS,$9.06 
DEXAMETHASONE 2 MG PO TABS,$9.01 
SELEGILINE HCL 1.25 MG (1/4 X 5 MG) PO TABS,$9.00 
ALPRAZOLAM 0.5 MG PO TABS,$8.97 
TEMAZEPAM 15 MG PO CAPS,$8.94 
TIZANIDINE HCL 2 MG (1/2 X 4 MG) PO TABS,$8.92 
ATENOLOL 25 MG PO TABS,$8.90 
CLINDAMYCIN HCL 150 MG PO CAPS,$8.90 
METHYLPHENIDATE HCL 5 MG PO TABS,$8.90 
CHLORPROMAZINE HCL 12.5 MG (1/2 X 25 MG) PO TABS,$8.88 
SILVER NITRATE-POT NITRATE 75-25 % EX MISC,$8.85 
VERAPAMIL HCL CR 90 MG (1/2 X 180 MG) PO TBCR,$8.80 
LEVETIRACETAM 500 MG PO TABS,$8.79 
IMIPRAMINE HCL 25 MG PO TABS,$8.78 
HYDROMORPHONE HCL 4 MG PO TABS,$8.77 
HYDROMORPHONE HCL 2 MG PO TABS,$8.75 
METHYLPREDNISOLONE 2 MG (1/2 X 4 MG) PO TABS,$8.75 
MECLIZINE HCL 12.5 MG PO TABS,$8.74 
XEROFORM PETROLATUM DRESSING EX PADS 1X8,$8.74 
DIGOXIN 0.0625 MG (1/2 X 0.125 MG) PO TABS,$8.71 
ACETAMINOPHEN 650 MG PR SUPP,$8.67 
THYROID 15 MG PO TABS,$8.65 
TORSEMIDE 10 MG PO TABS,$8.64 
VENLAFAXINE HCL ER 150 MG PO CP24,$8.63 
METFORMIN HCL 500 MG PO TABS,$8.62 
LOSARTAN POTASSIUM 25 MG PO TABS,$8.57 
CEPHALEXIN 250 MG PO CAPS,$8.55 
TO GO CEPHALEXIN #8 250MG CAPS,$8.55 
CHLOROTHIAZIDE 250 MG PO TABS,$8.53 
ATORVASTATIN CALCIUM 40 MG PO TABS,$8.52 
HYDROMORPHONE 1 MG (1/2 X 2 MG) PO TABS,$8.50 
LEVORPHANOL TARTRATE 1 MG (1/2 X 2 MG) PO TABS,$8.50 
NITROGLYCERIN 0.6 MG SL SUBL,$8.46 
TRIMETHOPRIM 100 MG PO TABS,$8.45 
NEOMYCIN SULFATE 250 MG (1/2 X 500 MG) PO TABS,$8.44 
METFORMIN ER 500 MG PO TB24,$8.42 
THEOPHYLLINE 200 MG (1/2 X 400 MG) PO TB24,$8.41 
LEVOTHYROXINE SODIUM 150 MCG OR TABS,$8.40 
LEVOTHYROXINE SODIUM 112 MCG OR TABS,$8.39 
DOXAZOSIN MESYLATE 0.5 MG (1/2 X 1 MG) PO TABS,$8.37 
REPAGLINIDE 0.5 MG PO TABS,$8.37 
WARFARIN SODIUM 5 MG PO TABS,$8.36 
NEPHROCAPS 1 MG PO CAPS,$8.34 
GLIPIZIDE 10 MG PO TABS,$8.31 
CLOZAPINE 12.5 MG (1/2 X 25 MG) PO TABS,$8.25 
DICLOXACILLIN SODIUM 250 MG PO CAPS,$8.24 
SINUS RINSE KIT NA PACK,$8.23 
CARBAMAZEPINE 100 MG PO CHEW,$8.22 
LEVETIRACETAM 62.5 MG (1/4 X 250 MG) PO TABS,$8.22 
LEVOTHYROXINE SODIUM 125 MCG OR TABS,$8.22 
WARFARIN SODIUM 4 MG PO TABS,$8.22 
GLYCOPYRROLATE 0.5 MG (1/2 X 1 MG) PO TABS,$8.20 
MEGESTROL ACETATE 20 MG PO TABS,$8.20 
WARFARIN SODIUM 3 MG PO TABS,$8.20 
LISINOPRIL 2.5 MG PO TABS,$8.19 
ACETAMINOPHEN 325 MG PR SUPP,$8.18 
AZATHIOPRINE 25 MG (1/2 X 50 MG) PO TABS,$8.18 
WARFARIN SODIUM 2.5 MG PO TABS,$8.17 
AMILORIDE HCL 2.5 MG (1/2 X 5 MG) PO TABS,$8.08 
CLORAZEPATE DIPOTASSIUM 1.875 MG (1/2 X 3.75 MG) PO TABS,$8.07 
PHENYTOIN SODIUM EXTENDED 100 MG PO CAPS,$8.06 
PHENOBARBITAL 32.4 MG PO TABS,$8.05 
MAGNESIUM ASPARTATE HCL 1230 MG PO PACK,$8.01 
ALPRAZOLAM 0.25 MG PO TABS,$7.99 
TORSEMIDE 5 MG PO TABS,$7.99 
WARFARIN SODIUM 2 MG PO TABS,$7.99 
CARBIDOPA-LEVODOPA 12.5-50 MG (1/2 X 25-100 MG) PO TABS,$7.98 
HALOPERIDOL 2 MG PO TABS,$7.96 
ATORVASTATIN CALCIUM 10 MG PO TABS,$7.95 
FLUPHENAZINE HCL 1 MG PO TABS,$7.94 
DOXEPIN HCL 10 MG PO CAPS,$7.89 
SOTALOL HCL 10 MG (1/8 X 80 MG) PO TABS,$7.86 
OXYBUTYNIN CHLORIDE 5 MG PO TABS,$7.85 
POTASSIUM CHLORIDE CRYS ER 10 MEQ PO TBCR,$7.83 
HYDROXYCHLOROQUINE SULFATE 100 MG (1/2 X 200 MG) PO TAB,$7.81 
QUINAPRIL HCL 2.5 MG (1/2 X 5 MG) PO TABS,$7.76 
BISOPROLOL FUMARATE 2.5 MG (1/2 X 5 MG) PO TABS,$7.75 
WARFARIN SODIUM 1 MG PO TABS,$7.73 
CARBIDOPA-LEVODOPA 5-50 MG (1/2 X 10-100 MG) PO TABS,$7.72 
DILTIAZEM HCL ER COATED BEADS 240 MG PO CP24,$7.72 
ACETAMINOPHEN 120 MG PR SUPP,$7.71 
AMIODARONE HCL 200 MG PO TABS,$7.71 
CULTURELLE PO CAPS,$7.71 
AQUADEKS PO CAPS,$7.69 
BUPROPION HCL 50 MG (1/2 X 100 MG) PO TABS,$7.67 
CALMOL-4 76-10 % PR SUPP,$7.66 
CARISOPRODOL 350 MG PO TABS,$7.66 
CHLORPROMAZINE HCL 5 MG (1/2 X 10 MG) PO TABS,$7.66 
METFORMIN HCL 425 MG (1/2 X 850 MG) PO TABS,$7.66 
PROSOURCE PO PACK,$7.66 
AQUADEKS PO CHEW,$7.64 
BUPROPION HCL 37.5 MG (1/2 X 75 MG) PO TABS,$7.61 
FOSINOPRIL SODIUM 5 MG (1/2 X 10 MG) PO TABS,$7.61 
ETHAMBUTOL HCL 100 MG PO TABS,$7.58 
OCCULT BLOOD VI STRP,$7.58 
INSULIN PEN NEEDLE 32G X 6 MM MISC,$7.55 
MINOXIDIL 2.5 MG PO TABS,$7.54 
LIOTHYRONINE SODIUM 2.5 MCG (1/2 X 5 MCG) PO TABS,$7.53 
TAMOXIFEN CITRATE 10 MG PO TABS,$7.41 
DEKAS PLUS PO CAPS,$7.37 
LABETALOL HCL 25 MG (1/4 X 100 MG) PO TABS,$7.37 
VERAPAMIL HCL 80 MG PO TABS,$7.37 
LEVOTHYROXINE SODIUM 100 MCG OR TABS,$7.29 
LEVOTHYROXINE SODIUM 88 MCG OR TABS,$7.26 
METOPROLOL SUCCINATE 12.5 MG ( 1/2 X 25 MG) PO TB24,$7.26 
DEKAS PLUS PO CHEW,$7.23 
METRONIDAZOLE 250 MG PO TABS,$7.23 
PINDOLOL 2.5 MG (1/2 X 5 MG) PO TABS,$7.18 
LEVOTHYROXINE SODIUM 75 MCG OR TABS,$7.16 
VENLAFAXINE HCL 18.75 MG (1/4 X 75 MG) PO TABS,$7.14 
DICYCLOMINE HCL 10 MG PO CAPS,$7.12 
DEXMETHYLPHENIDATE HCL 2.5 MG (1/2 X 5 MG) PO TABS,$7.10 
LORATADINE-PSEUDOEPHEDRINE ER 10-240 MG PO TB24,$7.09 
LITHIUM CARBONATE ER 450 MG PO TBCR,$7.06 
HYDRALAZINE HCL 10 MG PO TABS,$7.02 
NAPROXEN 187.5 MG (1/2 X  375 MG) PO TABS,$7.01 
PROMETHAZINE HCL 25 MG PO TABS,$6.95 
AMMONIA AROMATIC IN INHA,$6.94 
ATORVASTATIN CALCIUM 20 MG PO TABS,$6.94 
SPIRONOLACTONE 25 MG PO TABS,$6.92 
POTASSIUM & SODIUM PHOSPHATES 280-160-250 MG PO PACK,$6.91 
OXYCODONE HCL 5 MG PO TABS,$6.84 
HALOPERIDOL 2.5 MG (1/2 X 5 MG) PO TABS,$6.82 
PHENOBARBITAL 16.2 MG PO TABS,$6.80 
HYDRALAZINE HCL 25 MG PO TABS,$6.78 
LEUCOVORIN CALCIUM 1.25 MG (1/4 X 5 MG) PO TABS,$6.77 
INSULIN PEN NEEDLE 29G X 12.7MM MISC,$6.76 
FLECAINIDE ACETATE 12.5 (1/4 X 50 MG) PO TABS,$6.75 
PRIMIDONE 50 MG PO TABS,$6.73 
BENZTROPINE MESYLATE 1 MG PO TABS,$6.72 
LOPERAMIDE HCL 2 MG PO CAPS,$6.72 
PRIMIDONE 125 MG (1/2 X 250 MG) PO TABS,$6.69 
LEVOTHYROXINE SODIUM 50 MCG OR TABS,$6.67 
ISOSORBIDE DINITRATE 2.5 MG (1/2 X 5 MG) PO TABS,$6.64 
PROBENECID 250 MG (1/2 X 500 MG) PO TABS,$6.63 
MEDROXYPROGESTERONE ACETATE 10 MG PO TABS,$6.62 
COENZYME Q-10 100 MG PO CAPS,$6.61 
PROMETHAZINE HCL 12.5 MG PO TABS,$6.61 
INSULIN PEN NEEDLE 31G X 8 MM MISC,$6.51 
LISINOPRIL 5 MG PO TABS,$6.51 
WARFARIN SODIUM 3.75 MG (1/2 X 7.5 MG) PO TABS,$6.50 
DEXAMETHASONE 1.5 MG PO TABS,$6.49 
BENAZEPRIL HCL 5 MG (1/2 X 10 MG) PO TABS,$6.48 
NUTRISOURCE FIBER PO PACK,$6.48 
THEOPHYLLINE ER 225 MG (1/2 X 450 MG) PO TAB TB12,$6.46 
VERAPAMIL HCL CR 60 MG (1/2 X 120 MG) PO TBCR,$6.41 
ENALAPRIL MALEATE 1.25 MG (1/2 X 2.5 MG) PO TABS,$6.40 
LITHIUM CARBONATE ER 300 MG PO TBCR,$6.37 
HALOPERIDOL 1 MG PO TABS,$6.33 
ALBUMIN (URINE) TEST VI STRP,$6.29 
FUROSEMIDE 80 MG PO TABS,$6.23 
OXYBUTYNIN CHLORIDE 5 MG PO TABS,$6.19 
METHIMAZOLE 5 MG PO TABS,$6.17 
NORTRIPTYLINE HCL 10 MG PO CAPS,$6.14 
HYDRALAZINE HCL 50 MG PO TABS,$6.13 
GLYCERIN (LAXATIVE) 1.2 G PR SUPP,$6.12 
NAPROXEN 125 MG (1/2 X 250 MG) PO TABS,$6.12 
LEVOTHYROXINE SODIUM 25 MCG OR TABS,$6.11 
METHADONE HCL 5 MG PO TABS,$6.11 
PROPAFENONE HCL 150 MG PO TABS,$6.11 
GUANFACINE HCL 0.5 MG (1/2 X 1 MG) PO TABS,$6.10 
FAMOTIDINE 5 MG (1/4 X 20 MG) PO TABS,$6.09 
TRAZODONE HCL 50 MG PO TABS,$6.09 
AMOXICILLIN 500 MG PO CAPS,$6.08 
GLYCERIN (LAXATIVE) 2 G PR SUPP,$6.06 
IMIPRAMINE HCL 10 MG PO TABS,$6.04 
CARBIDOPA-LEVODOPA 12.5-125 MG ( 1/2 X 25-250 MG) PO TABS,$6.03 
DILTIAZEM HCL 45 MG (1/2 X 90 MG) PO TABS,$6.03 
CHLORDIAZEPOXIDE HCL 25 MG PO CAPS,$6.02 
INDAPAMIDE 1.25 MG (1/2 X 2.5 MG) PO TABS,$6.01 
HYDROCHLOROTHIAZIDE 12.5 MG PO CAPS,$5.99 
LOSARTAN 6.25 MG (1/4 X 25 MG) PO TABS,$5.95 
PREDNISONE 50 MG PO TABS,$5.93 
CYPROHEPTADINE HCL 1 MG (1/4 X 4 MG) PO TABS,$5.92 
METHYLDOPA 250 MG PO TABS,$5.91 
METOCLOPRAMIDE HCL 5 MG PO TABS,$5.90 
CLOPIDOGREL BISULFATE 75 MG PO TABS,$5.87 
HYDROCHLOROTHIAZIDE 6.25 MG (1/2 X 12.5 MG) PO TABS,$5.87 
MISOPROSTOL 50 MCG (1/2 X 100 MCG) PO TABS,$5.87 
NABUMETONE 250 MG (1/2 X 500 MG) PO TABS,$5.87 
PROPRANOLOL HCL 40 MG PO TABS,$5.85 
BUMETANIDE 1 MG PO TABS,$5.84 
HYDROCODONE-ACETAMINOPHEN 5-325 MG PO TABS,$5.83 
GLIPIZIDE ER 2.5 MG PO TB24,$5.82 
GLIPIZIDE ER 5 MG PO TB24,$5.82 
GLIMEPIRIDE 1 MG PO TABS,$5.77 
INDOMETHACIN 25 MG PO CAPS,$5.77 
ATENOLOL 12.5 MG ( 1/2 X 25 MG) PO TABS,$5.75 
IBUPROFEN 800 MG PO TABS,$5.75 
CHLORDIAZEPOXIDE HCL 10 MG PO CAPS,$5.73 
NICOTINE POLACRILEX 2 MG MT GUM,$5.71 
TRIAMTERENE-HCTZ 37.5-25 MG PO TABS,$5.69 
BACITRACIN-POLYMYXIN B 500-10000 UNIT/GM EX OINT,$5.67 
CAPTOPRIL 3.125 MG (1/4 X 12.5 MG)PO TABS,$5.66 
POTASSIUM CHLORIDE ER 10 MEQ PO TB CR,$5.66 
CARBOXYMETHYLCELL-GLYCERIN PF 0.5-0.9 % OP SOLN,$5.63 
QUINIDINE SULFATE 300 MG PO TABS,$5.63 
BUSPIRONE HCL 2.5 MG (1/2 X 5 MG) PO TABS,$5.61 
ALLOPURINOL 150 MG (1/2 X 300 MG) PO TABS,$5.56 
ESTRADIOL 1 MG PO TABS,$5.56 
SUCRALFATE 1 G PO TABS,$5.56 
ALLOPURINOL 100 MG PO TABS,$5.54 
CLONAZEPAM 0.25 MG (1/2 X 0.5 MG) PO TABS,$5.52 
GLIPIZIDE 5 MG PO TABS,$5.52 
GLYBURIDE MICRONIZED 1.5 MG PO TABS,$5.52 
VERAPAMIL HCL 60 MG (1/2 X 120 MG) PO TABS,$5.52 
FLUDROCORTISONE ACETATE 0.05 MG (1/2 X 0.1 MG) PO TABS,$5.51 
FLUDROCORTISONE ACETATE 0.05 MG (1/2 X 0.1 MG) PO TABS,$5.51 
PROPYLTHIOURACIL 25 MG (1/2 X 50 MG) PO TABS,$5.50 
AMITRIPTYLINE HCL 25 MG PO TABS,$5.43 
METHYLPHENIDATE 2.5 MG (1/2 X 5 MG) PO TABS,$5.43 
TIZANIDINE HCL 1 MG (1/4 X 4 MG) PO TABS,$5.43 
TRIHEXYPHENIDYL HCL 5 MG PO TABS,$5.41 
FOLIC ACID 1 MG PO TABS,$5.38 
PRENATAL 27-1 MG PO TABS,$5.37 
PRENATAL FORMULA 27-1 MG PO TABS,$5.37 
BETHANECHOL CHLORIDE 2.5 MG (1/2 X 5 MG) PO TABS,$5.35 
METHYLPREDNISOLONE 1 MG (1/4 X 4 MG) PO TABS,$5.35 
DICYCLOMINE HCL 20 MG PO TABS,$5.33 
LISINOPRIL 10 MG PO TABS,$5.32 
CHLORDIAZEPOXIDE HCL 5 MG PO CAPS,$5.31 
METFORMIN HCL 250 MG (1/2 X 500 MG) PO TABS,$5.29 
METOPROLOL TARTRATE 50 MG PO TABS,$5.26 
CHLOROTHIAZIDE 125 MG (1/2 X 250) PO TABS,$5.24 
METHADONE HCL 10 MG PO TABS,$5.23 
LEVOTHYROXINE SODIUM 56 MCG (1/2 X 112 MCG) OR TABS,$5.17 
PHENYTOIN 25 MG (1/2 X 50 MG) PO CHEW,$5.17 
REPAGLINIDE 0.25 MG (1/2 X 0.5 MG) PO TABS,$5.17 
SULFAMETHOXAZOLE-TRIMETHOPRIM 200-40 MG (1/2 X 400-80 MG) PO TABS,$5.12 
METHADONE HCL 40 MG PO TBSO,$5.11 
LEVOTHYROXINE SODIUM 62.5 MCG (1/2 X 125 MCG) OR TABS,$5.08 
MEGESTROL ACETATE 10 MG (1/2 X 20 MG) PO TABS,$5.08 
WARFARIN SODIUM 1.5 MG (1/2 X 3 MG) PO TABS,$5.08 
AZATHIOPRINE 12.5 MG (1/4 X 50 MG) PO TABS,$5.07 
GLYCOPYRROLATE 0.25 MG (1/4 X 1 MG) PO TABS,$5.07 
LISINOPRIL 1.25 MG (1/2 X 2.5 MG) PO TABS,$5.07 
WARFARIN SODIUM 1.25 MG (1/2 X 2.5 MG) PO TABS,$5.06 
HALOPERIDOL 0.5 MG PO TABS,$5.05 
ACETONE (URINE) TEST VI TABS,$5.03 
CLONIDINE HCL 0.2 MG PO TABS,$5.03 
CARBAMAZEPINE 50 MG (1/2 X 100 MG) PO CHEW,$4.99 
ALPRAZOLAM 0.125 MG (1/2 X 0.25 MG) PO TABS,$4.98 
PROPRANOLOL HCL 10 MG PO TABS,$4.98 
HYDROXYZINE HCL 5 MG ( 1/2 X 10 MG) PO TABS,$4.97 
POLYVINYL ALCOHOL-POVIDONE PF 1.4-0.6 % OP SOLN,$4.96 
ATORVASTATIN CALCIUM 5 MG (1/2 X 10 MG) PO TABS,$4.95 
MEDROXYPROGESTERONE ACETATE 2.5 MG PO TABS,$4.93 
BISOPROLOL 1.25 MG (1/4 X 5 MG) PO TAB,$4.90 
OXYBUTYNIN CHLORIDE 2.5 MG (1/2 X 5 MG) PO TABS,$4.90 
GLYBURIDE 2.5 MG PO TABS,$4.86 
IBUPROFEN 600 MG PO TABS,$4.85 
DILTIAZEM HCL 30 MG PO TABS,$4.84 
WARFARIN SODIUM 0.5 MG (1/2 X 1MG) PO TABS,$4.84 
CARBIDOPA-LEVODOPA 2.5-25 MG (1/4 X 10-100 MG) PO TABS,$4.83 
CARBIDOPA-LEVODOPA 6.25-25 MG (1/4 X 25-100) PO TABS,$4.83 
POTASSIUM BICARBONATE 25 MEQ PO TBEF,$4.83 
AMITRIPTYLINE HCL 10 MG PO TABS,$4.82 
BUPROPION HCL 25 MG (1/4 X 100 MG) PO TABS,$4.81 
CARISOPRODOL 175 MG (1/2 X 350 MG) PO TABS,$4.80 
FAMOTIDINE 10 MG PO TABS,$4.80 
AQUADEK 1/2 PO CHEW,$4.79 
CARBIDOPA-LEVODOPA 12.5-50 MG (1/2 X 25-100 MG) PO TABS,$4.79 
FOSINOPRIL SODIUM 2.5 MG (1/4 X 10 MG) PO TABS,$4.78 
ETHAMBUTOL HCL 50 MG (1/2 X 100 MG) PO TAB,$4.77 
DOCUSATE SODIUM 50 MG PO CAPS,$4.75 
MINOXIDIL 1.25 MG (1/2 X 2.5 MG) PO TABS,$4.75 
TAMOXIFEN CITRATE 5 MG (1/2 X 10 MG) PO TABS,$4.68 
HYDROXYZINE HCL 10 MG PO TABS,$4.66 
PREDNISONE 20 MG PO TABS,$4.66 
METOPROLOL TARTRATE 25 MG PO TABS,$4.61 
HYDROCORTISONE 2.5 MG (1/2 X 5 MG) PO TABS,$4.60 
LEVOTHYROXINE SODIUM 44 MCG (1/2 X 88 MCG) OR TABS,$4.60 
METOPROLOL SUCCINATE 6.25 MG (1/4 X 25 MG) PO TB24,$4.60 
BACITRACIN-NEOMYCIN-POLYMYXIN 400-5-5000 EX OINT,$4.59 
METRONIDAZOLE 125 MG (1/2 X 250 MG) PO TABS,$4.59 
CHLORTHALIDONE 12.5 MG (1/2 X 25 MG) PO TABS,$4.58 
VERAPAMIL HCL 40 MG PO TABS,$4.58 
GLYBURIDE 1.25 MG PO TABS,$4.57 
PROPRANOLOL HCL 20 MG PO TABS,$4.53 
LITHIUM CARBONATE 225 MG (1/2 X 450 MG) PO TBCR,$4.51 
PREDNISONE 10 MG PO TABS,$4.49 
DEXAMETHASONE 0.75 MG PO TABS,$4.48 
OXYCODONE HCL 2.5MG (1/2 X 5 MG) TAB,$4.40 
PHENOBARBITAL 48.6 MG (1/2 X 97.2 MG) PO TABS,$4.39 
HYDRALAZINE HCL 12.5 MG (1/2 X 25 MG) PO TABS,$4.37 
PHENAZOPYRIDINE HCL 50 MG (1/2 X 100 MG) PO TABS,$4.37 
PREDNISONE 1 MG PO TABS,$4.36 
AMOXICILLIN 250 MG PO CAPS,$4.32 
ATENOLOL 50 MG PO TABS,$4.31 
LEVOTHYROXINE SODIUM 37.5 MCG (1/2 X 75 MCG) OR TABS,$4.30 
MEDROXYPROGESTERONE ACETATE 5 MG (1/2 X 10 MG) PO TAB,$4.29 
SIMVASTATIN 5 MG PO TABS,$4.29 
SULFASALAZINE 500 MG PO TABS,$4.26 
BENAZEPRIL HCL 2.5 MG (1/4 X 10 MG) PO TABS,$4.21 
CLONIDINE HCL 0.1 MG PO TABS,$4.19 
GLUCOSE 4 G PO CHEW,$4.17 
CARBAMAZEPINE 100 MG (1/2 X 200 MG) PO TABS,$4.14 
DOXYLAMINE SUCCINATE (SLEEP) 25 MG PO TABS,$4.12 
TRIAMTERENE-HCTZ 18.75-12.5 MG (1/4 X 75-50 MG) PO TABS,$4.12 
DILTIAZEM HCL 15 MG (1/2 X 30 MG) PO TABS,$4.09 
METHIMAZOLE 2.5 MG ( 1/2 X 5 MG) PO TAB,$4.06 
BACLOFEN 5 MG (1/2 X 10 MG) PO TABS,$4.04 
DIAZEPAM 5 MG PO TABS,$4.04 
PROPAFENONE HCL 75 MG (1/2 X 150 MG) PO TABS,$4.03 
TRAZODONE HCL 25 MG (1/2 X 50 MG) PO TABS,$4.02 
IBUPROFEN 400 MG PO TABS,$4.00 
CARBIDOPA-LEVODOPA 6.25-62.5 MG (1/4 X 25-250 MG) PO TAB,$3.99 
SPIRONOLACTONE 12.5 MG (1/2 X 25 MG) PO TABS,$3.99 
GABAPENTIN 400 MG PO CAPS,$3.97 
FUROSEMIDE 20 MG PO TABS,$3.94 
METHYLDOPA 125 MG (1/2 X 250 MG) PO TABS,$3.93 
METOCLOPRAMIDE HCL 2.5 MG (1/2 X 5 MG) PO TABS,$3.93 
PREDNISONE 5 MG PO TABS,$3.92 
THEOPHYLLINE ER 150 MG (1/2 X 300 MG) PO TAB TB12,$3.92 
CLOPIDOGREL BISULFATE 37.5 MG (1/2 X 75 MG) PO TABS,$3.91 
HYDRALAZINE HCL 5 MG (1/2 X 10 MG) PO TABS,$3.91 
HYDROCHLOROTHIAZIDE 3.125 MG (1/4 X 12.5 MG) PO TABS,$3.91 
MISOPROSTOL 25 MCG (1/4 X 100 MCG) PO TABS,$3.91 
DIPHENHYDRAMINE HCL 25 MG PO TABS,$3.87 
GLIMEPIRIDE 0.5 MG (1/2 X 1 MG) PO TABS,$3.87 
QUINIDINE SULFATE 200 MG PO TABS,$3.86 
SERTRALINE HCL 12.5 MG (1/2 X 25 MG) PO TABS,$3.86 
ATENOLOL 6.25 MG (1/4 X 25 MG) PO TABS,$3.85 
LEVOTHYROXINE SODIUM 12.5 MCG (1/2 X 25 MCG) OR TABS,$3.82 
BENZTROPINE MESYLATE 0.25 MG (1/2 X 0.5 MG) PO TABS,$3.80 
ICAPS LUTEIN & ZEAXANTHIN PO TBEC,$3.80 
METHADONE HCL 2.5 MG ( 1/2 X 5 MG) PO TABS,$3.79 
BUSPIRONE HCL 1.25 (1/4 X 5 MG) PO TABS,$3.78 
ALLOPURINOL 75 MG (1/4 X 300 MG) PO TABS,$3.76 
ESTRADIOL 0.5 MG (1/2 X 1 MG) PO TABS,$3.76 
SUCRALFATE 500 MG (1/2 X 1 GM) PO TABS,$3.76 
LITHIUM CARBONATE 300 MG PO CAPS,$3.75 
FLUORESCEIN SODIUM 1 MG OP STRP,$3.74 
GLYBURIDE MICRONIZED 0.75 MG (1/2 X 1.5 MG) PO TABS,$3.74 
LITHIUM CARBONATE 150 MG PO CAPS,$3.74 
CLONAZEPAM 0.125 MG (1/4 X 0.5 MG) PO TABS,$3.73 
FLUDROCORTISONE ACETATE 0.025 MG (1/4 X 0.1 MG) PO TABS,$3.73 
GLIPIZIDE 2.5 MG (1/2 X 5 MG) PO  TABS,$3.73 
PROPYLTHIOURACIL 12.5 MG (1/4 X 50 MG) PO TABS,$3.73 
GABAPENTIN 300 MG PO CAPS,$3.72 
DEXAMETHASONE 0.375 MG (1/2 X 0.75 MG) PO TABS,$3.70 
AMITRIPTYLINE HCL 12.5 MG (1/2 X 25 MG) PO TABS,$3.69 
TRIHEXYPHENIDYL HCL 2 MG PO TABS,$3.69 
TRIHEXYPHENIDYL HCL 2.5 MG (1/2 X 5 MG) PO TABS,$3.68 
FOLIC ACID 0.5 MG (1/2 X 1 MG) PO TABS,$3.67 
PREDNISONE 2.5 MG PO TABS,$3.67 
BISACODYL 10 MG PR SUPP,$3.66 
HYDROMORPHONE 0.5 MG (1/4 X 2 MG) PO TABS,$3.65 
METFORMIN HCL 125 MG (1/4 X 500 MG) PO TABS,$3.62 
SULFAMETHOXAZOLE-TRIMETHOPRIM 100-20 MG (1/4 X 400-80 MG) PO TABS,$3.53 
HYDROCHLOROTHIAZIDE 50 MG PO TABS,$3.52 
MORPHINE SULFATE 7.5 (1/2 X 15 MG) PO TABS,$3.52 
HALOPERIDOL 0.25 MG (1/2 X 0.5 MG) PO TABS,$3.50 
MECLIZINE HCL 6.25 MG (1/2 X 12.5 MG) PO TABS,$3.50 
CARBAMAZEPINE 25 MG (1/4 X 100 MG) PO CHEW,$3.47 
HYDROXYZINE HCL 2.5 MG (1/4 X 10 MG) PO TABS,$3.46 
OXYBUTYNIN CHLORIDE 1.25 MG (1/4 X 5 MG) PO TABS,$3.43 
IBUPROFEN 300 MG (1/2 X 600 MG) PO TABS,$3.41 
WARFARIN SODIUM 0.25 MG (1/4 X 1 MG) PO TABS,$3.40 
LORATADINE 5 MG (1/2 X 10 MG) PO TABS,$3.39 
CARISOPRODOL 87.5 MG (1/4 X 350MG) PO TAB,$3.38 
FLUORESCEIN SODIUM 0.6 MG OP STRP,$3.38 
HYDROCHLOROTHIAZIDE 25 MG PO TABS,$3.36 
MINOXIDIL 0.625 MG (1/4 X 2.5 MG) PO TABS,$3.35 
BUMETANIDE 0.25 MG (1/2 X 0.5 MG) PO TABS,$3.33 
MAGNESIUM CHLORIDE 64 MG PO TBEC,$3.32 
TAMOXIFEN CITRATE 2.5 MG (1/4 X 10 MG) PO TABS,$3.32 
GABAPENTIN 100 MG PO CAPS,$3.29 
HYDROCORTISONE 1.25 MG (1/4 X 5 MG) PO TABS,$3.28 
METOPROLOL TARTRATE 12.5 MG ( 1/2 X 25 MG)  PO TABS,$3.28 
METRONIDAZOLE 62.5 MG (1/4 X 250 MG) PO TABS,$3.27 
CHLORTHALIDONE 6.25 MG (1/4 X 25 MG) PO TABS,$3.26 
DEXAMETHASONE 0.5 MG PO TABS,$3.26 
GLYBURIDE 0.625 MG (1/2 X 1.25 MG) PO TABS,$3.26 
LEVETIRACETAM 125 MG (1/2 X 250 MG) PO TABS,$3.26 
VERAPAMIL HCL 20 MG (1/2 X 40 MG) PO TABS,$3.26 
PROPRANOLOL HCL 5 MG (1/2 X 10 MG) PO TABS,$3.25 
FUROSEMIDE 40 MG PO TABS,$3.21 
PHENOBARBITAL 24.3 MG (1/4 X 97.2 MG) PO TABS,$3.17 
SULFASALAZINE 250 MG (1/2 X 500 MG) PO TABS,$3.17 
ISONIAZID 150 MG (1/2 X 300 MG) PO TABS,$3.16 
PREDNISONE 0.5 MG (1/2 X 1 MG) PO TABS,$3.16 
DIAZEPAM 2 MG PO TABS,$3.15 
PRIMIDONE 12.5 MG (1/4 X 50 MG) PO TABS,$3.15 
GLYCERIN (LAXATIVE) 1 G PR SUPP,$3.14 
LEVOTHYROXINE SODIUM 18.75 MCG (1/4 X 75 MCG) OR TABS,$3.12 
SIMVASTATIN 2.5 MG (1/2 X 5 MG) PO TABS,$3.12 
GLUCOSE 4 G PO CHEW,$3.09 
TRUEPLUS GLUCOSE PO CHEW,$3.09 
CLONIDINE HCL 0.05 MG (1/2 X 0.1 MG) PO TABS,$3.07 
ZINC SULFATE 220 (50 ZN) MG PO CAPS,$3.06 
CAFFEINE 200 MG PO TABS,$3.04 
DOXYLAMINE SUCCINATE (SLEEP) 12.5 MG (1/2 X 25 MG) PO TABS,$3.04 
DILTIAZEM HCL 7.5 MG (1/4 X 30 MG) PO TABS,$3.03 
ALLOPURINOL 50 MG (1/2 X 100 MG) PO TABS,$3.02 
BACLOFEN 2.5 MG (1/4 X 10 MG) PO TABS,$3.00 
DIAZEPAM 2.5 MG (1/2 X 5 MG) PO TABS,$3.00 
LORAZEPAM 1 MG PO TABS,$3.00 
VITAMIN E 400 UNITS PO CAPS,$3.00 
PHENOBARBITAL 8.1 MG (1/2 X 16.2 MG) PO TABS,$2.99 
TRAZODONE HCL 12.5 MG (1/4 X 50 MG) PO TABS,$2.99 
SPIRONOLACTONE 6.25 MG (1/4 X 25 MG) PO TABS,$2.97 
THERAPEUTIC-M PO TABS,$2.97 
PYRIDOXINE HCL 50 MG PO TABS,$2.96 
DEXAMETHASONE 0.25 MG (1/2 X 0.5 MG) PO TABS,$2.94 
METOCLOPRAMIDE HCL 1.25 MG (1/4 X 5 MG) PO TABS,$2.94 
CLOPIDOGREL BISULFATE 18.75 MG (1/4 X 75 MG) PO TABS,$2.93 
HYDRALAZINE HCL 2.5 MG (1/4 X 10 MG) PO TABS,$2.93 
PROPRANOLOL HCL 2.5 MG (1/4 X 10 MG) PO TABS,$2.92 
QUINIDINE SULFATE 100 MG (1/2 X 200 MG) PO TABS,$2.91 
SUCRALFATE 250 MG (1/4 X 1 GM) PO TABS,$2.90 
COPPER GLUCONATE 2 MG PO CAPS,$2.89 
LACTASE 3000 UNITS PO TABS,$2.88 
BENZTROPINE MESYLATE 0.125 MG (1/4 X 0.5 MG) PO TABS,$2.87 
ASPIRIN 81 MG PO CHEW,$2.85 
ESTRADIOL 0.25 MG (1/4 X 1 MG) PO TABS,$2.85 
GLIPIZIDE 1.25 MG (1/4 X 5 MG) PO TABS,$2.84 
THIAMINE HCL 100 MG PO TABS,$2.84 
TUCKS 50 % EX PADS,$2.84 
TRIHEXYPHENIDYL HCL 1 MG (1/2 X 2 MG) PO TABS,$2.83 
CALCIUM CARBONATE 1250 (500 CA) MG PO TABS,$2.82 
LORAZEPAM 0.5 MG PO TABS,$2.82 
FOLIC ACID 0.25 MG (1/4 X 1 MG) PO TABS,$2.81 
AMITRIPTYLINE HCL 5 MG (1/2 X 10 MG) PO TABS,$2.80 
VITAMIN B-2 100 MG PO TABS,$2.79 
TRAMADOL HCL 50 MG PO TABS,$2.77 
HYDROCHLOROTHIAZIDE 25 MG PO TABS,$2.76 
DIPHENHYDRAMINE HCL 25 MG PO CAPS,$2.74 
MELATONIN 3 MG PO TABS,$2.74 
MENTHOL 9.1 MG MT LOZG,$2.74 
MECLIZINE HCL 3.125 MG (1/4 X 12.5 MG) PO TABS,$2.73 
FUROSEMIDE 10 MG (1/2 X 20 MG) PO TABS,$2.72 
SENNOSIDES 8.6 MG PO TABS,$2.68 
ACETAMINOPHEN 80 MG PO CHEW,$2.66 
SODIUM CHLORIDE 1 G PO TABS,$2.66 
BUMETANIDE 0.125 MG (1/4 X 0.5 MG) PO TABS,$2.65 
BISACODYL 5 MG PO TBEC,$2.63 
METOPROLOL TARTRATE 6.25 MG (1/4 X 25 MG) PO TABS,$2.62 
VERAPAMIL HCL 10 MG (1/4 X 40 MG) PO TABS,$2.61 
IBUPROFEN 200 MG PO TABS,$2.60 
FERROUS SULFATE 325 (65 FE) MG PO TABS,$2.59 
CEROVITE JR 60 MG PO CHEW,$2.56 
SULFASALAZINE 125 MG (1/4 X 500 MG) PO TABS,$2.56 
CHLORPHENIRAMINE MALEATE 4 MG PO TABS,$2.55 
DIAZEPAM 1 MG (1/2 X 2 MG) PO TABS,$2.55 
PREDNISONE 0.25 MG (1/4 X 1 MG) PO TABS,$2.55 
SIMETHICONE 80 MG PO CHEW,$2.55 
VITAMIN B-2 100 MG PO TABS,$2.54 
MULTI-VITAMINS PO TABS,$2.52 
CALCIUM CARBONATE ANTACID 750 MG PO CHEW,$2.51 
CLONIDINE HCL 0.025 MG (1/4 X 0.1 MG) PO TABS,$2.51 
OMEGA-3 FISH OIL 1000 MG PO CAPS,$2.51 
VITAMIN D3 1000 UNITS PO TABS,$2.49 
ALLOPURINOL 25 MG (1/4 X 100 MG) PO TABS,$2.48 
CAFFEINE 100 MG (1/2 X 200 MG) PO TABS,$2.48 
ACETAMINOPHEN 325 MG PO TABS,$2.47 
SODIUM BICARBONATE 650 MG PO TABS,$2.47 
MENTHOL 3 MG MT LOZG,$2.46 
B-COMPLEX/VITAMIN C PO TABS,$2.45 
CHILDRENS CHEWABLE VITAMINS PO CHEW,$2.45 
DEXAMETHASONE 0.125 MG (1/4 X .5 MG) PO TAB,$2.45 
MELATONIN 1 MG PO TABS,$2.45 
SENNOSIDES-DOCUSATE SODIUM 8.6-50 MG PO TABS,$2.43 
SODIUM BICARBONATE 325 MG PO TABS,$2.43 
LACTASE 1500 UNIT (1/2 X 3000 UNIT) PO TABS,$2.42 
PSEUDOEPHEDRINE HCL 60 MG PO TABS,$2.42 
SELENIUM 50 MCG PO TABS,$2.40 
VITAMIN C 500 MG PO TABS,$2.40 
LORAZEPAM 0.125 MG (1/4 X 0.5 MG) PO TABS,$2.39 
LORAZEPAM 0.25 MG (1/2 X 0.5 MG) PO TABS,$2.39 
TRIHEXYPHENIDYL HCL .5 MG (1/4 X 2 MG) PO TABS,$2.39 
AMITRIPTYLINE HCL 2.5 MG (1/4 X 10 MG) PO TABS,$2.38 
DOCUSATE SODIUM 100 MG PO CAPS,$2.37 
VITAMIN B-2 50 MG (1/2 X 100 MG) PO TABS,$2.37 
TRAMADOL 25 MG (1/2 X 50MG) PO TABS,$2.36 
ZINC 50 MG PO TABS,$2.36 
FUROSEMIDE 5 MG (1/4 X 20 MG) PO TABS,$2.33 
ASPIRIN 40.5 MG (1/2 X 81 MG) PO CHEW,$2.32 
ZINC PO LOZG,$2.32 
DIMENHYDRINATE 50 MG PO TABS,$2.30 
VITAMIN A 10000 UNITS PO CAPS,$2.30 
FOLIC ACID 400 MCG PO TABS,$2.29 
VITAMIN B-12 500 MCG PO TABS,$2.29 
IBUPROFEN 100 MG (1/2 X 200 MG) PO TABS,$2.27 
OMEGA-3 FISH OIL 1000 MG PO CAPS,$2.27 
PYRIDOXINE HCL 25 MG PO TABS,$2.27 
DIAZEPAM 0.5 MG (1/4 X 2 MG) PO TABS,$2.26 
SIMETHICONE 40 MG (1/2 X 80 MG) PO CHEW,$2.26 
VITAMIN B-6 100 MG PO TABS,$2.26 
PSEUDOEPHEDRINE HCL 30 MG PO TABS,$2.25 
VITAMIN E 100 UNITS PO CAPS,$2.25 
CALCIUM CARBONATE-VITAMIN D 500-200 MG-UNIT PO TABS,$2.24 
VITAMIN C 250 MG PO TABS,$2.24 
CALCIUM CARBONATE ANTACID 375 MG (1/2 X 750 MG) PO CHEW,$2.23 
CARBAMAZEPINE 50 MG (1/4 X 200 MG) PO TABS,$2.23 
ASPIRIN 325 MG PO TABS,$2.22 
ASPIRIN EC 325 MG PO TBEC,$2.21 
MELATONIN 0.5 MG (1/2 X 1 MG) PO TABS,$2.21 
NIACIN 100 MG PO TABS,$2.20 
NIACIN 50 MG (1/2 X 100 MG) PO TABS,$2.20 
VITAMIN B-12 50 MCG (1/2 X 100MCG) PO TABS,$2.20 
SODIUM BICARBONATE 162.5 MG (1/2 X 325 MG) PO TABS,$2.19 
SODIUM CHLORIDE 500 MG (1/2 X 1 GM) PO TABS,$2.19 
ASPIRIN 20 MG (1/4 X 81 MG) PO CHEW,$2.18 
VITAMIN B-12 100 MCG PO TABS,$2.17 
TRAMADOL HCL 12.5 MG (1/4 X 50 MG) PO TABS,$2.16 
VITAMIN B-1 50 MG PO TABS,$2.16 
ZINC GLUCONATE 25 MG (1/2 X 50 MG) PO TABS,$2.16 
SELENIUM 100 MCG (1/2 X 200 MCG) PO TABS,$2.14 
VITAMIN B-2 25 MG (1/4 X 100 MG) PO TABS,$2.14 
MULTI-VITAMINS PO TABS,$2.13 
MULTI-VITAMINS PO TABS,$2.13 
DIMENHYDRINATE 25 MG (1/2 X 50 MG) PO TAB,$2.12 
FOLIC ACID 200 MCG (1/2 X 400 MCG) PO TABS,$2.12 
VITAMIN B-12 250 (1/2 X 500 MCG) PO TABS,$2.12 
ZINC GLUCONATE 25 MG (1/2 X 50 MG) PO TABS,$2.11 
SIMETHICONE 20 MG (1/4 X 80 MG) PO CHEW,$2.10 
CALCIUM CARBONATE ANTACID 187.5 MG (1/4 X 750 MG) PO TABS,$2.09 
ASPIRIN 162.5 MG (1/2 X 325 MG) PO TABS,$2.08 
ASPIRIN EC 81 MG PO TBEC,$2.08 
VITAMIN C 125 MG (1/2 X 250 MG) PO TABS,$2.08 
MELATONIN 0.25 MG (1/4 X 1 MG) PO TABS,$2.07 
NIACIN 50 MG (1/2 X 100 MG) PO TABS,$2.07 
SODIUM CHLORIDE 250 MG (1/4 X 1 GM) PO TABS,$2.07 
VITAMIN B-12 25 MCG (1/4 X 100 MCG) PO TAB,$2.07 
VITAMIN B-1 25 MG (1/2 X 50 MG) PO TABS,$2.06 
FOLIC ACID 100 MCG (1/4 X 400 MCG) PO TABS,$2.04 
ZINC GLUCONATE 12.5 MG (1/4 X 50 MG) PO TABS,$2.03 
